Analysis & Synthesis report for yscore
Sun Sep  6 22:20:52 2026
Quartus Prime Version 25.1std.0 Build 1129 10/21/2025 SC Lite Edition


---------------------
; Table of Contents ;
---------------------
  1. Legal Notice
  2. Analysis & Synthesis Summary
  3. Analysis & Synthesis Settings
  4. Parallel Compilation
  5. Analysis & Synthesis Source Files Read
  6. Analysis & Synthesis Resource Usage Summary
  7. Analysis & Synthesis Resource Utilization by Entity
  8. Analysis & Synthesis RAM Summary
  9. State Machine - |top|core_ctl:u_core_ctl|core_perips:u_core_perips|axil_uart:u_axil_uart|rx_state
 10. State Machine - |top|core_ctl:u_core_ctl|core_perips:u_core_perips|axil_uart:u_axil_uart|tx_state
 11. State Machine - |top|core_ctl:u_core_ctl|core_perips:u_core_perips|axil_master:u_axil_master|state
 12. Registers Removed During Synthesis
 13. Removed Registers Triggering Further Register Optimizations
 14. General Register Statistics
 15. Inverted Register Statistics
 16. Registers Packed Into Inferred Megafunctions
 17. Multiplexer Restructuring Statistics (Restructuring Performed)
 18. Source assignments for core_ctl:u_core_ctl|core_if:u_core_if|altsyncram:ins_mem_rtl_0|altsyncram_sr81:auto_generated
 19. Source assignments for core_ctl:u_core_ctl|core_perips:u_core_perips|mem_ctl:mem|mem_cell:u_cell3|altsyncram:memory_rtl_0|altsyncram_j3f1:auto_generated
 20. Source assignments for core_ctl:u_core_ctl|core_perips:u_core_perips|mem_ctl:mem|mem_cell:u_cell2|altsyncram:memory_rtl_0|altsyncram_lte1:auto_generated
 21. Source assignments for core_ctl:u_core_ctl|core_perips:u_core_perips|mem_ctl:mem|mem_cell:u_cell1|altsyncram:memory_rtl_0|altsyncram_3ve1:auto_generated
 22. Source assignments for core_ctl:u_core_ctl|core_perips:u_core_perips|mem_ctl:mem|mem_cell:u_cell0|altsyncram:memory_rtl_0|altsyncram_gqe1:auto_generated
 23. Source assignments for core_ctl:u_core_ctl|core_perips:u_core_perips|mem_ctl:mem|mem_cell:u_cell3|altsyncram:memory_rtl_0|altsyncram_j3f1:auto_generated|altsyncram:ram_block1a0|altsyncram_5na3:auto_generated
 24. Source assignments for core_ctl:u_core_ctl|core_perips:u_core_perips|mem_ctl:mem|mem_cell:u_cell2|altsyncram:memory_rtl_0|altsyncram_lte1:auto_generated|altsyncram:ram_block1a0|altsyncram_7ha3:auto_generated
 25. Source assignments for core_ctl:u_core_ctl|core_perips:u_core_perips|mem_ctl:mem|mem_cell:u_cell1|altsyncram:memory_rtl_0|altsyncram_3ve1:auto_generated|altsyncram:ram_block1a0|altsyncram_kia3:auto_generated
 26. Source assignments for core_ctl:u_core_ctl|core_perips:u_core_perips|mem_ctl:mem|mem_cell:u_cell0|altsyncram:memory_rtl_0|altsyncram_gqe1:auto_generated|altsyncram:ram_block1a0|altsyncram_2ea3:auto_generated
 27. Source assignments for core_ctl:u_core_ctl|core_if:u_core_if|altsyncram:ins_mem_rtl_0|altsyncram_sr81:auto_generated|altsyncram:ram_block1a0|altsyncram_hr93:auto_generated
 28. Parameter Settings for User Entity Instance: core_ctl:u_core_ctl|core_perips:u_core_perips|mem_ctl:mem
 29. Parameter Settings for User Entity Instance: core_ctl:u_core_ctl|core_perips:u_core_perips|mem_ctl:mem|mem_cell:u_cell0
 30. Parameter Settings for User Entity Instance: core_ctl:u_core_ctl|core_perips:u_core_perips|mem_ctl:mem|mem_cell:u_cell1
 31. Parameter Settings for User Entity Instance: core_ctl:u_core_ctl|core_perips:u_core_perips|mem_ctl:mem|mem_cell:u_cell2
 32. Parameter Settings for User Entity Instance: core_ctl:u_core_ctl|core_perips:u_core_perips|mem_ctl:mem|mem_cell:u_cell3
 33. Parameter Settings for User Entity Instance: core_ctl:u_core_ctl|core_perips:u_core_perips|axil_master:u_axil_master
 34. Parameter Settings for User Entity Instance: core_ctl:u_core_ctl|core_perips:u_core_perips|axil_uart:u_axil_uart
 35. Parameter Settings for User Entity Instance: core_ctl:u_core_ctl|core_perips:u_core_perips|axil_gpio:u_axil_gpio
 36. Parameter Settings for Inferred Entity Instance: core_ctl:u_core_ctl|core_if:u_core_if|altsyncram:ins_mem_rtl_0
 37. Parameter Settings for Inferred Entity Instance: core_ctl:u_core_ctl|core_perips:u_core_perips|mem_ctl:mem|mem_cell:u_cell3|altsyncram:memory_rtl_0
 38. Parameter Settings for Inferred Entity Instance: core_ctl:u_core_ctl|core_perips:u_core_perips|mem_ctl:mem|mem_cell:u_cell2|altsyncram:memory_rtl_0
 39. Parameter Settings for Inferred Entity Instance: core_ctl:u_core_ctl|core_perips:u_core_perips|mem_ctl:mem|mem_cell:u_cell1|altsyncram:memory_rtl_0
 40. Parameter Settings for Inferred Entity Instance: core_ctl:u_core_ctl|core_perips:u_core_perips|mem_ctl:mem|mem_cell:u_cell0|altsyncram:memory_rtl_0
 41. Parameter Settings for Inferred Entity Instance: core_ctl:u_core_ctl|core_perips:u_core_perips|mem_ctl:mem|mem_cell:u_cell3|altsyncram:memory_rtl_0|altsyncram_j3f1:auto_generated|altsyncram:ram_block1a0
 42. Parameter Settings for Inferred Entity Instance: core_ctl:u_core_ctl|core_perips:u_core_perips|mem_ctl:mem|mem_cell:u_cell2|altsyncram:memory_rtl_0|altsyncram_lte1:auto_generated|altsyncram:ram_block1a0
 43. Parameter Settings for Inferred Entity Instance: core_ctl:u_core_ctl|core_perips:u_core_perips|mem_ctl:mem|mem_cell:u_cell1|altsyncram:memory_rtl_0|altsyncram_3ve1:auto_generated|altsyncram:ram_block1a0
 44. Parameter Settings for Inferred Entity Instance: core_ctl:u_core_ctl|core_perips:u_core_perips|mem_ctl:mem|mem_cell:u_cell0|altsyncram:memory_rtl_0|altsyncram_gqe1:auto_generated|altsyncram:ram_block1a0
 45. Parameter Settings for Inferred Entity Instance: core_ctl:u_core_ctl|core_if:u_core_if|altsyncram:ins_mem_rtl_0|altsyncram_sr81:auto_generated|altsyncram:ram_block1a0
 46. altsyncram Parameter Settings by Entity Instance
 47. Port Connectivity Checks: "core_ctl:u_core_ctl|core_perips:u_core_perips|axil_gpio:u_axil_gpio"
 48. Port Connectivity Checks: "core_ctl:u_core_ctl|core_perips:u_core_perips|axil_uart:u_axil_uart"
 49. Port Connectivity Checks: "core_ctl:u_core_ctl|core_perips:u_core_perips|axil_master:u_axil_master"
 50. Port Connectivity Checks: "core_ctl:u_core_ctl|core_perips:u_core_perips"
 51. Post-Synthesis Netlist Statistics for Top Partition
 52. Elapsed Time Per Partition
 53. Analysis & Synthesis Messages
 54. Analysis & Synthesis Suppressed Messages



----------------
; Legal Notice ;
----------------
Copyright (C) 2025  Altera Corporation. All rights reserved.
Your use of Altera Corporation's design tools, logic functions 
and other software and tools, and any partner logic 
functions, and any output files from any of the foregoing 
(including device programming or simulation files), and any 
associated documentation or information are expressly subject 
to the terms and conditions of the Altera Program License 
Subscription Agreement, the Altera Quartus Prime License Agreement,
the Altera IP License Agreement, or other applicable license
agreement, including, without limitation, that your use is for
the sole purpose of programming logic devices manufactured by
Altera and sold by Altera or its authorized distributors.  Please
refer to the Altera Software License Subscription Agreements 
on the Quartus Prime software download page.



+--------------------------------------------------------------------------------------+
; Analysis & Synthesis Summary                                                         ;
+------------------------------------+-------------------------------------------------+
; Analysis & Synthesis Status        ; Successful - Sun Sep  6 22:20:52 2026           ;
; Quartus Prime Version              ; 25.1std.0 Build 1129 10/21/2025 SC Lite Edition ;
; Revision Name                      ; yscore                                          ;
; Top-level Entity Name              ; top                                             ;
; Family                             ; Cyclone IV E                                    ;
; Total logic elements               ; 6,049                                           ;
;     Total combinational functions  ; 4,450                                           ;
;     Dedicated logic registers      ; 2,481                                           ;
; Total registers                    ; 2481                                            ;
; Total pins                         ; 8                                               ;
; Total virtual pins                 ; 0                                               ;
; Total memory bits                  ; 344,064                                         ;
; Embedded Multiplier 9-bit elements ; 0                                               ;
; Total PLLs                         ; 0                                               ;
+------------------------------------+-------------------------------------------------+


+------------------------------------------------------------------------------------------------------------+
; Analysis & Synthesis Settings                                                                              ;
+------------------------------------------------------------------+--------------------+--------------------+
; Option                                                           ; Setting            ; Default Value      ;
+------------------------------------------------------------------+--------------------+--------------------+
; Device                                                           ; EP4CE10F17C8       ;                    ;
; Top-level entity name                                            ; top                ; yscore             ;
; Family name                                                      ; Cyclone IV E       ; Cyclone V          ;
; Use smart compilation                                            ; Off                ; Off                ;
; Enable parallel Assembler and Timing Analyzer during compilation ; On                 ; On                 ;
; Enable compact report table                                      ; Off                ; Off                ;
; Restructure Multiplexers                                         ; Auto               ; Auto               ;
; Create Debugging Nodes for IP Cores                              ; Off                ; Off                ;
; Preserve fewer node names                                        ; On                 ; On                 ;
; Intel FPGA IP Evaluation Mode                                    ; Enable             ; Enable             ;
; Verilog Version                                                  ; Verilog_2001       ; Verilog_2001       ;
; VHDL Version                                                     ; VHDL_1993          ; VHDL_1993          ;
; State Machine Processing                                         ; Auto               ; Auto               ;
; Safe State Machine                                               ; Off                ; Off                ;
; Extract Verilog State Machines                                   ; On                 ; On                 ;
; Extract VHDL State Machines                                      ; On                 ; On                 ;
; Ignore Verilog initial constructs                                ; Off                ; Off                ;
; Iteration limit for constant Verilog loops                       ; 5000               ; 5000               ;
; Iteration limit for non-constant Verilog loops                   ; 250                ; 250                ;
; Add Pass-Through Logic to Inferred RAMs                          ; On                 ; On                 ;
; Infer RAMs from Raw Logic                                        ; On                 ; On                 ;
; Parallel Synthesis                                               ; On                 ; On                 ;
; DSP Block Balancing                                              ; Auto               ; Auto               ;
; NOT Gate Push-Back                                               ; On                 ; On                 ;
; Power-Up Don't Care                                              ; On                 ; On                 ;
; Remove Redundant Logic Cells                                     ; Off                ; Off                ;
; Remove Duplicate Registers                                       ; On                 ; On                 ;
; Ignore CARRY Buffers                                             ; Off                ; Off                ;
; Ignore CASCADE Buffers                                           ; Off                ; Off                ;
; Ignore GLOBAL Buffers                                            ; Off                ; Off                ;
; Ignore ROW GLOBAL Buffers                                        ; Off                ; Off                ;
; Ignore LCELL Buffers                                             ; Off                ; Off                ;
; Ignore SOFT Buffers                                              ; On                 ; On                 ;
; Limit AHDL Integers to 32 Bits                                   ; Off                ; Off                ;
; Optimization Technique                                           ; Balanced           ; Balanced           ;
; Carry Chain Length                                               ; 70                 ; 70                 ;
; Auto Carry Chains                                                ; On                 ; On                 ;
; Auto Open-Drain Pins                                             ; On                 ; On                 ;
; Perform WYSIWYG Primitive Resynthesis                            ; Off                ; Off                ;
; Auto ROM Replacement                                             ; On                 ; On                 ;
; Auto RAM Replacement                                             ; On                 ; On                 ;
; Auto DSP Block Replacement                                       ; On                 ; On                 ;
; Auto Shift Register Replacement                                  ; Auto               ; Auto               ;
; Allow Shift Register Merging across Hierarchies                  ; Auto               ; Auto               ;
; Auto Clock Enable Replacement                                    ; On                 ; On                 ;
; Strict RAM Replacement                                           ; Off                ; Off                ;
; Allow Synchronous Control Signals                                ; On                 ; On                 ;
; Force Use of Synchronous Clear Signals                           ; Off                ; Off                ;
; Auto RAM Block Balancing                                         ; On                 ; On                 ;
; Auto RAM to Logic Cell Conversion                                ; Off                ; Off                ;
; Auto Resource Sharing                                            ; Off                ; Off                ;
; Allow Any RAM Size For Recognition                               ; Off                ; Off                ;
; Allow Any ROM Size For Recognition                               ; Off                ; Off                ;
; Allow Any Shift Register Size For Recognition                    ; Off                ; Off                ;
; Use LogicLock Constraints during Resource Balancing              ; On                 ; On                 ;
; Ignore translate_off and synthesis_off directives                ; Off                ; Off                ;
; Timing-Driven Synthesis                                          ; On                 ; On                 ;
; Report Parameter Settings                                        ; On                 ; On                 ;
; Report Source Assignments                                        ; On                 ; On                 ;
; Report Connectivity Checks                                       ; On                 ; On                 ;
; Ignore Maximum Fan-Out Assignments                               ; Off                ; Off                ;
; Synchronization Register Chain Length                            ; 2                  ; 2                  ;
; Power Optimization During Synthesis                              ; Normal compilation ; Normal compilation ;
; HDL message level                                                ; Level2             ; Level2             ;
; Suppress Register Optimization Related Messages                  ; Off                ; Off                ;
; Number of Removed Registers Reported in Synthesis Report         ; 5000               ; 5000               ;
; Number of Swept Nodes Reported in Synthesis Report               ; 5000               ; 5000               ;
; Number of Inverted Registers Reported in Synthesis Report        ; 100                ; 100                ;
; Clock MUX Protection                                             ; On                 ; On                 ;
; Auto Gated Clock Conversion                                      ; Off                ; Off                ;
; Block Design Naming                                              ; Auto               ; Auto               ;
; SDC constraint protection                                        ; Off                ; Off                ;
; Synthesis Effort                                                 ; Auto               ; Auto               ;
; Shift Register Replacement - Allow Asynchronous Clear Signal     ; On                 ; On                 ;
; Pre-Mapping Resynthesis Optimization                             ; Off                ; Off                ;
; Analysis & Synthesis Message Level                               ; Medium             ; Medium             ;
; Disable Register Merging Across Hierarchies                      ; Auto               ; Auto               ;
; Resource Aware Inference For Block RAM                           ; On                 ; On                 ;
+------------------------------------------------------------------+--------------------+--------------------+


+------------------------------------------+
; Parallel Compilation                     ;
+----------------------------+-------------+
; Processors                 ; Number      ;
+----------------------------+-------------+
; Number detected on machine ; 20          ;
; Maximum allowed            ; 16          ;
;                            ;             ;
; Average used               ; 1.02        ;
; Maximum used               ; 16          ;
;                            ;             ;
; Usage by Processor         ; % Time Used ;
;     Processor 1            ; 100.0%      ;
;     Processor 2            ;   0.2%      ;
;     Processor 3            ;   0.1%      ;
;     Processor 4            ;   0.1%      ;
;     Processor 5            ;   0.1%      ;
;     Processor 6            ;   0.1%      ;
;     Processor 7            ;   0.1%      ;
;     Processor 8            ;   0.1%      ;
;     Processors 9-16        ;   0.1%      ;
+----------------------------+-------------+


+--------------------------------------------------------------------------------------------------------------------------------------------------------------------------------------------------------+
; Analysis & Synthesis Source Files Read                                                                                                                                                                 ;
+------------------------------------------+-----------------+-------------------------------------------------------+-------------------------------------------------------------------------+---------+
; File Name with User-Entered Path         ; Used in Netlist ; File Type                                             ; File Name with Absolute Path                                            ; Library ;
+------------------------------------------+-----------------+-------------------------------------------------------+-------------------------------------------------------------------------+---------+
; rtos/build/imem.mem                      ; yes             ; User Unspecified File                                 ; D:/yscore/rtos/build/imem.mem                                           ;         ;
; src/clint.v                              ; yes             ; User Verilog HDL File                                 ; D:/yscore/src/clint.v                                                   ;         ;
; src/axil_uart.v                          ; yes             ; User Verilog HDL File                                 ; D:/yscore/src/axil_uart.v                                               ;         ;
; src/axil_master.v                        ; yes             ; User Verilog HDL File                                 ; D:/yscore/src/axil_master.v                                             ;         ;
; src/axil_gpio.v                          ; yes             ; User Verilog HDL File                                 ; D:/yscore/src/axil_gpio.v                                               ;         ;
; src/wb_mux_pc.v                          ; yes             ; User Verilog HDL File                                 ; D:/yscore/src/wb_mux_pc.v                                               ;         ;
; src/regfile_csr.v                        ; yes             ; User Verilog HDL File                                 ; D:/yscore/src/regfile_csr.v                                             ;         ;
; src/ifid_mux_alusrc2.v                   ; yes             ; User Verilog HDL File                                 ; D:/yscore/src/ifid_mux_alusrc2.v                                        ;         ;
; src/ifid_mux_alusrc1.v                   ; yes             ; User Verilog HDL File                                 ; D:/yscore/src/ifid_mux_alusrc1.v                                        ;         ;
; src/top.v                                ; yes             ; User Verilog HDL File                                 ; D:/yscore/src/top.v                                                     ;         ;
; src/regfile.v                            ; yes             ; User Verilog HDL File                                 ; D:/yscore/src/regfile.v                                                 ;         ;
; src/mem_ctl.v                            ; yes             ; User Verilog HDL File                                 ; D:/yscore/src/mem_ctl.v                                                 ;         ;
; src/mem_cell.v                           ; yes             ; User Verilog HDL File                                 ; D:/yscore/src/mem_cell.v                                                ;         ;
; src/exe_next.v                           ; yes             ; User Verilog HDL File                                 ; D:/yscore/src/exe_next.v                                                ;         ;
; src/exe_alu.v                            ; yes             ; User Verilog HDL File                                 ; D:/yscore/src/exe_alu.v                                                 ;         ;
; src/ctl_wb.v                             ; yes             ; User Verilog HDL File                                 ; D:/yscore/src/ctl_wb.v                                                  ;         ;
; src/ctl_perips.v                         ; yes             ; User Verilog HDL File                                 ; D:/yscore/src/ctl_perips.v                                              ;         ;
; src/ctl_ifid.v                           ; yes             ; User Verilog HDL File                                 ; D:/yscore/src/ctl_ifid.v                                                ;         ;
; src/ctl_exe.v                            ; yes             ; User Verilog HDL File                                 ; D:/yscore/src/ctl_exe.v                                                 ;         ;
; src/core_wb.v                            ; yes             ; User Verilog HDL File                                 ; D:/yscore/src/core_wb.v                                                 ;         ;
; src/core_perips.v                        ; yes             ; User Verilog HDL File                                 ; D:/yscore/src/core_perips.v                                             ;         ;
; src/core_id.v                            ; yes             ; User Verilog HDL File                                 ; D:/yscore/src/core_id.v                                                 ;         ;
; src/core_if.v                            ; yes             ; User Verilog HDL File                                 ; D:/yscore/src/core_if.v                                                 ;         ;
; src/core_exe.v                           ; yes             ; User Verilog HDL File                                 ; D:/yscore/src/core_exe.v                                                ;         ;
; src/core_ctl.v                           ; yes             ; User Verilog HDL File                                 ; D:/yscore/src/core_ctl.v                                                ;         ;
; src/rvdef.vh                             ; yes             ; Auto-Found Unspecified File                           ; D:/yscore/src/rvdef.vh                                                  ;         ;
; altsyncram.tdf                           ; yes             ; Megafunction                                          ; e:/quartus/altera/quartus/libraries/megafunctions/altsyncram.tdf        ;         ;
; stratix_ram_block.inc                    ; yes             ; Megafunction                                          ; e:/quartus/altera/quartus/libraries/megafunctions/stratix_ram_block.inc ;         ;
; lpm_mux.inc                              ; yes             ; Megafunction                                          ; e:/quartus/altera/quartus/libraries/megafunctions/lpm_mux.inc           ;         ;
; lpm_decode.inc                           ; yes             ; Megafunction                                          ; e:/quartus/altera/quartus/libraries/megafunctions/lpm_decode.inc        ;         ;
; aglobal251.inc                           ; yes             ; Megafunction                                          ; e:/quartus/altera/quartus/libraries/megafunctions/aglobal251.inc        ;         ;
; a_rdenreg.inc                            ; yes             ; Megafunction                                          ; e:/quartus/altera/quartus/libraries/megafunctions/a_rdenreg.inc         ;         ;
; altrom.inc                               ; yes             ; Megafunction                                          ; e:/quartus/altera/quartus/libraries/megafunctions/altrom.inc            ;         ;
; altram.inc                               ; yes             ; Megafunction                                          ; e:/quartus/altera/quartus/libraries/megafunctions/altram.inc            ;         ;
; altdpram.inc                             ; yes             ; Megafunction                                          ; e:/quartus/altera/quartus/libraries/megafunctions/altdpram.inc          ;         ;
; db/altsyncram_sr81.tdf                   ; yes             ; Auto-Generated Megafunction                           ; D:/yscore/db/altsyncram_sr81.tdf                                        ;         ;
; db/yscore.ram0_core_if_49956ffa.hdl.mif  ; yes             ; Auto-Generated Auto-Found Memory Initialization File  ; D:/yscore/db/yscore.ram0_core_if_49956ffa.hdl.mif                       ;         ;
; db/altsyncram_j3f1.tdf                   ; yes             ; Auto-Generated Megafunction                           ; D:/yscore/db/altsyncram_j3f1.tdf                                        ;         ;
; db/yscore.ram0_mem_cell_f8fe6aaa.hdl.mif ; yes             ; Auto-Generated Auto-Found Memory Initialization File  ; D:/yscore/db/yscore.ram0_mem_cell_f8fe6aaa.hdl.mif                      ;         ;
; db/altsyncram_lte1.tdf                   ; yes             ; Auto-Generated Megafunction                           ; D:/yscore/db/altsyncram_lte1.tdf                                        ;         ;
; db/yscore.ram0_mem_cell_57631a7f.hdl.mif ; yes             ; Auto-Generated Auto-Found Memory Initialization File  ; D:/yscore/db/yscore.ram0_mem_cell_57631a7f.hdl.mif                      ;         ;
; db/altsyncram_3ve1.tdf                   ; yes             ; Auto-Generated Megafunction                           ; D:/yscore/db/altsyncram_3ve1.tdf                                        ;         ;
; db/yscore.ram0_mem_cell_7aa3582f.hdl.mif ; yes             ; Auto-Generated Auto-Found Memory Initialization File  ; D:/yscore/db/yscore.ram0_mem_cell_7aa3582f.hdl.mif                      ;         ;
; db/altsyncram_gqe1.tdf                   ; yes             ; Auto-Generated Megafunction                           ; D:/yscore/db/altsyncram_gqe1.tdf                                        ;         ;
; db/yscore.ram0_mem_cell_73470118.hdl.mif ; yes             ; Auto-Generated Auto-Found Memory Initialization File  ; D:/yscore/db/yscore.ram0_mem_cell_73470118.hdl.mif                      ;         ;
; db/altsyncram_5na3.tdf                   ; yes             ; Auto-Generated Megafunction                           ; D:/yscore/db/altsyncram_5na3.tdf                                        ;         ;
; db/decode_psa.tdf                        ; yes             ; Auto-Generated Megafunction                           ; D:/yscore/db/decode_psa.tdf                                             ;         ;
; db/decode_i8a.tdf                        ; yes             ; Auto-Generated Megafunction                           ; D:/yscore/db/decode_i8a.tdf                                             ;         ;
; db/mux_9nb.tdf                           ; yes             ; Auto-Generated Megafunction                           ; D:/yscore/db/mux_9nb.tdf                                                ;         ;
; db/altsyncram_7ha3.tdf                   ; yes             ; Auto-Generated Megafunction                           ; D:/yscore/db/altsyncram_7ha3.tdf                                        ;         ;
; db/altsyncram_kia3.tdf                   ; yes             ; Auto-Generated Megafunction                           ; D:/yscore/db/altsyncram_kia3.tdf                                        ;         ;
; db/altsyncram_2ea3.tdf                   ; yes             ; Auto-Generated Megafunction                           ; D:/yscore/db/altsyncram_2ea3.tdf                                        ;         ;
; db/altsyncram_hr93.tdf                   ; yes             ; Auto-Generated Megafunction                           ; D:/yscore/db/altsyncram_hr93.tdf                                        ;         ;
; db/decode_h8a.tdf                        ; yes             ; Auto-Generated Megafunction                           ; D:/yscore/db/decode_h8a.tdf                                             ;         ;
; db/mux_lob.tdf                           ; yes             ; Auto-Generated Megafunction                           ; D:/yscore/db/mux_lob.tdf                                                ;         ;
+------------------------------------------+-----------------+-------------------------------------------------------+-------------------------------------------------------------------------+---------+


+---------------------------------------------------------+
; Analysis & Synthesis Resource Usage Summary             ;
+---------------------------------------------+-----------+
; Resource                                    ; Usage     ;
+---------------------------------------------+-----------+
; Estimated Total logic elements              ; 6,049     ;
;                                             ;           ;
; Total combinational functions               ; 4450      ;
; Logic element usage by number of LUT inputs ;           ;
;     -- 4 input functions                    ; 2788      ;
;     -- 3 input functions                    ; 1053      ;
;     -- <=2 input functions                  ; 609       ;
;                                             ;           ;
; Logic elements by mode                      ;           ;
;     -- normal mode                          ; 3929      ;
;     -- arithmetic mode                      ; 521       ;
;                                             ;           ;
; Total registers                             ; 2481      ;
;     -- Dedicated logic registers            ; 2481      ;
;     -- I/O registers                        ; 0         ;
;                                             ;           ;
; I/O pins                                    ; 8         ;
; Total memory bits                           ; 344064    ;
;                                             ;           ;
; Embedded Multiplier 9-bit elements          ; 0         ;
;                                             ;           ;
; Maximum fan-out node                        ; clk~input ;
; Maximum fan-out                             ; 2833      ;
; Total fan-out                               ; 29672     ;
; Average fan-out                             ; 4.07      ;
+---------------------------------------------+-----------+


+----------------------------------------------------------------------------------------------------------------------------------------------------------------------------------------------------------------------------------------------------------------------------------------------------------------------------------------------------------------------------------------------------------------------------------------------+
; Analysis & Synthesis Resource Utilization by Entity                                                                                                                                                                                                                                                                                                                                                                                          ;
+----------------------------------------------------------+---------------------+---------------------------+-------------+--------------+---------+-----------+------+--------------+----------------------------------------------------------------------------------------------------------------------------------------------------------------------------------------------------------------------+------------------+--------------+
; Compilation Hierarchy Node                               ; Combinational ALUTs ; Dedicated Logic Registers ; Memory Bits ; DSP Elements ; DSP 9x9 ; DSP 18x18 ; Pins ; Virtual Pins ; Full Hierarchy Name                                                                                                                                                                                                  ; Entity Name      ; Library Name ;
+----------------------------------------------------------+---------------------+---------------------------+-------------+--------------+---------+-----------+------+--------------+----------------------------------------------------------------------------------------------------------------------------------------------------------------------------------------------------------------------+------------------+--------------+
; |top                                                     ; 4450 (27)           ; 2481 (21)                 ; 344064      ; 0            ; 0       ; 0         ; 8    ; 0            ; |top                                                                                                                                                                                                                 ; top              ; work         ;
;    |core_ctl:u_core_ctl|                                 ; 4423 (247)          ; 2460 (662)                ; 344064      ; 0            ; 0       ; 0         ; 0    ; 0            ; |top|core_ctl:u_core_ctl                                                                                                                                                                                             ; core_ctl         ; work         ;
;       |core_exe:u_core_exe|                              ; 1018 (0)            ; 0 (0)                     ; 0           ; 0            ; 0       ; 0         ; 0    ; 0            ; |top|core_ctl:u_core_ctl|core_exe:u_core_exe                                                                                                                                                                         ; core_exe         ; work         ;
;          |exe_alu:u_exe_alu|                             ; 861 (861)           ; 0 (0)                     ; 0           ; 0            ; 0       ; 0         ; 0    ; 0            ; |top|core_ctl:u_core_ctl|core_exe:u_core_exe|exe_alu:u_exe_alu                                                                                                                                                       ; exe_alu          ; work         ;
;          |exe_next:u_exe_next|                           ; 157 (157)           ; 0 (0)                     ; 0           ; 0            ; 0       ; 0         ; 0    ; 0            ; |top|core_ctl:u_core_ctl|core_exe:u_core_exe|exe_next:u_exe_next                                                                                                                                                     ; exe_next         ; work         ;
;       |core_id:u_core_id|                                ; 1 (1)               ; 0 (0)                     ; 0           ; 0            ; 0       ; 0         ; 0    ; 0            ; |top|core_ctl:u_core_ctl|core_id:u_core_id                                                                                                                                                                           ; core_id          ; work         ;
;       |core_if:u_core_if|                                ; 101 (0)             ; 3 (0)                     ; 147456      ; 0            ; 0       ; 0         ; 0    ; 0            ; |top|core_ctl:u_core_ctl|core_if:u_core_if                                                                                                                                                                           ; core_if          ; work         ;
;          |altsyncram:ins_mem_rtl_0|                      ; 101 (0)             ; 3 (0)                     ; 147456      ; 0            ; 0       ; 0         ; 0    ; 0            ; |top|core_ctl:u_core_ctl|core_if:u_core_if|altsyncram:ins_mem_rtl_0                                                                                                                                                  ; altsyncram       ; work         ;
;             |altsyncram_sr81:auto_generated|             ; 101 (0)             ; 3 (0)                     ; 147456      ; 0            ; 0       ; 0         ; 0    ; 0            ; |top|core_ctl:u_core_ctl|core_if:u_core_if|altsyncram:ins_mem_rtl_0|altsyncram_sr81:auto_generated                                                                                                                   ; altsyncram_sr81  ; work         ;
;                |altsyncram:ram_block1a0|                 ; 101 (0)             ; 3 (0)                     ; 147456      ; 0            ; 0       ; 0         ; 0    ; 0            ; |top|core_ctl:u_core_ctl|core_if:u_core_if|altsyncram:ins_mem_rtl_0|altsyncram_sr81:auto_generated|altsyncram:ram_block1a0                                                                                           ; altsyncram       ; work         ;
;                   |altsyncram_hr93:auto_generated|       ; 101 (0)             ; 3 (3)                     ; 147456      ; 0            ; 0       ; 0         ; 0    ; 0            ; |top|core_ctl:u_core_ctl|core_if:u_core_if|altsyncram:ins_mem_rtl_0|altsyncram_sr81:auto_generated|altsyncram:ram_block1a0|altsyncram_hr93:auto_generated                                                            ; altsyncram_hr93  ; work         ;
;                      |decode_h8a:rden_decode|            ; 5 (5)               ; 0 (0)                     ; 0           ; 0            ; 0       ; 0         ; 0    ; 0            ; |top|core_ctl:u_core_ctl|core_if:u_core_if|altsyncram:ins_mem_rtl_0|altsyncram_sr81:auto_generated|altsyncram:ram_block1a0|altsyncram_hr93:auto_generated|decode_h8a:rden_decode                                     ; decode_h8a       ; work         ;
;                      |mux_lob:mux2|                      ; 96 (96)             ; 0 (0)                     ; 0           ; 0            ; 0       ; 0         ; 0    ; 0            ; |top|core_ctl:u_core_ctl|core_if:u_core_if|altsyncram:ins_mem_rtl_0|altsyncram_sr81:auto_generated|altsyncram:ram_block1a0|altsyncram_hr93:auto_generated|mux_lob:mux2                                               ; mux_lob          ; work         ;
;       |core_perips:u_core_perips|                        ; 1072 (17)           ; 514 (4)                   ; 196608      ; 0            ; 0       ; 0         ; 0    ; 0            ; |top|core_ctl:u_core_ctl|core_perips:u_core_perips                                                                                                                                                                   ; core_perips      ; work         ;
;          |axil_gpio:u_axil_gpio|                         ; 109 (109)           ; 142 (142)                 ; 0           ; 0            ; 0       ; 0         ; 0    ; 0            ; |top|core_ctl:u_core_ctl|core_perips:u_core_perips|axil_gpio:u_axil_gpio                                                                                                                                             ; axil_gpio        ; work         ;
;          |axil_master:u_axil_master|                     ; 66 (66)             ; 52 (52)                   ; 0           ; 0            ; 0       ; 0         ; 0    ; 0            ; |top|core_ctl:u_core_ctl|core_perips:u_core_perips|axil_master:u_axil_master                                                                                                                                         ; axil_master      ; work         ;
;          |axil_uart:u_axil_uart|                         ; 225 (225)           ; 143 (143)                 ; 0           ; 0            ; 0       ; 0         ; 0    ; 0            ; |top|core_ctl:u_core_ctl|core_perips:u_core_perips|axil_uart:u_axil_uart                                                                                                                                             ; axil_uart        ; work         ;
;          |clint:u_clint|                                 ; 337 (337)           ; 161 (161)                 ; 0           ; 0            ; 0       ; 0         ; 0    ; 0            ; |top|core_ctl:u_core_ctl|core_perips:u_core_perips|clint:u_clint                                                                                                                                                     ; clint            ; work         ;
;          |mem_ctl:mem|                                   ; 318 (138)           ; 12 (0)                    ; 196608      ; 0            ; 0       ; 0         ; 0    ; 0            ; |top|core_ctl:u_core_ctl|core_perips:u_core_perips|mem_ctl:mem                                                                                                                                                       ; mem_ctl          ; work         ;
;             |mem_cell:u_cell0|                           ; 45 (0)              ; 3 (0)                     ; 49152       ; 0            ; 0       ; 0         ; 0    ; 0            ; |top|core_ctl:u_core_ctl|core_perips:u_core_perips|mem_ctl:mem|mem_cell:u_cell0                                                                                                                                      ; mem_cell         ; work         ;
;                |altsyncram:memory_rtl_0|                 ; 45 (0)              ; 3 (0)                     ; 49152       ; 0            ; 0       ; 0         ; 0    ; 0            ; |top|core_ctl:u_core_ctl|core_perips:u_core_perips|mem_ctl:mem|mem_cell:u_cell0|altsyncram:memory_rtl_0                                                                                                              ; altsyncram       ; work         ;
;                   |altsyncram_gqe1:auto_generated|       ; 45 (0)              ; 3 (0)                     ; 49152       ; 0            ; 0       ; 0         ; 0    ; 0            ; |top|core_ctl:u_core_ctl|core_perips:u_core_perips|mem_ctl:mem|mem_cell:u_cell0|altsyncram:memory_rtl_0|altsyncram_gqe1:auto_generated                                                                               ; altsyncram_gqe1  ; work         ;
;                      |altsyncram:ram_block1a0|           ; 45 (0)              ; 3 (0)                     ; 49152       ; 0            ; 0       ; 0         ; 0    ; 0            ; |top|core_ctl:u_core_ctl|core_perips:u_core_perips|mem_ctl:mem|mem_cell:u_cell0|altsyncram:memory_rtl_0|altsyncram_gqe1:auto_generated|altsyncram:ram_block1a0                                                       ; altsyncram       ; work         ;
;                         |altsyncram_2ea3:auto_generated| ; 45 (0)              ; 3 (3)                     ; 49152       ; 0            ; 0       ; 0         ; 0    ; 0            ; |top|core_ctl:u_core_ctl|core_perips:u_core_perips|mem_ctl:mem|mem_cell:u_cell0|altsyncram:memory_rtl_0|altsyncram_gqe1:auto_generated|altsyncram:ram_block1a0|altsyncram_2ea3:auto_generated                        ; altsyncram_2ea3  ; work         ;
;                            |decode_i8a:rden_decode|      ; 5 (5)               ; 0 (0)                     ; 0           ; 0            ; 0       ; 0         ; 0    ; 0            ; |top|core_ctl:u_core_ctl|core_perips:u_core_perips|mem_ctl:mem|mem_cell:u_cell0|altsyncram:memory_rtl_0|altsyncram_gqe1:auto_generated|altsyncram:ram_block1a0|altsyncram_2ea3:auto_generated|decode_i8a:rden_decode ; decode_i8a       ; work         ;
;                            |decode_psa:decode3|          ; 7 (7)               ; 0 (0)                     ; 0           ; 0            ; 0       ; 0         ; 0    ; 0            ; |top|core_ctl:u_core_ctl|core_perips:u_core_perips|mem_ctl:mem|mem_cell:u_cell0|altsyncram:memory_rtl_0|altsyncram_gqe1:auto_generated|altsyncram:ram_block1a0|altsyncram_2ea3:auto_generated|decode_psa:decode3     ; decode_psa       ; work         ;
;                            |mux_9nb:mux2|                ; 33 (33)             ; 0 (0)                     ; 0           ; 0            ; 0       ; 0         ; 0    ; 0            ; |top|core_ctl:u_core_ctl|core_perips:u_core_perips|mem_ctl:mem|mem_cell:u_cell0|altsyncram:memory_rtl_0|altsyncram_gqe1:auto_generated|altsyncram:ram_block1a0|altsyncram_2ea3:auto_generated|mux_9nb:mux2           ; mux_9nb          ; work         ;
;             |mem_cell:u_cell1|                           ; 45 (0)              ; 3 (0)                     ; 49152       ; 0            ; 0       ; 0         ; 0    ; 0            ; |top|core_ctl:u_core_ctl|core_perips:u_core_perips|mem_ctl:mem|mem_cell:u_cell1                                                                                                                                      ; mem_cell         ; work         ;
;                |altsyncram:memory_rtl_0|                 ; 45 (0)              ; 3 (0)                     ; 49152       ; 0            ; 0       ; 0         ; 0    ; 0            ; |top|core_ctl:u_core_ctl|core_perips:u_core_perips|mem_ctl:mem|mem_cell:u_cell1|altsyncram:memory_rtl_0                                                                                                              ; altsyncram       ; work         ;
;                   |altsyncram_3ve1:auto_generated|       ; 45 (0)              ; 3 (0)                     ; 49152       ; 0            ; 0       ; 0         ; 0    ; 0            ; |top|core_ctl:u_core_ctl|core_perips:u_core_perips|mem_ctl:mem|mem_cell:u_cell1|altsyncram:memory_rtl_0|altsyncram_3ve1:auto_generated                                                                               ; altsyncram_3ve1  ; work         ;
;                      |altsyncram:ram_block1a0|           ; 45 (0)              ; 3 (0)                     ; 49152       ; 0            ; 0       ; 0         ; 0    ; 0            ; |top|core_ctl:u_core_ctl|core_perips:u_core_perips|mem_ctl:mem|mem_cell:u_cell1|altsyncram:memory_rtl_0|altsyncram_3ve1:auto_generated|altsyncram:ram_block1a0                                                       ; altsyncram       ; work         ;
;                         |altsyncram_kia3:auto_generated| ; 45 (0)              ; 3 (3)                     ; 49152       ; 0            ; 0       ; 0         ; 0    ; 0            ; |top|core_ctl:u_core_ctl|core_perips:u_core_perips|mem_ctl:mem|mem_cell:u_cell1|altsyncram:memory_rtl_0|altsyncram_3ve1:auto_generated|altsyncram:ram_block1a0|altsyncram_kia3:auto_generated                        ; altsyncram_kia3  ; work         ;
;                            |decode_i8a:rden_decode|      ; 5 (5)               ; 0 (0)                     ; 0           ; 0            ; 0       ; 0         ; 0    ; 0            ; |top|core_ctl:u_core_ctl|core_perips:u_core_perips|mem_ctl:mem|mem_cell:u_cell1|altsyncram:memory_rtl_0|altsyncram_3ve1:auto_generated|altsyncram:ram_block1a0|altsyncram_kia3:auto_generated|decode_i8a:rden_decode ; decode_i8a       ; work         ;
;                            |decode_psa:decode3|          ; 7 (7)               ; 0 (0)                     ; 0           ; 0            ; 0       ; 0         ; 0    ; 0            ; |top|core_ctl:u_core_ctl|core_perips:u_core_perips|mem_ctl:mem|mem_cell:u_cell1|altsyncram:memory_rtl_0|altsyncram_3ve1:auto_generated|altsyncram:ram_block1a0|altsyncram_kia3:auto_generated|decode_psa:decode3     ; decode_psa       ; work         ;
;                            |mux_9nb:mux2|                ; 33 (33)             ; 0 (0)                     ; 0           ; 0            ; 0       ; 0         ; 0    ; 0            ; |top|core_ctl:u_core_ctl|core_perips:u_core_perips|mem_ctl:mem|mem_cell:u_cell1|altsyncram:memory_rtl_0|altsyncram_3ve1:auto_generated|altsyncram:ram_block1a0|altsyncram_kia3:auto_generated|mux_9nb:mux2           ; mux_9nb          ; work         ;
;             |mem_cell:u_cell2|                           ; 45 (0)              ; 3 (0)                     ; 49152       ; 0            ; 0       ; 0         ; 0    ; 0            ; |top|core_ctl:u_core_ctl|core_perips:u_core_perips|mem_ctl:mem|mem_cell:u_cell2                                                                                                                                      ; mem_cell         ; work         ;
;                |altsyncram:memory_rtl_0|                 ; 45 (0)              ; 3 (0)                     ; 49152       ; 0            ; 0       ; 0         ; 0    ; 0            ; |top|core_ctl:u_core_ctl|core_perips:u_core_perips|mem_ctl:mem|mem_cell:u_cell2|altsyncram:memory_rtl_0                                                                                                              ; altsyncram       ; work         ;
;                   |altsyncram_lte1:auto_generated|       ; 45 (0)              ; 3 (0)                     ; 49152       ; 0            ; 0       ; 0         ; 0    ; 0            ; |top|core_ctl:u_core_ctl|core_perips:u_core_perips|mem_ctl:mem|mem_cell:u_cell2|altsyncram:memory_rtl_0|altsyncram_lte1:auto_generated                                                                               ; altsyncram_lte1  ; work         ;
;                      |altsyncram:ram_block1a0|           ; 45 (0)              ; 3 (0)                     ; 49152       ; 0            ; 0       ; 0         ; 0    ; 0            ; |top|core_ctl:u_core_ctl|core_perips:u_core_perips|mem_ctl:mem|mem_cell:u_cell2|altsyncram:memory_rtl_0|altsyncram_lte1:auto_generated|altsyncram:ram_block1a0                                                       ; altsyncram       ; work         ;
;                         |altsyncram_7ha3:auto_generated| ; 45 (0)              ; 3 (3)                     ; 49152       ; 0            ; 0       ; 0         ; 0    ; 0            ; |top|core_ctl:u_core_ctl|core_perips:u_core_perips|mem_ctl:mem|mem_cell:u_cell2|altsyncram:memory_rtl_0|altsyncram_lte1:auto_generated|altsyncram:ram_block1a0|altsyncram_7ha3:auto_generated                        ; altsyncram_7ha3  ; work         ;
;                            |decode_i8a:rden_decode|      ; 5 (5)               ; 0 (0)                     ; 0           ; 0            ; 0       ; 0         ; 0    ; 0            ; |top|core_ctl:u_core_ctl|core_perips:u_core_perips|mem_ctl:mem|mem_cell:u_cell2|altsyncram:memory_rtl_0|altsyncram_lte1:auto_generated|altsyncram:ram_block1a0|altsyncram_7ha3:auto_generated|decode_i8a:rden_decode ; decode_i8a       ; work         ;
;                            |decode_psa:decode3|          ; 7 (7)               ; 0 (0)                     ; 0           ; 0            ; 0       ; 0         ; 0    ; 0            ; |top|core_ctl:u_core_ctl|core_perips:u_core_perips|mem_ctl:mem|mem_cell:u_cell2|altsyncram:memory_rtl_0|altsyncram_lte1:auto_generated|altsyncram:ram_block1a0|altsyncram_7ha3:auto_generated|decode_psa:decode3     ; decode_psa       ; work         ;
;                            |mux_9nb:mux2|                ; 33 (33)             ; 0 (0)                     ; 0           ; 0            ; 0       ; 0         ; 0    ; 0            ; |top|core_ctl:u_core_ctl|core_perips:u_core_perips|mem_ctl:mem|mem_cell:u_cell2|altsyncram:memory_rtl_0|altsyncram_lte1:auto_generated|altsyncram:ram_block1a0|altsyncram_7ha3:auto_generated|mux_9nb:mux2           ; mux_9nb          ; work         ;
;             |mem_cell:u_cell3|                           ; 45 (0)              ; 3 (0)                     ; 49152       ; 0            ; 0       ; 0         ; 0    ; 0            ; |top|core_ctl:u_core_ctl|core_perips:u_core_perips|mem_ctl:mem|mem_cell:u_cell3                                                                                                                                      ; mem_cell         ; work         ;
;                |altsyncram:memory_rtl_0|                 ; 45 (0)              ; 3 (0)                     ; 49152       ; 0            ; 0       ; 0         ; 0    ; 0            ; |top|core_ctl:u_core_ctl|core_perips:u_core_perips|mem_ctl:mem|mem_cell:u_cell3|altsyncram:memory_rtl_0                                                                                                              ; altsyncram       ; work         ;
;                   |altsyncram_j3f1:auto_generated|       ; 45 (0)              ; 3 (0)                     ; 49152       ; 0            ; 0       ; 0         ; 0    ; 0            ; |top|core_ctl:u_core_ctl|core_perips:u_core_perips|mem_ctl:mem|mem_cell:u_cell3|altsyncram:memory_rtl_0|altsyncram_j3f1:auto_generated                                                                               ; altsyncram_j3f1  ; work         ;
;                      |altsyncram:ram_block1a0|           ; 45 (0)              ; 3 (0)                     ; 49152       ; 0            ; 0       ; 0         ; 0    ; 0            ; |top|core_ctl:u_core_ctl|core_perips:u_core_perips|mem_ctl:mem|mem_cell:u_cell3|altsyncram:memory_rtl_0|altsyncram_j3f1:auto_generated|altsyncram:ram_block1a0                                                       ; altsyncram       ; work         ;
;                         |altsyncram_5na3:auto_generated| ; 45 (0)              ; 3 (3)                     ; 49152       ; 0            ; 0       ; 0         ; 0    ; 0            ; |top|core_ctl:u_core_ctl|core_perips:u_core_perips|mem_ctl:mem|mem_cell:u_cell3|altsyncram:memory_rtl_0|altsyncram_j3f1:auto_generated|altsyncram:ram_block1a0|altsyncram_5na3:auto_generated                        ; altsyncram_5na3  ; work         ;
;                            |decode_i8a:rden_decode|      ; 5 (5)               ; 0 (0)                     ; 0           ; 0            ; 0       ; 0         ; 0    ; 0            ; |top|core_ctl:u_core_ctl|core_perips:u_core_perips|mem_ctl:mem|mem_cell:u_cell3|altsyncram:memory_rtl_0|altsyncram_j3f1:auto_generated|altsyncram:ram_block1a0|altsyncram_5na3:auto_generated|decode_i8a:rden_decode ; decode_i8a       ; work         ;
;                            |decode_psa:decode3|          ; 7 (7)               ; 0 (0)                     ; 0           ; 0            ; 0       ; 0         ; 0    ; 0            ; |top|core_ctl:u_core_ctl|core_perips:u_core_perips|mem_ctl:mem|mem_cell:u_cell3|altsyncram:memory_rtl_0|altsyncram_j3f1:auto_generated|altsyncram:ram_block1a0|altsyncram_5na3:auto_generated|decode_psa:decode3     ; decode_psa       ; work         ;
;                            |mux_9nb:mux2|                ; 33 (33)             ; 0 (0)                     ; 0           ; 0            ; 0       ; 0         ; 0    ; 0            ; |top|core_ctl:u_core_ctl|core_perips:u_core_perips|mem_ctl:mem|mem_cell:u_cell3|altsyncram:memory_rtl_0|altsyncram_j3f1:auto_generated|altsyncram:ram_block1a0|altsyncram_5na3:auto_generated|mux_9nb:mux2           ; mux_9nb          ; work         ;
;       |core_wb:u_core_wb|                                ; 214 (214)           ; 0 (0)                     ; 0           ; 0            ; 0       ; 0         ; 0    ; 0            ; |top|core_ctl:u_core_ctl|core_wb:u_core_wb                                                                                                                                                                           ; core_wb          ; work         ;
;       |ctl_exe:u_ctl_exe|                                ; 33 (33)             ; 0 (0)                     ; 0           ; 0            ; 0       ; 0         ; 0    ; 0            ; |top|core_ctl:u_core_ctl|ctl_exe:u_ctl_exe                                                                                                                                                                           ; ctl_exe          ; work         ;
;       |ctl_ifid:u_ctl_ifid|                              ; 17 (17)             ; 0 (0)                     ; 0           ; 0            ; 0       ; 0         ; 0    ; 0            ; |top|core_ctl:u_core_ctl|ctl_ifid:u_ctl_ifid                                                                                                                                                                         ; ctl_ifid         ; work         ;
;       |ctl_perips:u_ctl_perips|                          ; 5 (5)               ; 0 (0)                     ; 0           ; 0            ; 0       ; 0         ; 0    ; 0            ; |top|core_ctl:u_core_ctl|ctl_perips:u_ctl_perips                                                                                                                                                                     ; ctl_perips       ; work         ;
;       |ctl_wb:u_ctl_wb|                                  ; 15 (15)             ; 0 (0)                     ; 0           ; 0            ; 0       ; 0         ; 0    ; 0            ; |top|core_ctl:u_core_ctl|ctl_wb:u_ctl_wb                                                                                                                                                                             ; ctl_wb           ; work         ;
;       |ifid_mux_alusrc1:u_ifid_mux_alusrc1|              ; 667 (667)           ; 0 (0)                     ; 0           ; 0            ; 0       ; 0         ; 0    ; 0            ; |top|core_ctl:u_core_ctl|ifid_mux_alusrc1:u_ifid_mux_alusrc1                                                                                                                                                         ; ifid_mux_alusrc1 ; work         ;
;       |ifid_mux_alusrc2:u_ifid_mux_alusrc2|              ; 15 (15)             ; 0 (0)                     ; 0           ; 0            ; 0       ; 0         ; 0    ; 0            ; |top|core_ctl:u_core_ctl|ifid_mux_alusrc2:u_ifid_mux_alusrc2                                                                                                                                                         ; ifid_mux_alusrc2 ; work         ;
;       |regfile:u_regfile|                                ; 710 (710)           ; 992 (992)                 ; 0           ; 0            ; 0       ; 0         ; 0    ; 0            ; |top|core_ctl:u_core_ctl|regfile:u_regfile                                                                                                                                                                           ; regfile          ; work         ;
;       |regfile_csr:u_regfile_csr|                        ; 308 (308)           ; 289 (289)                 ; 0           ; 0            ; 0       ; 0         ; 0    ; 0            ; |top|core_ctl:u_core_ctl|regfile_csr:u_regfile_csr                                                                                                                                                                   ; regfile_csr      ; work         ;
+----------------------------------------------------------+---------------------+---------------------------+-------------+--------------+---------+-----------+------+--------------+----------------------------------------------------------------------------------------------------------------------------------------------------------------------------------------------------------------------+------------------+--------------+
Note: For table entries with two numbers listed, the numbers in parentheses indicate the number of resources of the given type used by the specific entity alone. The numbers listed outside of parentheses indicate the total resources of the given type used by the specific entity and all of its sub-entities in the hierarchy.


+------------------------------------------------------------------------------------------------------------------------------------------------------------------------------------------------------------------------------------------------------------------------------------------------------------------------------------------+
; Analysis & Synthesis RAM Summary                                                                                                                                                                                                                                                                                                         ;
+-----------------------------------------------------------------------------------------------------------------------------------------------------------------------------------------------------+------+-------------+--------------+--------------+--------------+--------------+--------+------------------------------------------+
; Name                                                                                                                                                                                                ; Type ; Mode        ; Port A Depth ; Port A Width ; Port B Depth ; Port B Width ; Size   ; MIF                                      ;
+-----------------------------------------------------------------------------------------------------------------------------------------------------------------------------------------------------+------+-------------+--------------+--------------+--------------+--------------+--------+------------------------------------------+
; core_ctl:u_core_ctl|core_if:u_core_if|altsyncram:ins_mem_rtl_0|altsyncram_sr81:auto_generated|altsyncram:ram_block1a0|altsyncram_hr93:auto_generated|ALTSYNCRAM                                     ; M9K  ; ROM         ; 4608         ; 32           ; --           ; --           ; 147456 ; db/yscore.ram0_core_if_49956ffa.hdl.mif  ;
; core_ctl:u_core_ctl|core_perips:u_core_perips|mem_ctl:mem|mem_cell:u_cell0|altsyncram:memory_rtl_0|altsyncram_gqe1:auto_generated|altsyncram:ram_block1a0|altsyncram_2ea3:auto_generated|ALTSYNCRAM ; M9K  ; Single Port ; 6144         ; 8            ; --           ; --           ; 49152  ; db/yscore.ram0_mem_cell_73470118.hdl.mif ;
; core_ctl:u_core_ctl|core_perips:u_core_perips|mem_ctl:mem|mem_cell:u_cell1|altsyncram:memory_rtl_0|altsyncram_3ve1:auto_generated|altsyncram:ram_block1a0|altsyncram_kia3:auto_generated|ALTSYNCRAM ; M9K  ; Single Port ; 6144         ; 8            ; --           ; --           ; 49152  ; db/yscore.ram0_mem_cell_7aa3582f.hdl.mif ;
; core_ctl:u_core_ctl|core_perips:u_core_perips|mem_ctl:mem|mem_cell:u_cell2|altsyncram:memory_rtl_0|altsyncram_lte1:auto_generated|altsyncram:ram_block1a0|altsyncram_7ha3:auto_generated|ALTSYNCRAM ; M9K  ; Single Port ; 6144         ; 8            ; --           ; --           ; 49152  ; db/yscore.ram0_mem_cell_57631a7f.hdl.mif ;
; core_ctl:u_core_ctl|core_perips:u_core_perips|mem_ctl:mem|mem_cell:u_cell3|altsyncram:memory_rtl_0|altsyncram_j3f1:auto_generated|altsyncram:ram_block1a0|altsyncram_5na3:auto_generated|ALTSYNCRAM ; M9K  ; Single Port ; 6144         ; 8            ; --           ; --           ; 49152  ; db/yscore.ram0_mem_cell_f8fe6aaa.hdl.mif ;
+-----------------------------------------------------------------------------------------------------------------------------------------------------------------------------------------------------+------+-------------+--------------+--------------+--------------+--------------+--------+------------------------------------------+


Encoding Type:  One-Hot
+---------------------------------------------------------------------------------------------------+
; State Machine - |top|core_ctl:u_core_ctl|core_perips:u_core_perips|axil_uart:u_axil_uart|rx_state ;
+-------------------+------------------+------------------+-------------------+---------------------+
; Name              ; rx_state.RX_STOP ; rx_state.RX_DATA ; rx_state.RX_START ; rx_state.RX_IDLE    ;
+-------------------+------------------+------------------+-------------------+---------------------+
; rx_state.RX_IDLE  ; 0                ; 0                ; 0                 ; 0                   ;
; rx_state.RX_START ; 0                ; 0                ; 1                 ; 1                   ;
; rx_state.RX_DATA  ; 0                ; 1                ; 0                 ; 1                   ;
; rx_state.RX_STOP  ; 1                ; 0                ; 0                 ; 1                   ;
+-------------------+------------------+------------------+-------------------+---------------------+


Encoding Type:  One-Hot
+---------------------------------------------------------------------------------------------------+
; State Machine - |top|core_ctl:u_core_ctl|core_perips:u_core_perips|axil_uart:u_axil_uart|tx_state ;
+-------------------+------------------+------------------+-------------------+---------------------+
; Name              ; tx_state.TX_STOP ; tx_state.TX_DATA ; tx_state.TX_START ; tx_state.TX_IDLE    ;
+-------------------+------------------+------------------+-------------------+---------------------+
; tx_state.TX_IDLE  ; 0                ; 0                ; 0                 ; 0                   ;
; tx_state.TX_START ; 0                ; 0                ; 1                 ; 1                   ;
; tx_state.TX_DATA  ; 0                ; 1                ; 0                 ; 1                   ;
; tx_state.TX_STOP  ; 1                ; 0                ; 0                 ; 1                   ;
+-------------------+------------------+------------------+-------------------+---------------------+


Encoding Type:  One-Hot
+---------------------------------------------------------------------------------------------------------------------------------------------------------------------+
; State Machine - |top|core_ctl:u_core_ctl|core_perips:u_core_perips|axil_master:u_axil_master|state                                                                  ;
+------------------------+-----------------------+------------------------+------------------------+-----------------------+-----------------------+------------------+
; Name                   ; state.STATE_READ_DONE ; state.STATE_WRITE_RESP ; state.STATE_WRITE_ADDR ; state.STATE_READ_DATA ; state.STATE_READ_ADDR ; state.STATE_IDLE ;
+------------------------+-----------------------+------------------------+------------------------+-----------------------+-----------------------+------------------+
; state.STATE_IDLE       ; 0                     ; 0                      ; 0                      ; 0                     ; 0                     ; 0                ;
; state.STATE_READ_ADDR  ; 0                     ; 0                      ; 0                      ; 0                     ; 1                     ; 1                ;
; state.STATE_READ_DATA  ; 0                     ; 0                      ; 0                      ; 1                     ; 0                     ; 1                ;
; state.STATE_WRITE_ADDR ; 0                     ; 0                      ; 1                      ; 0                     ; 0                     ; 1                ;
; state.STATE_WRITE_RESP ; 0                     ; 1                      ; 0                      ; 0                     ; 0                     ; 1                ;
; state.STATE_READ_DONE  ; 1                     ; 0                      ; 0                      ; 0                     ; 0                     ; 1                ;
+------------------------+-----------------------+------------------------+------------------------+-----------------------+-----------------------+------------------+


+-------------------------------------------------------------------------------------------------------------------------------------------------------------------------------------------------------------+
; Registers Removed During Synthesis                                                                                                                                                                          ;
+------------------------------------------------------------------------------------------------------+------------------------------------------------------------------------------------------------------+
; Register name                                                                                        ; Reason for Removal                                                                                   ;
+------------------------------------------------------------------------------------------------------+------------------------------------------------------------------------------------------------------+
; core_ctl:u_core_ctl|excp_mtval[0]                                                                    ; Stuck at GND due to stuck port data_in                                                               ;
; core_ctl:u_core_ctl|ifid_branch[0]                                                                   ; Stuck at GND due to stuck port data_in                                                               ;
; core_ctl:u_core_ctl|ifid_jump[0]                                                                     ; Stuck at GND due to stuck port data_in                                                               ;
; core_ctl:u_core_ctl|ifid_upper[0..11]                                                                ; Stuck at GND due to stuck port data_in                                                               ;
; core_ctl:u_core_ctl|exe_upper[0..11]                                                                 ; Stuck at GND due to stuck port data_in                                                               ;
; core_ctl:u_core_ctl|excp_cause[2,4..31]                                                              ; Stuck at GND due to stuck port data_in                                                               ;
; core_ctl:u_core_ctl|excp_mtval[1..31]                                                                ; Stuck at GND due to stuck port data_in                                                               ;
; core_ctl:u_core_ctl|core_perips:u_core_perips|axil_uart:u_axil_uart|s_axil_rdata_reg[16,19,20,24,28] ; Merged with core_ctl:u_core_ctl|core_perips:u_core_perips|axil_uart:u_axil_uart|s_axil_rdata_reg[31] ;
; core_ctl:u_core_ctl|core_perips:u_core_perips|axil_uart:u_axil_uart|s_axil_rdata_reg[18,22,23,26]    ; Merged with core_ctl:u_core_ctl|core_perips:u_core_perips|axil_uart:u_axil_uart|s_axil_rdata_reg[30] ;
; core_ctl:u_core_ctl|core_perips:u_core_perips|axil_uart:u_axil_uart|s_axil_rdata_reg[17,21,25,27]    ; Merged with core_ctl:u_core_ctl|core_perips:u_core_perips|axil_uart:u_axil_uart|s_axil_rdata_reg[29] ;
; core_ctl:u_core_ctl|core_perips:u_core_perips|axil_uart:u_axil_uart|s_axil_rdata_reg[29,30]          ; Merged with core_ctl:u_core_ctl|core_perips:u_core_perips|axil_uart:u_axil_uart|s_axil_rdata_reg[31] ;
; core_ctl:u_core_ctl|core_perips:u_core_perips|axil_master:u_axil_master|m_axil_wstrb[2]              ; Merged with core_ctl:u_core_ctl|core_perips:u_core_perips|axil_master:u_axil_master|m_axil_wstrb[3]  ;
; core_ctl:u_core_ctl|core_perips:u_core_perips|axil_gpio:u_axil_gpio|axi_wstrb[3]                     ; Merged with core_ctl:u_core_ctl|core_perips:u_core_perips|axil_gpio:u_axil_gpio|axi_wstrb[2]         ;
; core_ctl:u_core_ctl|core_perips:u_core_perips|axil_gpio:u_axil_gpio|s_axil_wready_reg                ; Merged with core_ctl:u_core_ctl|core_perips:u_core_perips|axil_gpio:u_axil_gpio|s_axil_awready_reg   ;
; core_ctl:u_core_ctl|core_perips:u_core_perips|axil_uart:u_axil_uart|s_axil_wready_reg                ; Merged with core_ctl:u_core_ctl|core_perips:u_core_perips|axil_uart:u_axil_uart|s_axil_awready_reg   ;
; core_ctl:u_core_ctl|core_perips:u_core_perips|axil_master:u_axil_master|m_axil_wvalid                ; Merged with core_ctl:u_core_ctl|core_perips:u_core_perips|axil_master:u_axil_master|m_axil_awvalid   ;
; core_ctl:u_core_ctl|core_perips:u_core_perips|axil_gpio:u_axil_gpio|axi_wready_flag                  ; Merged with core_ctl:u_core_ctl|core_perips:u_core_perips|axil_gpio:u_axil_gpio|axi_awready_flag     ;
; core_ctl:u_core_ctl|core_perips:u_core_perips|axil_uart:u_axil_uart|write_data_pending               ; Merged with core_ctl:u_core_ctl|core_perips:u_core_perips|axil_uart:u_axil_uart|write_addr_pending   ;
; core_ctl:u_core_ctl|perips_upper[31]                                                                 ; Merged with core_ctl:u_core_ctl|perips_csraddr[11]                                                   ;
; core_ctl:u_core_ctl|perips_upper[30]                                                                 ; Merged with core_ctl:u_core_ctl|perips_csraddr[10]                                                   ;
; core_ctl:u_core_ctl|perips_upper[29]                                                                 ; Merged with core_ctl:u_core_ctl|perips_csraddr[9]                                                    ;
; core_ctl:u_core_ctl|perips_upper[28]                                                                 ; Merged with core_ctl:u_core_ctl|perips_csraddr[8]                                                    ;
; core_ctl:u_core_ctl|perips_upper[27]                                                                 ; Merged with core_ctl:u_core_ctl|perips_csraddr[7]                                                    ;
; core_ctl:u_core_ctl|perips_upper[26]                                                                 ; Merged with core_ctl:u_core_ctl|perips_csraddr[6]                                                    ;
; core_ctl:u_core_ctl|perips_upper[25]                                                                 ; Merged with core_ctl:u_core_ctl|perips_csraddr[5]                                                    ;
; core_ctl:u_core_ctl|perips_upper[24]                                                                 ; Merged with core_ctl:u_core_ctl|perips_csraddr[4]                                                    ;
; core_ctl:u_core_ctl|perips_upper[23]                                                                 ; Merged with core_ctl:u_core_ctl|perips_csraddr[3]                                                    ;
; core_ctl:u_core_ctl|perips_upper[22]                                                                 ; Merged with core_ctl:u_core_ctl|perips_csraddr[2]                                                    ;
; core_ctl:u_core_ctl|perips_upper[21]                                                                 ; Merged with core_ctl:u_core_ctl|perips_csraddr[1]                                                    ;
; core_ctl:u_core_ctl|perips_upper[20]                                                                 ; Merged with core_ctl:u_core_ctl|perips_csraddr[0]                                                    ;
; core_ctl:u_core_ctl|perips_upper[1..11]                                                              ; Merged with core_ctl:u_core_ctl|perips_upper[0]                                                      ;
; core_ctl:u_core_ctl|excp_cause[1]                                                                    ; Merged with core_ctl:u_core_ctl|excp_cause[0]                                                        ;
; core_ctl:u_core_ctl|excp_token                                                                       ; Merged with core_ctl:u_core_ctl|excp_cause[0]                                                        ;
; core_ctl:u_core_ctl|exe_upper[31]                                                                    ; Merged with core_ctl:u_core_ctl|exe_csraddr[11]                                                      ;
; core_ctl:u_core_ctl|exe_upper[30]                                                                    ; Merged with core_ctl:u_core_ctl|exe_csraddr[10]                                                      ;
; core_ctl:u_core_ctl|exe_upper[29]                                                                    ; Merged with core_ctl:u_core_ctl|exe_csraddr[9]                                                       ;
; core_ctl:u_core_ctl|exe_upper[28]                                                                    ; Merged with core_ctl:u_core_ctl|exe_csraddr[8]                                                       ;
; core_ctl:u_core_ctl|exe_upper[27]                                                                    ; Merged with core_ctl:u_core_ctl|exe_csraddr[7]                                                       ;
; core_ctl:u_core_ctl|exe_upper[26]                                                                    ; Merged with core_ctl:u_core_ctl|exe_csraddr[6]                                                       ;
; core_ctl:u_core_ctl|exe_upper[25]                                                                    ; Merged with core_ctl:u_core_ctl|exe_csraddr[5]                                                       ;
; core_ctl:u_core_ctl|exe_upper[24]                                                                    ; Merged with core_ctl:u_core_ctl|exe_csraddr[4]                                                       ;
; core_ctl:u_core_ctl|exe_upper[23]                                                                    ; Merged with core_ctl:u_core_ctl|exe_csraddr[3]                                                       ;
; core_ctl:u_core_ctl|exe_upper[22]                                                                    ; Merged with core_ctl:u_core_ctl|exe_csraddr[2]                                                       ;
; core_ctl:u_core_ctl|exe_upper[21]                                                                    ; Merged with core_ctl:u_core_ctl|exe_csraddr[1]                                                       ;
; core_ctl:u_core_ctl|exe_upper[20]                                                                    ; Merged with core_ctl:u_core_ctl|exe_csraddr[0]                                                       ;
; core_ctl:u_core_ctl|ifid_branch[13..31]                                                              ; Merged with core_ctl:u_core_ctl|ifid_branch[12]                                                      ;
; core_ctl:u_core_ctl|ifid_csraddr[11]                                                                 ; Merged with core_ctl:u_core_ctl|ifid_branch[12]                                                      ;
; core_ctl:u_core_ctl|ifid_jump[20..31]                                                                ; Merged with core_ctl:u_core_ctl|ifid_branch[12]                                                      ;
; core_ctl:u_core_ctl|ifid_upper[31]                                                                   ; Merged with core_ctl:u_core_ctl|ifid_branch[12]                                                      ;
; core_ctl:u_core_ctl|ifid_csraddr[10]                                                                 ; Merged with core_ctl:u_core_ctl|ifid_branch[10]                                                      ;
; core_ctl:u_core_ctl|ifid_jump[10]                                                                    ; Merged with core_ctl:u_core_ctl|ifid_branch[10]                                                      ;
; core_ctl:u_core_ctl|ifid_upper[30]                                                                   ; Merged with core_ctl:u_core_ctl|ifid_branch[10]                                                      ;
; core_ctl:u_core_ctl|ifid_csraddr[9]                                                                  ; Merged with core_ctl:u_core_ctl|ifid_branch[9]                                                       ;
; core_ctl:u_core_ctl|ifid_jump[9]                                                                     ; Merged with core_ctl:u_core_ctl|ifid_branch[9]                                                       ;
; core_ctl:u_core_ctl|ifid_upper[29]                                                                   ; Merged with core_ctl:u_core_ctl|ifid_branch[9]                                                       ;
; core_ctl:u_core_ctl|ifid_csraddr[8]                                                                  ; Merged with core_ctl:u_core_ctl|ifid_branch[8]                                                       ;
; core_ctl:u_core_ctl|ifid_jump[8]                                                                     ; Merged with core_ctl:u_core_ctl|ifid_branch[8]                                                       ;
; core_ctl:u_core_ctl|ifid_upper[28]                                                                   ; Merged with core_ctl:u_core_ctl|ifid_branch[8]                                                       ;
; core_ctl:u_core_ctl|ifid_csraddr[7]                                                                  ; Merged with core_ctl:u_core_ctl|ifid_branch[7]                                                       ;
; core_ctl:u_core_ctl|ifid_jump[7]                                                                     ; Merged with core_ctl:u_core_ctl|ifid_branch[7]                                                       ;
; core_ctl:u_core_ctl|ifid_upper[27]                                                                   ; Merged with core_ctl:u_core_ctl|ifid_branch[7]                                                       ;
; core_ctl:u_core_ctl|ifid_csraddr[6]                                                                  ; Merged with core_ctl:u_core_ctl|ifid_branch[6]                                                       ;
; core_ctl:u_core_ctl|ifid_jump[6]                                                                     ; Merged with core_ctl:u_core_ctl|ifid_branch[6]                                                       ;
; core_ctl:u_core_ctl|ifid_upper[26]                                                                   ; Merged with core_ctl:u_core_ctl|ifid_branch[6]                                                       ;
; core_ctl:u_core_ctl|ifid_csraddr[5]                                                                  ; Merged with core_ctl:u_core_ctl|ifid_branch[5]                                                       ;
; core_ctl:u_core_ctl|ifid_jump[5]                                                                     ; Merged with core_ctl:u_core_ctl|ifid_branch[5]                                                       ;
; core_ctl:u_core_ctl|ifid_upper[25]                                                                   ; Merged with core_ctl:u_core_ctl|ifid_branch[5]                                                       ;
; core_ctl:u_core_ctl|ifid_jump[4]                                                                     ; Merged with core_ctl:u_core_ctl|ifid_csraddr[4]                                                      ;
; core_ctl:u_core_ctl|ifid_upper[24]                                                                   ; Merged with core_ctl:u_core_ctl|ifid_csraddr[4]                                                      ;
; core_ctl:u_core_ctl|ifid_jump[3]                                                                     ; Merged with core_ctl:u_core_ctl|ifid_csraddr[3]                                                      ;
; core_ctl:u_core_ctl|ifid_upper[23]                                                                   ; Merged with core_ctl:u_core_ctl|ifid_csraddr[3]                                                      ;
; core_ctl:u_core_ctl|ifid_jump[2]                                                                     ; Merged with core_ctl:u_core_ctl|ifid_csraddr[2]                                                      ;
; core_ctl:u_core_ctl|ifid_upper[22]                                                                   ; Merged with core_ctl:u_core_ctl|ifid_csraddr[2]                                                      ;
; core_ctl:u_core_ctl|ifid_jump[1]                                                                     ; Merged with core_ctl:u_core_ctl|ifid_csraddr[1]                                                      ;
; core_ctl:u_core_ctl|ifid_upper[21]                                                                   ; Merged with core_ctl:u_core_ctl|ifid_csraddr[1]                                                      ;
; core_ctl:u_core_ctl|ifid_jump[11]                                                                    ; Merged with core_ctl:u_core_ctl|ifid_csraddr[0]                                                      ;
; core_ctl:u_core_ctl|ifid_upper[20]                                                                   ; Merged with core_ctl:u_core_ctl|ifid_csraddr[0]                                                      ;
; core_ctl:u_core_ctl|ifid_upper[19]                                                                   ; Merged with core_ctl:u_core_ctl|ifid_jump[19]                                                        ;
; core_ctl:u_core_ctl|ifid_upper[18]                                                                   ; Merged with core_ctl:u_core_ctl|ifid_jump[18]                                                        ;
; core_ctl:u_core_ctl|ifid_upper[17]                                                                   ; Merged with core_ctl:u_core_ctl|ifid_jump[17]                                                        ;
; core_ctl:u_core_ctl|ifid_upper[16]                                                                   ; Merged with core_ctl:u_core_ctl|ifid_jump[16]                                                        ;
; core_ctl:u_core_ctl|ifid_upper[15]                                                                   ; Merged with core_ctl:u_core_ctl|ifid_jump[15]                                                        ;
; core_ctl:u_core_ctl|ifid_upper[14]                                                                   ; Merged with core_ctl:u_core_ctl|ifid_jump[14]                                                        ;
; core_ctl:u_core_ctl|ifid_upper[13]                                                                   ; Merged with core_ctl:u_core_ctl|ifid_jump[13]                                                        ;
; core_ctl:u_core_ctl|ifid_upper[12]                                                                   ; Merged with core_ctl:u_core_ctl|ifid_jump[12]                                                        ;
; core_ctl:u_core_ctl|ifid_regdest[4]                                                                  ; Merged with core_ctl:u_core_ctl|ifid_branch[4]                                                       ;
; core_ctl:u_core_ctl|ifid_regdest[3]                                                                  ; Merged with core_ctl:u_core_ctl|ifid_branch[3]                                                       ;
; core_ctl:u_core_ctl|ifid_regdest[2]                                                                  ; Merged with core_ctl:u_core_ctl|ifid_branch[2]                                                       ;
; core_ctl:u_core_ctl|ifid_regdest[1]                                                                  ; Merged with core_ctl:u_core_ctl|ifid_branch[1]                                                       ;
; core_ctl:u_core_ctl|ifid_regdest[0]                                                                  ; Merged with core_ctl:u_core_ctl|ifid_branch[11]                                                      ;
; core_ctl:u_core_ctl|perips_upper[0]                                                                  ; Stuck at GND due to stuck port data_in                                                               ;
; core_ctl:u_core_ctl|core_perips:u_core_perips|axil_uart:u_axil_uart|s_axil_rdata_reg[31]             ; Stuck at GND due to stuck port data_in                                                               ;
; core_ctl:u_core_ctl|regfile:u_regfile|regfile[0][0]                                                  ; Stuck at GND due to stuck port data_in                                                               ;
; core_ctl:u_core_ctl|regfile:u_regfile|regfile[0][1]                                                  ; Stuck at GND due to stuck port data_in                                                               ;
; core_ctl:u_core_ctl|regfile:u_regfile|regfile[0][2]                                                  ; Stuck at GND due to stuck port data_in                                                               ;
; core_ctl:u_core_ctl|regfile:u_regfile|regfile[0][3]                                                  ; Stuck at GND due to stuck port data_in                                                               ;
; core_ctl:u_core_ctl|regfile:u_regfile|regfile[0][4]                                                  ; Stuck at GND due to stuck port data_in                                                               ;
; core_ctl:u_core_ctl|regfile:u_regfile|regfile[0][5]                                                  ; Stuck at GND due to stuck port data_in                                                               ;
; core_ctl:u_core_ctl|regfile:u_regfile|regfile[0][6]                                                  ; Stuck at GND due to stuck port data_in                                                               ;
; core_ctl:u_core_ctl|regfile:u_regfile|regfile[0][7]                                                  ; Stuck at GND due to stuck port data_in                                                               ;
; core_ctl:u_core_ctl|regfile:u_regfile|regfile[0][8]                                                  ; Stuck at GND due to stuck port data_in                                                               ;
; core_ctl:u_core_ctl|regfile:u_regfile|regfile[0][9]                                                  ; Stuck at GND due to stuck port data_in                                                               ;
; core_ctl:u_core_ctl|regfile:u_regfile|regfile[0][10]                                                 ; Stuck at GND due to stuck port data_in                                                               ;
; core_ctl:u_core_ctl|regfile:u_regfile|regfile[0][11]                                                 ; Stuck at GND due to stuck port data_in                                                               ;
; core_ctl:u_core_ctl|regfile:u_regfile|regfile[0][12]                                                 ; Stuck at GND due to stuck port data_in                                                               ;
; core_ctl:u_core_ctl|regfile:u_regfile|regfile[0][13]                                                 ; Stuck at GND due to stuck port data_in                                                               ;
; core_ctl:u_core_ctl|regfile:u_regfile|regfile[0][14]                                                 ; Stuck at GND due to stuck port data_in                                                               ;
; core_ctl:u_core_ctl|regfile:u_regfile|regfile[0][15]                                                 ; Stuck at GND due to stuck port data_in                                                               ;
; core_ctl:u_core_ctl|regfile:u_regfile|regfile[0][16]                                                 ; Stuck at GND due to stuck port data_in                                                               ;
; core_ctl:u_core_ctl|regfile:u_regfile|regfile[0][17]                                                 ; Stuck at GND due to stuck port data_in                                                               ;
; core_ctl:u_core_ctl|regfile:u_regfile|regfile[0][18]                                                 ; Stuck at GND due to stuck port data_in                                                               ;
; core_ctl:u_core_ctl|regfile:u_regfile|regfile[0][19]                                                 ; Stuck at GND due to stuck port data_in                                                               ;
; core_ctl:u_core_ctl|regfile:u_regfile|regfile[0][20]                                                 ; Stuck at GND due to stuck port data_in                                                               ;
; core_ctl:u_core_ctl|regfile:u_regfile|regfile[0][21]                                                 ; Stuck at GND due to stuck port data_in                                                               ;
; core_ctl:u_core_ctl|regfile:u_regfile|regfile[0][22]                                                 ; Stuck at GND due to stuck port data_in                                                               ;
; core_ctl:u_core_ctl|regfile:u_regfile|regfile[0][23]                                                 ; Stuck at GND due to stuck port data_in                                                               ;
; core_ctl:u_core_ctl|regfile:u_regfile|regfile[0][24]                                                 ; Stuck at GND due to stuck port data_in                                                               ;
; core_ctl:u_core_ctl|regfile:u_regfile|regfile[0][25]                                                 ; Stuck at GND due to stuck port data_in                                                               ;
; core_ctl:u_core_ctl|regfile:u_regfile|regfile[0][26]                                                 ; Stuck at GND due to stuck port data_in                                                               ;
; core_ctl:u_core_ctl|regfile:u_regfile|regfile[0][27]                                                 ; Stuck at GND due to stuck port data_in                                                               ;
; core_ctl:u_core_ctl|regfile:u_regfile|regfile[0][28]                                                 ; Stuck at GND due to stuck port data_in                                                               ;
; core_ctl:u_core_ctl|regfile:u_regfile|regfile[0][29]                                                 ; Stuck at GND due to stuck port data_in                                                               ;
; core_ctl:u_core_ctl|regfile:u_regfile|regfile[0][30]                                                 ; Stuck at GND due to stuck port data_in                                                               ;
; core_ctl:u_core_ctl|regfile:u_regfile|regfile[0][31]                                                 ; Stuck at GND due to stuck port data_in                                                               ;
; core_ctl:u_core_ctl|core_perips:u_core_perips|axil_uart:u_axil_uart|rx_state~6                       ; Lost fanout                                                                                          ;
; core_ctl:u_core_ctl|core_perips:u_core_perips|axil_uart:u_axil_uart|rx_state~7                       ; Lost fanout                                                                                          ;
; core_ctl:u_core_ctl|core_perips:u_core_perips|axil_uart:u_axil_uart|rx_state~8                       ; Lost fanout                                                                                          ;
; core_ctl:u_core_ctl|core_perips:u_core_perips|axil_uart:u_axil_uart|tx_state~5                       ; Lost fanout                                                                                          ;
; core_ctl:u_core_ctl|core_perips:u_core_perips|axil_uart:u_axil_uart|tx_state~6                       ; Lost fanout                                                                                          ;
; core_ctl:u_core_ctl|core_perips:u_core_perips|axil_uart:u_axil_uart|tx_state~7                       ; Lost fanout                                                                                          ;
; core_ctl:u_core_ctl|core_perips:u_core_perips|axil_master:u_axil_master|state~7                      ; Lost fanout                                                                                          ;
; core_ctl:u_core_ctl|core_perips:u_core_perips|axil_master:u_axil_master|state~8                      ; Lost fanout                                                                                          ;
; core_ctl:u_core_ctl|core_perips:u_core_perips|axil_master:u_axil_master|state~9                      ; Lost fanout                                                                                          ;
; Total Number of Removed Registers = 263                                                              ;                                                                                                      ;
+------------------------------------------------------------------------------------------------------+------------------------------------------------------------------------------------------------------+


+-----------------------------------------------------------------------------------------------------------------------------------------+
; Removed Registers Triggering Further Register Optimizations                                                                             ;
+------------------------------------+---------------------------+------------------------------------------------------------------------+
; Register name                      ; Reason for Removal        ; Registers Removed due to This Register                                 ;
+------------------------------------+---------------------------+------------------------------------------------------------------------+
; core_ctl:u_core_ctl|ifid_upper[0]  ; Stuck at GND              ; core_ctl:u_core_ctl|exe_upper[0], core_ctl:u_core_ctl|perips_upper[0], ;
;                                    ; due to stuck port data_in ; core_ctl:u_core_ctl|regfile:u_regfile|regfile[0][0],                   ;
;                                    ;                           ; core_ctl:u_core_ctl|regfile:u_regfile|regfile[0][1],                   ;
;                                    ;                           ; core_ctl:u_core_ctl|regfile:u_regfile|regfile[0][2],                   ;
;                                    ;                           ; core_ctl:u_core_ctl|regfile:u_regfile|regfile[0][3],                   ;
;                                    ;                           ; core_ctl:u_core_ctl|regfile:u_regfile|regfile[0][4],                   ;
;                                    ;                           ; core_ctl:u_core_ctl|regfile:u_regfile|regfile[0][5],                   ;
;                                    ;                           ; core_ctl:u_core_ctl|regfile:u_regfile|regfile[0][6],                   ;
;                                    ;                           ; core_ctl:u_core_ctl|regfile:u_regfile|regfile[0][7],                   ;
;                                    ;                           ; core_ctl:u_core_ctl|regfile:u_regfile|regfile[0][8],                   ;
;                                    ;                           ; core_ctl:u_core_ctl|regfile:u_regfile|regfile[0][9],                   ;
;                                    ;                           ; core_ctl:u_core_ctl|regfile:u_regfile|regfile[0][10],                  ;
;                                    ;                           ; core_ctl:u_core_ctl|regfile:u_regfile|regfile[0][11],                  ;
;                                    ;                           ; core_ctl:u_core_ctl|regfile:u_regfile|regfile[0][24],                  ;
;                                    ;                           ; core_ctl:u_core_ctl|regfile:u_regfile|regfile[0][25],                  ;
;                                    ;                           ; core_ctl:u_core_ctl|regfile:u_regfile|regfile[0][26],                  ;
;                                    ;                           ; core_ctl:u_core_ctl|regfile:u_regfile|regfile[0][27],                  ;
;                                    ;                           ; core_ctl:u_core_ctl|regfile:u_regfile|regfile[0][28],                  ;
;                                    ;                           ; core_ctl:u_core_ctl|regfile:u_regfile|regfile[0][29],                  ;
;                                    ;                           ; core_ctl:u_core_ctl|regfile:u_regfile|regfile[0][30],                  ;
;                                    ;                           ; core_ctl:u_core_ctl|regfile:u_regfile|regfile[0][31]                   ;
; core_ctl:u_core_ctl|ifid_upper[11] ; Stuck at GND              ; core_ctl:u_core_ctl|exe_upper[11]                                      ;
;                                    ; due to stuck port data_in ;                                                                        ;
; core_ctl:u_core_ctl|ifid_upper[10] ; Stuck at GND              ; core_ctl:u_core_ctl|exe_upper[10]                                      ;
;                                    ; due to stuck port data_in ;                                                                        ;
; core_ctl:u_core_ctl|ifid_upper[9]  ; Stuck at GND              ; core_ctl:u_core_ctl|exe_upper[9]                                       ;
;                                    ; due to stuck port data_in ;                                                                        ;
; core_ctl:u_core_ctl|ifid_upper[8]  ; Stuck at GND              ; core_ctl:u_core_ctl|exe_upper[8]                                       ;
;                                    ; due to stuck port data_in ;                                                                        ;
; core_ctl:u_core_ctl|ifid_upper[7]  ; Stuck at GND              ; core_ctl:u_core_ctl|exe_upper[7]                                       ;
;                                    ; due to stuck port data_in ;                                                                        ;
; core_ctl:u_core_ctl|ifid_upper[6]  ; Stuck at GND              ; core_ctl:u_core_ctl|exe_upper[6]                                       ;
;                                    ; due to stuck port data_in ;                                                                        ;
; core_ctl:u_core_ctl|ifid_upper[5]  ; Stuck at GND              ; core_ctl:u_core_ctl|exe_upper[5]                                       ;
;                                    ; due to stuck port data_in ;                                                                        ;
; core_ctl:u_core_ctl|ifid_upper[4]  ; Stuck at GND              ; core_ctl:u_core_ctl|exe_upper[4]                                       ;
;                                    ; due to stuck port data_in ;                                                                        ;
; core_ctl:u_core_ctl|ifid_upper[3]  ; Stuck at GND              ; core_ctl:u_core_ctl|exe_upper[3]                                       ;
;                                    ; due to stuck port data_in ;                                                                        ;
; core_ctl:u_core_ctl|ifid_upper[2]  ; Stuck at GND              ; core_ctl:u_core_ctl|exe_upper[2]                                       ;
;                                    ; due to stuck port data_in ;                                                                        ;
; core_ctl:u_core_ctl|ifid_upper[1]  ; Stuck at GND              ; core_ctl:u_core_ctl|exe_upper[1]                                       ;
;                                    ; due to stuck port data_in ;                                                                        ;
+------------------------------------+---------------------------+------------------------------------------------------------------------+


+------------------------------------------------------+
; General Register Statistics                          ;
+----------------------------------------------+-------+
; Statistic                                    ; Value ;
+----------------------------------------------+-------+
; Total registers                              ; 2481  ;
; Number of registers using Synchronous Clear  ; 158   ;
; Number of registers using Synchronous Load   ; 135   ;
; Number of registers using Asynchronous Clear ; 1943  ;
; Number of registers using Asynchronous Load  ; 0     ;
; Number of registers using Clock Enable       ; 2250  ;
; Number of registers using Preset             ; 0     ;
+----------------------------------------------+-------+


+--------------------------------------------------------------------+
; Inverted Register Statistics                                       ;
+----------------------------------------------------------+---------+
; Inverted Register                                        ; Fan out ;
+----------------------------------------------------------+---------+
; core_ctl:u_core_ctl|wb_token                             ; 40      ;
; core_ctl:u_core_ctl|regfile_csr:u_regfile_csr|csr[0][3]  ; 4       ;
; core_ctl:u_core_ctl|regfile_csr:u_regfile_csr|csr[0][12] ; 1       ;
; core_ctl:u_core_ctl|regfile_csr:u_regfile_csr|csr[0][11] ; 1       ;
; core_ctl:u_core_ctl|regfile_csr:u_regfile_csr|csr[0][7]  ; 3       ;
; Total number of inverted registers = 5                   ;         ;
+----------------------------------------------------------+---------+


+--------------------------------------------------------------------------------------------------------------------------------------------------------------------------------------------+
; Registers Packed Into Inferred Megafunctions                                                                                                                                               ;
+-------------------------------------------------------------------------------------------+-----------------------------------------------------------------------------------------+------+
; Register Name                                                                             ; Megafunction                                                                            ; Type ;
+-------------------------------------------------------------------------------------------+-----------------------------------------------------------------------------------------+------+
; core_ctl:u_core_ctl|core_if:u_core_if|ins[0..31]                                          ; core_ctl:u_core_ctl|core_if:u_core_if|ins_mem_rtl_0                                     ; RAM  ;
; core_ctl:u_core_ctl|core_perips:u_core_perips|mem_ctl:mem|mem_cell:u_cell3|data_out[0..7] ; core_ctl:u_core_ctl|core_perips:u_core_perips|mem_ctl:mem|mem_cell:u_cell3|memory_rtl_0 ; RAM  ;
; core_ctl:u_core_ctl|core_perips:u_core_perips|mem_ctl:mem|mem_cell:u_cell2|data_out[0..7] ; core_ctl:u_core_ctl|core_perips:u_core_perips|mem_ctl:mem|mem_cell:u_cell2|memory_rtl_0 ; RAM  ;
; core_ctl:u_core_ctl|core_perips:u_core_perips|mem_ctl:mem|mem_cell:u_cell1|data_out[0..7] ; core_ctl:u_core_ctl|core_perips:u_core_perips|mem_ctl:mem|mem_cell:u_cell1|memory_rtl_0 ; RAM  ;
; core_ctl:u_core_ctl|core_perips:u_core_perips|mem_ctl:mem|mem_cell:u_cell0|data_out[0..7] ; core_ctl:u_core_ctl|core_perips:u_core_perips|mem_ctl:mem|mem_cell:u_cell0|memory_rtl_0 ; RAM  ;
+-------------------------------------------------------------------------------------------+-----------------------------------------------------------------------------------------+------+


+-------------------------------------------------------------------------------------------------------------------------------------------------------------------------------------------------------------+
; Multiplexer Restructuring Statistics (Restructuring Performed)                                                                                                                                              ;
+--------------------+-----------+---------------+----------------------+------------------------+------------+-----------------------------------------------------------------------------------------------+
; Multiplexer Inputs ; Bus Width ; Baseline Area ; Area if Restructured ; Saving if Restructured ; Registered ; Example Multiplexer Output                                                                    ;
+--------------------+-----------+---------------+----------------------+------------------------+------------+-----------------------------------------------------------------------------------------------+
; 3:1                ; 4 bits    ; 8 LEs         ; 4 LEs                ; 4 LEs                  ; Yes        ; |top|core_ctl:u_core_ctl|core_perips:u_core_perips|axil_gpio:u_axil_gpio|gpio_data_out[0]     ;
; 3:1                ; 2 bits    ; 4 LEs         ; 2 LEs                ; 2 LEs                  ; Yes        ; |top|core_ctl:u_core_ctl|core_perips:u_core_perips|axil_uart:u_axil_uart|rx_en                ;
; 3:1                ; 3 bits    ; 6 LEs         ; 3 LEs                ; 3 LEs                  ; Yes        ; |top|core_ctl:u_core_ctl|core_perips:u_core_perips|axil_uart:u_axil_uart|read_addr_reg[2]     ;
; 3:1                ; 37 bits   ; 74 LEs        ; 37 LEs               ; 37 LEs                 ; Yes        ; |top|core_ctl:u_core_ctl|core_perips:u_core_perips|axil_gpio:u_axil_gpio|axi_wdata[28]        ;
; 3:1                ; 19 bits   ; 38 LEs        ; 19 LEs               ; 19 LEs                 ; Yes        ; |top|core_ctl:u_core_ctl|core_perips:u_core_perips|axil_uart:u_axil_uart|write_data_reg[13]   ;
; 3:1                ; 16 bits   ; 32 LEs        ; 16 LEs               ; 16 LEs                 ; Yes        ; |top|core_ctl:u_core_ctl|core_perips:u_core_perips|axil_uart:u_axil_uart|baud_div[3]          ;
; 3:1                ; 3 bits    ; 6 LEs         ; 3 LEs                ; 3 LEs                  ; Yes        ; |top|core_ctl:u_core_ctl|excp_cause[0]                                                        ;
; 3:1                ; 8 bits    ; 16 LEs        ; 8 LEs                ; 8 LEs                  ; Yes        ; |top|core_ctl:u_core_ctl|core_perips:u_core_perips|axil_uart:u_axil_uart|tx_data[6]           ;
; 3:1                ; 37 bits   ; 74 LEs        ; 37 LEs               ; 37 LEs                 ; Yes        ; |top|core_ctl:u_core_ctl|core_perips:u_core_perips|axil_master:u_axil_master|m_axil_wdata[9]  ;
; 3:1                ; 32 bits   ; 64 LEs        ; 64 LEs               ; 0 LEs                  ; Yes        ; |top|core_ctl:u_core_ctl|core_perips:u_core_perips|clint:u_clint|mtime[56]                    ;
; 3:1                ; 32 bits   ; 64 LEs        ; 64 LEs               ; 0 LEs                  ; Yes        ; |top|core_ctl:u_core_ctl|core_perips:u_core_perips|clint:u_clint|mtime[19]                    ;
; 3:1                ; 32 bits   ; 64 LEs        ; 32 LEs               ; 32 LEs                 ; Yes        ; |top|core_ctl:u_core_ctl|core_perips:u_core_perips|clint:u_clint|mtimecmp[55]                 ;
; 3:1                ; 32 bits   ; 64 LEs        ; 32 LEs               ; 32 LEs                 ; Yes        ; |top|core_ctl:u_core_ctl|core_perips:u_core_perips|clint:u_clint|mtimecmp[18]                 ;
; 3:1                ; 3 bits    ; 6 LEs         ; 3 LEs                ; 3 LEs                  ; Yes        ; |top|core_ctl:u_core_ctl|core_perips:u_core_perips|axil_master:u_axil_master|m_axil_araddr[3] ;
; 3:1                ; 8 bits    ; 16 LEs        ; 8 LEs                ; 8 LEs                  ; Yes        ; |top|core_ctl:u_core_ctl|core_perips:u_core_perips|axil_gpio:u_axil_gpio|gpio_dir[38]         ;
; 3:1                ; 8 bits    ; 16 LEs        ; 8 LEs                ; 8 LEs                  ; Yes        ; |top|core_ctl:u_core_ctl|core_perips:u_core_perips|axil_gpio:u_axil_gpio|gpio_dir[3]          ;
; 3:1                ; 8 bits    ; 16 LEs        ; 8 LEs                ; 8 LEs                  ; Yes        ; |top|core_ctl:u_core_ctl|core_perips:u_core_perips|axil_uart:u_axil_uart|rx_data[1]           ;
; 3:1                ; 8 bits    ; 16 LEs        ; 8 LEs                ; 8 LEs                  ; Yes        ; |top|core_ctl:u_core_ctl|core_perips:u_core_perips|axil_gpio:u_axil_gpio|gpio_dir[45]         ;
; 3:1                ; 8 bits    ; 16 LEs        ; 8 LEs                ; 8 LEs                  ; Yes        ; |top|core_ctl:u_core_ctl|core_perips:u_core_perips|axil_gpio:u_axil_gpio|gpio_dir[12]         ;
; 3:1                ; 16 bits   ; 32 LEs        ; 16 LEs               ; 16 LEs                 ; Yes        ; |top|core_ctl:u_core_ctl|core_perips:u_core_perips|axil_gpio:u_axil_gpio|gpio_dir[62]         ;
; 3:1                ; 16 bits   ; 32 LEs        ; 16 LEs               ; 16 LEs                 ; Yes        ; |top|core_ctl:u_core_ctl|core_perips:u_core_perips|axil_gpio:u_axil_gpio|gpio_dir[28]         ;
; 3:1                ; 32 bits   ; 64 LEs        ; 32 LEs               ; 32 LEs                 ; Yes        ; |top|core_ctl:u_core_ctl|regfile_csr:u_regfile_csr|csr[7][8]                                  ;
; 3:1                ; 20 bits   ; 40 LEs        ; 40 LEs               ; 0 LEs                  ; Yes        ; |top|core_ctl:u_core_ctl|ifid_alusrc2[27]                                                     ;
; 3:1                ; 16 bits   ; 32 LEs        ; 16 LEs               ; 16 LEs                 ; Yes        ; |top|core_ctl:u_core_ctl|core_perips:u_core_perips|axil_uart:u_axil_uart|baud_counter[2]      ;
; 4:1                ; 7 bits    ; 14 LEs        ; 14 LEs               ; 0 LEs                  ; Yes        ; |top|core_ctl:u_core_ctl|core_perips:u_core_perips|axil_uart:u_axil_uart|tx_shift_reg[4]      ;
; 4:1                ; 32 bits   ; 64 LEs        ; 64 LEs               ; 0 LEs                  ; Yes        ; |top|core_ctl:u_core_ctl|wb_pc[0]                                                             ;
; 4:1                ; 8 bits    ; 16 LEs        ; 8 LEs                ; 8 LEs                  ; Yes        ; |top|core_ctl:u_core_ctl|core_perips:u_core_perips|axil_uart:u_axil_uart|s_axil_rdata_reg[10] ;
; 5:1                ; 7 bits    ; 21 LEs        ; 14 LEs               ; 7 LEs                  ; Yes        ; |top|core_ctl:u_core_ctl|ifid_alusrc2[5]                                                      ;
; 7:1                ; 5 bits    ; 20 LEs        ; 15 LEs               ; 5 LEs                  ; Yes        ; |top|core_ctl:u_core_ctl|ifid_alusrc2[4]                                                      ;
; 5:1                ; 32 bits   ; 96 LEs        ; 64 LEs               ; 32 LEs                 ; Yes        ; |top|core_ctl:u_core_ctl|regfile_csr:u_regfile_csr|csr[5][23]                                 ;
; 5:1                ; 29 bits   ; 87 LEs        ; 58 LEs               ; 29 LEs                 ; Yes        ; |top|core_ctl:u_core_ctl|regfile_csr:u_regfile_csr|csr[6][27]                                 ;
; 5:1                ; 3 bits    ; 9 LEs         ; 6 LEs                ; 3 LEs                  ; Yes        ; |top|core_ctl:u_core_ctl|regfile_csr:u_regfile_csr|csr[6][1]                                  ;
; 6:1                ; 28 bits   ; 112 LEs       ; 56 LEs               ; 56 LEs                 ; Yes        ; |top|core_ctl:u_core_ctl|core_perips:u_core_perips|axil_gpio:u_axil_gpio|s_axil_rdata_reg[23] ;
; 6:1                ; 4 bits    ; 16 LEs        ; 8 LEs                ; 8 LEs                  ; Yes        ; |top|core_ctl:u_core_ctl|core_perips:u_core_perips|axil_gpio:u_axil_gpio|s_axil_rdata_reg[1]  ;
; 10:1               ; 4 bits    ; 24 LEs        ; 8 LEs                ; 16 LEs                 ; Yes        ; |top|core_ctl:u_core_ctl|core_perips:u_core_perips|axil_uart:u_axil_uart|s_axil_rdata_reg[4]  ;
; 10:1               ; 2 bits    ; 12 LEs        ; 8 LEs                ; 4 LEs                  ; Yes        ; |top|core_ctl:u_core_ctl|core_perips:u_core_perips|axil_uart:u_axil_uart|s_axil_rdata_reg[3]  ;
; 10:1               ; 2 bits    ; 12 LEs        ; 8 LEs                ; 4 LEs                  ; Yes        ; |top|core_ctl:u_core_ctl|core_perips:u_core_perips|axil_uart:u_axil_uart|s_axil_rdata_reg[1]  ;
; 5:1                ; 32 bits   ; 96 LEs        ; 96 LEs               ; 0 LEs                  ; Yes        ; |top|core_ctl:u_core_ctl|core_perips:u_core_perips|clint:u_clint|odata[11]                    ;
; 33:1               ; 5 bits    ; 110 LEs       ; 110 LEs              ; 0 LEs                  ; Yes        ; |top|core_ctl:u_core_ctl|ifid_alusrc1[1]                                                      ;
; 33:1               ; 27 bits   ; 594 LEs       ; 594 LEs              ; 0 LEs                  ; Yes        ; |top|core_ctl:u_core_ctl|ifid_alusrc1[18]                                                     ;
; 7:1                ; 12 bits   ; 48 LEs        ; 12 LEs               ; 36 LEs                 ; Yes        ; |top|core_ctl:u_core_ctl|core_perips:u_core_perips|axil_uart:u_axil_uart|rx_shift_reg[1]      ;
; 7:1                ; 4 bits    ; 16 LEs        ; 4 LEs                ; 12 LEs                 ; Yes        ; |top|core_ctl:u_core_ctl|core_perips:u_core_perips|axil_uart:u_axil_uart|tx_bit_count[0]      ;
; 6:1                ; 4 bits    ; 16 LEs        ; 4 LEs                ; 12 LEs                 ; Yes        ; |top|core_ctl:u_core_ctl|core_perips:u_core_perips|axil_uart:u_axil_uart|tx_sample_count[3]   ;
; 9:1                ; 16 bits   ; 96 LEs        ; 48 LEs               ; 48 LEs                 ; Yes        ; |top|core_ctl:u_core_ctl|perips_data[26]                                                      ;
; 9:1                ; 16 bits   ; 96 LEs        ; 64 LEs               ; 32 LEs                 ; Yes        ; |top|core_ctl:u_core_ctl|perips_data[9]                                                       ;
; 9:1                ; 4 bits    ; 24 LEs        ; 4 LEs                ; 20 LEs                 ; Yes        ; |top|core_ctl:u_core_ctl|core_perips:u_core_perips|axil_uart:u_axil_uart|rx_sample_count[2]   ;
; 22:1               ; 31 bits   ; 434 LEs       ; 62 LEs               ; 372 LEs                ; Yes        ; |top|core_ctl:u_core_ctl|exe_nextpc[16]                                                       ;
; 135:1              ; 2 bits    ; 180 LEs       ; 20 LEs               ; 160 LEs                ; Yes        ; |top|core_ctl:u_core_ctl|ifid_ctl_alufunc[1]                                                  ;
; 1:1                ; 13 bits   ; 0 LEs         ; 0 LEs                ; 0 LEs                  ; No         ; |top|core_ctl:u_core_ctl|core_perips:u_core_perips|mem_ctl:mem|Add0                           ;
; 3:1                ; 4 bits    ; 8 LEs         ; 8 LEs                ; 0 LEs                  ; No         ; |top|core_ctl:u_core_ctl|core_perips:u_core_perips|s_axil_arready                             ;
; 5:1                ; 2 bits    ; 6 LEs         ; 4 LEs                ; 2 LEs                  ; No         ; |top|core_ctl:u_core_ctl|core_perips:u_core_perips|mem_ctl:mem|Mux0                           ;
; 5:1                ; 2 bits    ; 6 LEs         ; 4 LEs                ; 2 LEs                  ; No         ; |top|core_ctl:u_core_ctl|core_perips:u_core_perips|mem_ctl:mem|Mux2                           ;
; 16:1               ; 2 bits    ; 20 LEs        ; 6 LEs                ; 14 LEs                 ; No         ; |top|core_ctl:u_core_ctl|core_wb:u_core_wb|Mux31                                              ;
; 16:1               ; 5 bits    ; 50 LEs        ; 20 LEs               ; 30 LEs                 ; No         ; |top|core_ctl:u_core_ctl|core_wb:u_core_wb|Mux29                                              ;
; 32:1               ; 32 bits   ; 672 LEs       ; 672 LEs              ; 0 LEs                  ; No         ; |top|core_ctl:u_core_ctl|regfile:u_regfile|Mux58                                              ;
; 12:1               ; 4 bits    ; 32 LEs        ; 20 LEs               ; 12 LEs                 ; No         ; |top|core_ctl:u_core_ctl|core_wb:u_core_wb|Mux20                                              ;
; 12:1               ; 3 bits    ; 24 LEs        ; 15 LEs               ; 9 LEs                  ; No         ; |top|core_ctl:u_core_ctl|core_wb:u_core_wb|Mux18                                              ;
; 5:1                ; 2 bits    ; 6 LEs         ; 6 LEs                ; 0 LEs                  ; No         ; |top|core_ctl:u_core_ctl|core_perips:u_core_perips|axil_uart:u_axil_uart|tx_state             ;
; 11:1               ; 16 bits   ; 112 LEs       ; 80 LEs               ; 32 LEs                 ; No         ; |top|core_ctl:u_core_ctl|core_wb:u_core_wb|Mux11                                              ;
; 10:1               ; 2 bits    ; 12 LEs        ; 6 LEs                ; 6 LEs                  ; No         ; |top|core_ctl:u_core_ctl|core_perips:u_core_perips|axil_uart:u_axil_uart|rx_state             ;
; 10:1               ; 2 bits    ; 12 LEs        ; 6 LEs                ; 6 LEs                  ; No         ; |top|core_ctl:u_core_ctl|core_perips:u_core_perips|axil_uart:u_axil_uart|rx_state             ;
; 6:1                ; 2 bits    ; 8 LEs         ; 8 LEs                ; 0 LEs                  ; No         ; |top|core_ctl:u_core_ctl|core_perips:u_core_perips|axil_uart:u_axil_uart|tx_state             ;
; 10:1               ; 32 bits   ; 192 LEs       ; 192 LEs              ; 0 LEs                  ; No         ; |top|core_ctl:u_core_ctl|regfile_csr:u_regfile_csr|Selector21                                 ;
; 12:1               ; 4 bits    ; 32 LEs        ; 20 LEs               ; 12 LEs                 ; No         ; |top|core_ctl:u_core_ctl|core_perips:u_core_perips|axil_master:u_axil_master|state            ;
; 12:1               ; 2 bits    ; 16 LEs        ; 4 LEs                ; 12 LEs                 ; No         ; |top|core_ctl:u_core_ctl|core_perips:u_core_perips|axil_master:u_axil_master|state            ;
; 17:1               ; 8 bits    ; 88 LEs        ; 64 LEs               ; 24 LEs                 ; No         ; |top|core_ctl:u_core_ctl|core_exe:u_core_exe|exe_alu:u_exe_alu|Mux19                          ;
; 18:1               ; 7 bits    ; 84 LEs        ; 63 LEs               ; 21 LEs                 ; No         ; |top|core_ctl:u_core_ctl|core_exe:u_core_exe|exe_alu:u_exe_alu|Mux15                          ;
; 18:1               ; 4 bits    ; 48 LEs        ; 36 LEs               ; 12 LEs                 ; No         ; |top|core_ctl:u_core_ctl|core_exe:u_core_exe|exe_alu:u_exe_alu|Mux28                          ;
; 19:1               ; 4 bits    ; 48 LEs        ; 40 LEs               ; 8 LEs                  ; No         ; |top|core_ctl:u_core_ctl|core_exe:u_core_exe|exe_alu:u_exe_alu|Mux8                           ;
; 19:1               ; 2 bits    ; 24 LEs        ; 20 LEs               ; 4 LEs                  ; No         ; |top|core_ctl:u_core_ctl|core_exe:u_core_exe|exe_alu:u_exe_alu|Mux29                          ;
; 20:1               ; 2 bits    ; 26 LEs        ; 20 LEs               ; 6 LEs                  ; No         ; |top|core_ctl:u_core_ctl|core_exe:u_core_exe|exe_alu:u_exe_alu|Mux4                           ;
+--------------------+-----------+---------------+----------------------+------------------------+------------+-----------------------------------------------------------------------------------------------+


+----------------------------------------------------------------------------------------------------------------------+
; Source assignments for core_ctl:u_core_ctl|core_if:u_core_if|altsyncram:ins_mem_rtl_0|altsyncram_sr81:auto_generated ;
+---------------------------------+--------------------+------+--------------------------------------------------------+
; Assignment                      ; Value              ; From ; To                                                     ;
+---------------------------------+--------------------+------+--------------------------------------------------------+
; OPTIMIZE_POWER_DURING_SYNTHESIS ; NORMAL_COMPILATION ; -    ; -                                                      ;
+---------------------------------+--------------------+------+--------------------------------------------------------+


+----------------------------------------------------------------------------------------------------------------------------------------------------------+
; Source assignments for core_ctl:u_core_ctl|core_perips:u_core_perips|mem_ctl:mem|mem_cell:u_cell3|altsyncram:memory_rtl_0|altsyncram_j3f1:auto_generated ;
+---------------------------------+--------------------+------+--------------------------------------------------------------------------------------------+
; Assignment                      ; Value              ; From ; To                                                                                         ;
+---------------------------------+--------------------+------+--------------------------------------------------------------------------------------------+
; OPTIMIZE_POWER_DURING_SYNTHESIS ; NORMAL_COMPILATION ; -    ; -                                                                                          ;
+---------------------------------+--------------------+------+--------------------------------------------------------------------------------------------+


+----------------------------------------------------------------------------------------------------------------------------------------------------------+
; Source assignments for core_ctl:u_core_ctl|core_perips:u_core_perips|mem_ctl:mem|mem_cell:u_cell2|altsyncram:memory_rtl_0|altsyncram_lte1:auto_generated ;
+---------------------------------+--------------------+------+--------------------------------------------------------------------------------------------+
; Assignment                      ; Value              ; From ; To                                                                                         ;
+---------------------------------+--------------------+------+--------------------------------------------------------------------------------------------+
; OPTIMIZE_POWER_DURING_SYNTHESIS ; NORMAL_COMPILATION ; -    ; -                                                                                          ;
+---------------------------------+--------------------+------+--------------------------------------------------------------------------------------------+


+----------------------------------------------------------------------------------------------------------------------------------------------------------+
; Source assignments for core_ctl:u_core_ctl|core_perips:u_core_perips|mem_ctl:mem|mem_cell:u_cell1|altsyncram:memory_rtl_0|altsyncram_3ve1:auto_generated ;
+---------------------------------+--------------------+------+--------------------------------------------------------------------------------------------+
; Assignment                      ; Value              ; From ; To                                                                                         ;
+---------------------------------+--------------------+------+--------------------------------------------------------------------------------------------+
; OPTIMIZE_POWER_DURING_SYNTHESIS ; NORMAL_COMPILATION ; -    ; -                                                                                          ;
+---------------------------------+--------------------+------+--------------------------------------------------------------------------------------------+


+----------------------------------------------------------------------------------------------------------------------------------------------------------+
; Source assignments for core_ctl:u_core_ctl|core_perips:u_core_perips|mem_ctl:mem|mem_cell:u_cell0|altsyncram:memory_rtl_0|altsyncram_gqe1:auto_generated ;
+---------------------------------+--------------------+------+--------------------------------------------------------------------------------------------+
; Assignment                      ; Value              ; From ; To                                                                                         ;
+---------------------------------+--------------------+------+--------------------------------------------------------------------------------------------+
; OPTIMIZE_POWER_DURING_SYNTHESIS ; NORMAL_COMPILATION ; -    ; -                                                                                          ;
+---------------------------------+--------------------+------+--------------------------------------------------------------------------------------------+


+-----------------------------------------------------------------------------------------------------------------------------------------------------------------------------------------------------------------+
; Source assignments for core_ctl:u_core_ctl|core_perips:u_core_perips|mem_ctl:mem|mem_cell:u_cell3|altsyncram:memory_rtl_0|altsyncram_j3f1:auto_generated|altsyncram:ram_block1a0|altsyncram_5na3:auto_generated ;
+---------------------------------+--------------------+------+---------------------------------------------------------------------------------------------------------------------------------------------------+
; Assignment                      ; Value              ; From ; To                                                                                                                                                ;
+---------------------------------+--------------------+------+---------------------------------------------------------------------------------------------------------------------------------------------------+
; OPTIMIZE_POWER_DURING_SYNTHESIS ; NORMAL_COMPILATION ; -    ; -                                                                                                                                                 ;
+---------------------------------+--------------------+------+---------------------------------------------------------------------------------------------------------------------------------------------------+


+-----------------------------------------------------------------------------------------------------------------------------------------------------------------------------------------------------------------+
; Source assignments for core_ctl:u_core_ctl|core_perips:u_core_perips|mem_ctl:mem|mem_cell:u_cell2|altsyncram:memory_rtl_0|altsyncram_lte1:auto_generated|altsyncram:ram_block1a0|altsyncram_7ha3:auto_generated ;
+---------------------------------+--------------------+------+---------------------------------------------------------------------------------------------------------------------------------------------------+
; Assignment                      ; Value              ; From ; To                                                                                                                                                ;
+---------------------------------+--------------------+------+---------------------------------------------------------------------------------------------------------------------------------------------------+
; OPTIMIZE_POWER_DURING_SYNTHESIS ; NORMAL_COMPILATION ; -    ; -                                                                                                                                                 ;
+---------------------------------+--------------------+------+---------------------------------------------------------------------------------------------------------------------------------------------------+


+-----------------------------------------------------------------------------------------------------------------------------------------------------------------------------------------------------------------+
; Source assignments for core_ctl:u_core_ctl|core_perips:u_core_perips|mem_ctl:mem|mem_cell:u_cell1|altsyncram:memory_rtl_0|altsyncram_3ve1:auto_generated|altsyncram:ram_block1a0|altsyncram_kia3:auto_generated ;
+---------------------------------+--------------------+------+---------------------------------------------------------------------------------------------------------------------------------------------------+
; Assignment                      ; Value              ; From ; To                                                                                                                                                ;
+---------------------------------+--------------------+------+---------------------------------------------------------------------------------------------------------------------------------------------------+
; OPTIMIZE_POWER_DURING_SYNTHESIS ; NORMAL_COMPILATION ; -    ; -                                                                                                                                                 ;
+---------------------------------+--------------------+------+---------------------------------------------------------------------------------------------------------------------------------------------------+


+-----------------------------------------------------------------------------------------------------------------------------------------------------------------------------------------------------------------+
; Source assignments for core_ctl:u_core_ctl|core_perips:u_core_perips|mem_ctl:mem|mem_cell:u_cell0|altsyncram:memory_rtl_0|altsyncram_gqe1:auto_generated|altsyncram:ram_block1a0|altsyncram_2ea3:auto_generated ;
+---------------------------------+--------------------+------+---------------------------------------------------------------------------------------------------------------------------------------------------+
; Assignment                      ; Value              ; From ; To                                                                                                                                                ;
+---------------------------------+--------------------+------+---------------------------------------------------------------------------------------------------------------------------------------------------+
; OPTIMIZE_POWER_DURING_SYNTHESIS ; NORMAL_COMPILATION ; -    ; -                                                                                                                                                 ;
+---------------------------------+--------------------+------+---------------------------------------------------------------------------------------------------------------------------------------------------+


+-----------------------------------------------------------------------------------------------------------------------------------------------------------------------------+
; Source assignments for core_ctl:u_core_ctl|core_if:u_core_if|altsyncram:ins_mem_rtl_0|altsyncram_sr81:auto_generated|altsyncram:ram_block1a0|altsyncram_hr93:auto_generated ;
+---------------------------------+--------------------+------+---------------------------------------------------------------------------------------------------------------+
; Assignment                      ; Value              ; From ; To                                                                                                            ;
+---------------------------------+--------------------+------+---------------------------------------------------------------------------------------------------------------+
; OPTIMIZE_POWER_DURING_SYNTHESIS ; NORMAL_COMPILATION ; -    ; -                                                                                                             ;
+---------------------------------+--------------------+------+---------------------------------------------------------------------------------------------------------------+


+--------------------------------------------------------------------------------------------------------+
; Parameter Settings for User Entity Instance: core_ctl:u_core_ctl|core_perips:u_core_perips|mem_ctl:mem ;
+----------------+-------+-------------------------------------------------------------------------------+
; Parameter Name ; Value ; Type                                                                          ;
+----------------+-------+-------------------------------------------------------------------------------+
; MEM_WIDTH      ; 15    ; Signed Integer                                                                ;
+----------------+-------+-------------------------------------------------------------------------------+
Note: In order to hide this table in the UI and the text report file, please set the "Show Parameter Settings in Synthesis Report" option in "Analysis and Synthesis Settings -> More Settings" to "Off".


+-------------------------------------------------------------------------------------------------------------------------+
; Parameter Settings for User Entity Instance: core_ctl:u_core_ctl|core_perips:u_core_perips|mem_ctl:mem|mem_cell:u_cell0 ;
+----------------+--------------------------------+-----------------------------------------------------------------------+
; Parameter Name ; Value                          ; Type                                                                  ;
+----------------+--------------------------------+-----------------------------------------------------------------------+
; ADDR_WIDTH     ; 13                             ; Signed Integer                                                        ;
; INITIAL_PATH   ; D:\yscore\rtos\build\dmem0.mem ; String                                                                ;
+----------------+--------------------------------+-----------------------------------------------------------------------+
Note: In order to hide this table in the UI and the text report file, please set the "Show Parameter Settings in Synthesis Report" option in "Analysis and Synthesis Settings -> More Settings" to "Off".


+-------------------------------------------------------------------------------------------------------------------------+
; Parameter Settings for User Entity Instance: core_ctl:u_core_ctl|core_perips:u_core_perips|mem_ctl:mem|mem_cell:u_cell1 ;
+----------------+--------------------------------+-----------------------------------------------------------------------+
; Parameter Name ; Value                          ; Type                                                                  ;
+----------------+--------------------------------+-----------------------------------------------------------------------+
; ADDR_WIDTH     ; 13                             ; Signed Integer                                                        ;
; INITIAL_PATH   ; D:\yscore\rtos\build\dmem1.mem ; String                                                                ;
+----------------+--------------------------------+-----------------------------------------------------------------------+
Note: In order to hide this table in the UI and the text report file, please set the "Show Parameter Settings in Synthesis Report" option in "Analysis and Synthesis Settings -> More Settings" to "Off".


+-------------------------------------------------------------------------------------------------------------------------+
; Parameter Settings for User Entity Instance: core_ctl:u_core_ctl|core_perips:u_core_perips|mem_ctl:mem|mem_cell:u_cell2 ;
+----------------+--------------------------------+-----------------------------------------------------------------------+
; Parameter Name ; Value                          ; Type                                                                  ;
+----------------+--------------------------------+-----------------------------------------------------------------------+
; ADDR_WIDTH     ; 13                             ; Signed Integer                                                        ;
; INITIAL_PATH   ; D:\yscore\rtos\build\dmem2.mem ; String                                                                ;
+----------------+--------------------------------+-----------------------------------------------------------------------+
Note: In order to hide this table in the UI and the text report file, please set the "Show Parameter Settings in Synthesis Report" option in "Analysis and Synthesis Settings -> More Settings" to "Off".


+-------------------------------------------------------------------------------------------------------------------------+
; Parameter Settings for User Entity Instance: core_ctl:u_core_ctl|core_perips:u_core_perips|mem_ctl:mem|mem_cell:u_cell3 ;
+----------------+--------------------------------+-----------------------------------------------------------------------+
; Parameter Name ; Value                          ; Type                                                                  ;
+----------------+--------------------------------+-----------------------------------------------------------------------+
; ADDR_WIDTH     ; 13                             ; Signed Integer                                                        ;
; INITIAL_PATH   ; D:\yscore\rtos\build\dmem3.mem ; String                                                                ;
+----------------+--------------------------------+-----------------------------------------------------------------------+
Note: In order to hide this table in the UI and the text report file, please set the "Show Parameter Settings in Synthesis Report" option in "Analysis and Synthesis Settings -> More Settings" to "Off".


+----------------------------------------------------------------------------------------------------------------------+
; Parameter Settings for User Entity Instance: core_ctl:u_core_ctl|core_perips:u_core_perips|axil_master:u_axil_master ;
+----------------+-------+---------------------------------------------------------------------------------------------+
; Parameter Name ; Value ; Type                                                                                        ;
+----------------+-------+---------------------------------------------------------------------------------------------+
; DATA_WIDTH     ; 32    ; Signed Integer                                                                              ;
; ADDR_WIDTH     ; 32    ; Signed Integer                                                                              ;
; STRB_WIDTH     ; 4     ; Signed Integer                                                                              ;
+----------------+-------+---------------------------------------------------------------------------------------------+
Note: In order to hide this table in the UI and the text report file, please set the "Show Parameter Settings in Synthesis Report" option in "Analysis and Synthesis Settings -> More Settings" to "Off".


+------------------------------------------------------------------------------------------------------------------+
; Parameter Settings for User Entity Instance: core_ctl:u_core_ctl|core_perips:u_core_perips|axil_uart:u_axil_uart ;
+------------------+------------------+----------------------------------------------------------------------------+
; Parameter Name   ; Value            ; Type                                                                       ;
+------------------+------------------+----------------------------------------------------------------------------+
; DATA_WIDTH       ; 32               ; Signed Integer                                                             ;
; ADDR_WIDTH       ; 12               ; Signed Integer                                                             ;
; STRB_WIDTH       ; 4                ; Signed Integer                                                             ;
; DEFAULT_BAUD_DIV ; 0000000000011011 ; Unsigned Binary                                                            ;
+------------------+------------------+----------------------------------------------------------------------------+
Note: In order to hide this table in the UI and the text report file, please set the "Show Parameter Settings in Synthesis Report" option in "Analysis and Synthesis Settings -> More Settings" to "Off".


+------------------------------------------------------------------------------------------------------------------+
; Parameter Settings for User Entity Instance: core_ctl:u_core_ctl|core_perips:u_core_perips|axil_gpio:u_axil_gpio ;
+----------------+-------+-----------------------------------------------------------------------------------------+
; Parameter Name ; Value ; Type                                                                                    ;
+----------------+-------+-----------------------------------------------------------------------------------------+
; DATA_WIDTH     ; 32    ; Signed Integer                                                                          ;
; ADDR_WIDTH     ; 32    ; Signed Integer                                                                          ;
; STRB_WIDTH     ; 4     ; Signed Integer                                                                          ;
; N_GPIO         ; 64    ; Signed Integer                                                                          ;
+----------------+-------+-----------------------------------------------------------------------------------------+
Note: In order to hide this table in the UI and the text report file, please set the "Show Parameter Settings in Synthesis Report" option in "Analysis and Synthesis Settings -> More Settings" to "Off".


+-----------------------------------------------------------------------------------------------------------------+
; Parameter Settings for Inferred Entity Instance: core_ctl:u_core_ctl|core_if:u_core_if|altsyncram:ins_mem_rtl_0 ;
+------------------------------------+-----------------------------------------+----------------------------------+
; Parameter Name                     ; Value                                   ; Type                             ;
+------------------------------------+-----------------------------------------+----------------------------------+
; BYTE_SIZE_BLOCK                    ; 8                                       ; Untyped                          ;
; AUTO_CARRY_CHAINS                  ; ON                                      ; AUTO_CARRY                       ;
; IGNORE_CARRY_BUFFERS               ; OFF                                     ; IGNORE_CARRY                     ;
; AUTO_CASCADE_CHAINS                ; ON                                      ; AUTO_CASCADE                     ;
; IGNORE_CASCADE_BUFFERS             ; OFF                                     ; IGNORE_CASCADE                   ;
; WIDTH_BYTEENA                      ; 1                                       ; Untyped                          ;
; OPERATION_MODE                     ; ROM                                     ; Untyped                          ;
; WIDTH_A                            ; 32                                      ; Untyped                          ;
; WIDTHAD_A                          ; 13                                      ; Untyped                          ;
; NUMWORDS_A                         ; 4608                                    ; Untyped                          ;
; OUTDATA_REG_A                      ; UNREGISTERED                            ; Untyped                          ;
; ADDRESS_ACLR_A                     ; NONE                                    ; Untyped                          ;
; OUTDATA_ACLR_A                     ; NONE                                    ; Untyped                          ;
; WRCONTROL_ACLR_A                   ; NONE                                    ; Untyped                          ;
; INDATA_ACLR_A                      ; NONE                                    ; Untyped                          ;
; BYTEENA_ACLR_A                     ; NONE                                    ; Untyped                          ;
; WIDTH_B                            ; 1                                       ; Untyped                          ;
; WIDTHAD_B                          ; 1                                       ; Untyped                          ;
; NUMWORDS_B                         ; 1                                       ; Untyped                          ;
; INDATA_REG_B                       ; CLOCK1                                  ; Untyped                          ;
; WRCONTROL_WRADDRESS_REG_B          ; CLOCK1                                  ; Untyped                          ;
; RDCONTROL_REG_B                    ; CLOCK1                                  ; Untyped                          ;
; ADDRESS_REG_B                      ; CLOCK1                                  ; Untyped                          ;
; OUTDATA_REG_B                      ; UNREGISTERED                            ; Untyped                          ;
; BYTEENA_REG_B                      ; CLOCK1                                  ; Untyped                          ;
; INDATA_ACLR_B                      ; NONE                                    ; Untyped                          ;
; WRCONTROL_ACLR_B                   ; NONE                                    ; Untyped                          ;
; ADDRESS_ACLR_B                     ; NONE                                    ; Untyped                          ;
; OUTDATA_ACLR_B                     ; NONE                                    ; Untyped                          ;
; RDCONTROL_ACLR_B                   ; NONE                                    ; Untyped                          ;
; BYTEENA_ACLR_B                     ; NONE                                    ; Untyped                          ;
; WIDTH_BYTEENA_A                    ; 1                                       ; Untyped                          ;
; WIDTH_BYTEENA_B                    ; 1                                       ; Untyped                          ;
; RAM_BLOCK_TYPE                     ; M9K                                     ; Untyped                          ;
; BYTE_SIZE                          ; 8                                       ; Untyped                          ;
; READ_DURING_WRITE_MODE_MIXED_PORTS ; DONT_CARE                               ; Untyped                          ;
; READ_DURING_WRITE_MODE_PORT_A      ; NEW_DATA_NO_NBE_READ                    ; Untyped                          ;
; READ_DURING_WRITE_MODE_PORT_B      ; NEW_DATA_NO_NBE_READ                    ; Untyped                          ;
; INIT_FILE                          ; db/yscore.ram0_core_if_49956ffa.hdl.mif ; Untyped                          ;
; INIT_FILE_LAYOUT                   ; PORT_A                                  ; Untyped                          ;
; MAXIMUM_DEPTH                      ; 0                                       ; Untyped                          ;
; CLOCK_ENABLE_INPUT_A               ; NORMAL                                  ; Untyped                          ;
; CLOCK_ENABLE_INPUT_B               ; NORMAL                                  ; Untyped                          ;
; CLOCK_ENABLE_OUTPUT_A              ; NORMAL                                  ; Untyped                          ;
; CLOCK_ENABLE_OUTPUT_B              ; NORMAL                                  ; Untyped                          ;
; CLOCK_ENABLE_CORE_A                ; USE_INPUT_CLKEN                         ; Untyped                          ;
; CLOCK_ENABLE_CORE_B                ; USE_INPUT_CLKEN                         ; Untyped                          ;
; ENABLE_ECC                         ; FALSE                                   ; Untyped                          ;
; ECC_PIPELINE_STAGE_ENABLED         ; FALSE                                   ; Untyped                          ;
; WIDTH_ECCSTATUS                    ; 3                                       ; Untyped                          ;
; DEVICE_FAMILY                      ; Cyclone IV E                            ; Untyped                          ;
; CBXI_PARAMETER                     ; altsyncram_sr81                         ; Untyped                          ;
+------------------------------------+-----------------------------------------+----------------------------------+
Note: In order to hide this table in the UI and the text report file, please set the "Show Parameter Settings in Synthesis Report" option in "Analysis and Synthesis Settings -> More Settings" to "Off".


+-----------------------------------------------------------------------------------------------------------------------------------------------------+
; Parameter Settings for Inferred Entity Instance: core_ctl:u_core_ctl|core_perips:u_core_perips|mem_ctl:mem|mem_cell:u_cell3|altsyncram:memory_rtl_0 ;
+------------------------------------+------------------------------------------+---------------------------------------------------------------------+
; Parameter Name                     ; Value                                    ; Type                                                                ;
+------------------------------------+------------------------------------------+---------------------------------------------------------------------+
; BYTE_SIZE_BLOCK                    ; 8                                        ; Untyped                                                             ;
; AUTO_CARRY_CHAINS                  ; ON                                       ; AUTO_CARRY                                                          ;
; IGNORE_CARRY_BUFFERS               ; OFF                                      ; IGNORE_CARRY                                                        ;
; AUTO_CASCADE_CHAINS                ; ON                                       ; AUTO_CASCADE                                                        ;
; IGNORE_CASCADE_BUFFERS             ; OFF                                      ; IGNORE_CASCADE                                                      ;
; WIDTH_BYTEENA                      ; 1                                        ; Untyped                                                             ;
; OPERATION_MODE                     ; SINGLE_PORT                              ; Untyped                                                             ;
; WIDTH_A                            ; 8                                        ; Untyped                                                             ;
; WIDTHAD_A                          ; 13                                       ; Untyped                                                             ;
; NUMWORDS_A                         ; 6144                                     ; Untyped                                                             ;
; OUTDATA_REG_A                      ; UNREGISTERED                             ; Untyped                                                             ;
; ADDRESS_ACLR_A                     ; NONE                                     ; Untyped                                                             ;
; OUTDATA_ACLR_A                     ; NONE                                     ; Untyped                                                             ;
; WRCONTROL_ACLR_A                   ; NONE                                     ; Untyped                                                             ;
; INDATA_ACLR_A                      ; NONE                                     ; Untyped                                                             ;
; BYTEENA_ACLR_A                     ; NONE                                     ; Untyped                                                             ;
; WIDTH_B                            ; 1                                        ; Untyped                                                             ;
; WIDTHAD_B                          ; 1                                        ; Untyped                                                             ;
; NUMWORDS_B                         ; 1                                        ; Untyped                                                             ;
; INDATA_REG_B                       ; CLOCK1                                   ; Untyped                                                             ;
; WRCONTROL_WRADDRESS_REG_B          ; CLOCK1                                   ; Untyped                                                             ;
; RDCONTROL_REG_B                    ; CLOCK1                                   ; Untyped                                                             ;
; ADDRESS_REG_B                      ; CLOCK1                                   ; Untyped                                                             ;
; OUTDATA_REG_B                      ; UNREGISTERED                             ; Untyped                                                             ;
; BYTEENA_REG_B                      ; CLOCK1                                   ; Untyped                                                             ;
; INDATA_ACLR_B                      ; NONE                                     ; Untyped                                                             ;
; WRCONTROL_ACLR_B                   ; NONE                                     ; Untyped                                                             ;
; ADDRESS_ACLR_B                     ; NONE                                     ; Untyped                                                             ;
; OUTDATA_ACLR_B                     ; NONE                                     ; Untyped                                                             ;
; RDCONTROL_ACLR_B                   ; NONE                                     ; Untyped                                                             ;
; BYTEENA_ACLR_B                     ; NONE                                     ; Untyped                                                             ;
; WIDTH_BYTEENA_A                    ; 1                                        ; Untyped                                                             ;
; WIDTH_BYTEENA_B                    ; 1                                        ; Untyped                                                             ;
; RAM_BLOCK_TYPE                     ; M9K                                      ; Untyped                                                             ;
; BYTE_SIZE                          ; 8                                        ; Untyped                                                             ;
; READ_DURING_WRITE_MODE_MIXED_PORTS ; DONT_CARE                                ; Untyped                                                             ;
; READ_DURING_WRITE_MODE_PORT_A      ; OLD_DATA                                 ; Untyped                                                             ;
; READ_DURING_WRITE_MODE_PORT_B      ; NEW_DATA_NO_NBE_READ                     ; Untyped                                                             ;
; INIT_FILE                          ; db/yscore.ram0_mem_cell_f8fe6aaa.hdl.mif ; Untyped                                                             ;
; INIT_FILE_LAYOUT                   ; PORT_A                                   ; Untyped                                                             ;
; MAXIMUM_DEPTH                      ; 0                                        ; Untyped                                                             ;
; CLOCK_ENABLE_INPUT_A               ; NORMAL                                   ; Untyped                                                             ;
; CLOCK_ENABLE_INPUT_B               ; NORMAL                                   ; Untyped                                                             ;
; CLOCK_ENABLE_OUTPUT_A              ; NORMAL                                   ; Untyped                                                             ;
; CLOCK_ENABLE_OUTPUT_B              ; NORMAL                                   ; Untyped                                                             ;
; CLOCK_ENABLE_CORE_A                ; USE_INPUT_CLKEN                          ; Untyped                                                             ;
; CLOCK_ENABLE_CORE_B                ; USE_INPUT_CLKEN                          ; Untyped                                                             ;
; ENABLE_ECC                         ; FALSE                                    ; Untyped                                                             ;
; ECC_PIPELINE_STAGE_ENABLED         ; FALSE                                    ; Untyped                                                             ;
; WIDTH_ECCSTATUS                    ; 3                                        ; Untyped                                                             ;
; DEVICE_FAMILY                      ; Cyclone IV E                             ; Untyped                                                             ;
; CBXI_PARAMETER                     ; altsyncram_j3f1                          ; Untyped                                                             ;
+------------------------------------+------------------------------------------+---------------------------------------------------------------------+
Note: In order to hide this table in the UI and the text report file, please set the "Show Parameter Settings in Synthesis Report" option in "Analysis and Synthesis Settings -> More Settings" to "Off".


+-----------------------------------------------------------------------------------------------------------------------------------------------------+
; Parameter Settings for Inferred Entity Instance: core_ctl:u_core_ctl|core_perips:u_core_perips|mem_ctl:mem|mem_cell:u_cell2|altsyncram:memory_rtl_0 ;
+------------------------------------+------------------------------------------+---------------------------------------------------------------------+
; Parameter Name                     ; Value                                    ; Type                                                                ;
+------------------------------------+------------------------------------------+---------------------------------------------------------------------+
; BYTE_SIZE_BLOCK                    ; 8                                        ; Untyped                                                             ;
; AUTO_CARRY_CHAINS                  ; ON                                       ; AUTO_CARRY                                                          ;
; IGNORE_CARRY_BUFFERS               ; OFF                                      ; IGNORE_CARRY                                                        ;
; AUTO_CASCADE_CHAINS                ; ON                                       ; AUTO_CASCADE                                                        ;
; IGNORE_CASCADE_BUFFERS             ; OFF                                      ; IGNORE_CASCADE                                                      ;
; WIDTH_BYTEENA                      ; 1                                        ; Untyped                                                             ;
; OPERATION_MODE                     ; SINGLE_PORT                              ; Untyped                                                             ;
; WIDTH_A                            ; 8                                        ; Untyped                                                             ;
; WIDTHAD_A                          ; 13                                       ; Untyped                                                             ;
; NUMWORDS_A                         ; 6144                                     ; Untyped                                                             ;
; OUTDATA_REG_A                      ; UNREGISTERED                             ; Untyped                                                             ;
; ADDRESS_ACLR_A                     ; NONE                                     ; Untyped                                                             ;
; OUTDATA_ACLR_A                     ; NONE                                     ; Untyped                                                             ;
; WRCONTROL_ACLR_A                   ; NONE                                     ; Untyped                                                             ;
; INDATA_ACLR_A                      ; NONE                                     ; Untyped                                                             ;
; BYTEENA_ACLR_A                     ; NONE                                     ; Untyped                                                             ;
; WIDTH_B                            ; 1                                        ; Untyped                                                             ;
; WIDTHAD_B                          ; 1                                        ; Untyped                                                             ;
; NUMWORDS_B                         ; 1                                        ; Untyped                                                             ;
; INDATA_REG_B                       ; CLOCK1                                   ; Untyped                                                             ;
; WRCONTROL_WRADDRESS_REG_B          ; CLOCK1                                   ; Untyped                                                             ;
; RDCONTROL_REG_B                    ; CLOCK1                                   ; Untyped                                                             ;
; ADDRESS_REG_B                      ; CLOCK1                                   ; Untyped                                                             ;
; OUTDATA_REG_B                      ; UNREGISTERED                             ; Untyped                                                             ;
; BYTEENA_REG_B                      ; CLOCK1                                   ; Untyped                                                             ;
; INDATA_ACLR_B                      ; NONE                                     ; Untyped                                                             ;
; WRCONTROL_ACLR_B                   ; NONE                                     ; Untyped                                                             ;
; ADDRESS_ACLR_B                     ; NONE                                     ; Untyped                                                             ;
; OUTDATA_ACLR_B                     ; NONE                                     ; Untyped                                                             ;
; RDCONTROL_ACLR_B                   ; NONE                                     ; Untyped                                                             ;
; BYTEENA_ACLR_B                     ; NONE                                     ; Untyped                                                             ;
; WIDTH_BYTEENA_A                    ; 1                                        ; Untyped                                                             ;
; WIDTH_BYTEENA_B                    ; 1                                        ; Untyped                                                             ;
; RAM_BLOCK_TYPE                     ; M9K                                      ; Untyped                                                             ;
; BYTE_SIZE                          ; 8                                        ; Untyped                                                             ;
; READ_DURING_WRITE_MODE_MIXED_PORTS ; DONT_CARE                                ; Untyped                                                             ;
; READ_DURING_WRITE_MODE_PORT_A      ; OLD_DATA                                 ; Untyped                                                             ;
; READ_DURING_WRITE_MODE_PORT_B      ; NEW_DATA_NO_NBE_READ                     ; Untyped                                                             ;
; INIT_FILE                          ; db/yscore.ram0_mem_cell_57631a7f.hdl.mif ; Untyped                                                             ;
; INIT_FILE_LAYOUT                   ; PORT_A                                   ; Untyped                                                             ;
; MAXIMUM_DEPTH                      ; 0                                        ; Untyped                                                             ;
; CLOCK_ENABLE_INPUT_A               ; NORMAL                                   ; Untyped                                                             ;
; CLOCK_ENABLE_INPUT_B               ; NORMAL                                   ; Untyped                                                             ;
; CLOCK_ENABLE_OUTPUT_A              ; NORMAL                                   ; Untyped                                                             ;
; CLOCK_ENABLE_OUTPUT_B              ; NORMAL                                   ; Untyped                                                             ;
; CLOCK_ENABLE_CORE_A                ; USE_INPUT_CLKEN                          ; Untyped                                                             ;
; CLOCK_ENABLE_CORE_B                ; USE_INPUT_CLKEN                          ; Untyped                                                             ;
; ENABLE_ECC                         ; FALSE                                    ; Untyped                                                             ;
; ECC_PIPELINE_STAGE_ENABLED         ; FALSE                                    ; Untyped                                                             ;
; WIDTH_ECCSTATUS                    ; 3                                        ; Untyped                                                             ;
; DEVICE_FAMILY                      ; Cyclone IV E                             ; Untyped                                                             ;
; CBXI_PARAMETER                     ; altsyncram_lte1                          ; Untyped                                                             ;
+------------------------------------+------------------------------------------+---------------------------------------------------------------------+
Note: In order to hide this table in the UI and the text report file, please set the "Show Parameter Settings in Synthesis Report" option in "Analysis and Synthesis Settings -> More Settings" to "Off".


+-----------------------------------------------------------------------------------------------------------------------------------------------------+
; Parameter Settings for Inferred Entity Instance: core_ctl:u_core_ctl|core_perips:u_core_perips|mem_ctl:mem|mem_cell:u_cell1|altsyncram:memory_rtl_0 ;
+------------------------------------+------------------------------------------+---------------------------------------------------------------------+
; Parameter Name                     ; Value                                    ; Type                                                                ;
+------------------------------------+------------------------------------------+---------------------------------------------------------------------+
; BYTE_SIZE_BLOCK                    ; 8                                        ; Untyped                                                             ;
; AUTO_CARRY_CHAINS                  ; ON                                       ; AUTO_CARRY                                                          ;
; IGNORE_CARRY_BUFFERS               ; OFF                                      ; IGNORE_CARRY                                                        ;
; AUTO_CASCADE_CHAINS                ; ON                                       ; AUTO_CASCADE                                                        ;
; IGNORE_CASCADE_BUFFERS             ; OFF                                      ; IGNORE_CASCADE                                                      ;
; WIDTH_BYTEENA                      ; 1                                        ; Untyped                                                             ;
; OPERATION_MODE                     ; SINGLE_PORT                              ; Untyped                                                             ;
; WIDTH_A                            ; 8                                        ; Untyped                                                             ;
; WIDTHAD_A                          ; 13                                       ; Untyped                                                             ;
; NUMWORDS_A                         ; 6144                                     ; Untyped                                                             ;
; OUTDATA_REG_A                      ; UNREGISTERED                             ; Untyped                                                             ;
; ADDRESS_ACLR_A                     ; NONE                                     ; Untyped                                                             ;
; OUTDATA_ACLR_A                     ; NONE                                     ; Untyped                                                             ;
; WRCONTROL_ACLR_A                   ; NONE                                     ; Untyped                                                             ;
; INDATA_ACLR_A                      ; NONE                                     ; Untyped                                                             ;
; BYTEENA_ACLR_A                     ; NONE                                     ; Untyped                                                             ;
; WIDTH_B                            ; 1                                        ; Untyped                                                             ;
; WIDTHAD_B                          ; 1                                        ; Untyped                                                             ;
; NUMWORDS_B                         ; 1                                        ; Untyped                                                             ;
; INDATA_REG_B                       ; CLOCK1                                   ; Untyped                                                             ;
; WRCONTROL_WRADDRESS_REG_B          ; CLOCK1                                   ; Untyped                                                             ;
; RDCONTROL_REG_B                    ; CLOCK1                                   ; Untyped                                                             ;
; ADDRESS_REG_B                      ; CLOCK1                                   ; Untyped                                                             ;
; OUTDATA_REG_B                      ; UNREGISTERED                             ; Untyped                                                             ;
; BYTEENA_REG_B                      ; CLOCK1                                   ; Untyped                                                             ;
; INDATA_ACLR_B                      ; NONE                                     ; Untyped                                                             ;
; WRCONTROL_ACLR_B                   ; NONE                                     ; Untyped                                                             ;
; ADDRESS_ACLR_B                     ; NONE                                     ; Untyped                                                             ;
; OUTDATA_ACLR_B                     ; NONE                                     ; Untyped                                                             ;
; RDCONTROL_ACLR_B                   ; NONE                                     ; Untyped                                                             ;
; BYTEENA_ACLR_B                     ; NONE                                     ; Untyped                                                             ;
; WIDTH_BYTEENA_A                    ; 1                                        ; Untyped                                                             ;
; WIDTH_BYTEENA_B                    ; 1                                        ; Untyped                                                             ;
; RAM_BLOCK_TYPE                     ; M9K                                      ; Untyped                                                             ;
; BYTE_SIZE                          ; 8                                        ; Untyped                                                             ;
; READ_DURING_WRITE_MODE_MIXED_PORTS ; DONT_CARE                                ; Untyped                                                             ;
; READ_DURING_WRITE_MODE_PORT_A      ; OLD_DATA                                 ; Untyped                                                             ;
; READ_DURING_WRITE_MODE_PORT_B      ; NEW_DATA_NO_NBE_READ                     ; Untyped                                                             ;
; INIT_FILE                          ; db/yscore.ram0_mem_cell_7aa3582f.hdl.mif ; Untyped                                                             ;
; INIT_FILE_LAYOUT                   ; PORT_A                                   ; Untyped                                                             ;
; MAXIMUM_DEPTH                      ; 0                                        ; Untyped                                                             ;
; CLOCK_ENABLE_INPUT_A               ; NORMAL                                   ; Untyped                                                             ;
; CLOCK_ENABLE_INPUT_B               ; NORMAL                                   ; Untyped                                                             ;
; CLOCK_ENABLE_OUTPUT_A              ; NORMAL                                   ; Untyped                                                             ;
; CLOCK_ENABLE_OUTPUT_B              ; NORMAL                                   ; Untyped                                                             ;
; CLOCK_ENABLE_CORE_A                ; USE_INPUT_CLKEN                          ; Untyped                                                             ;
; CLOCK_ENABLE_CORE_B                ; USE_INPUT_CLKEN                          ; Untyped                                                             ;
; ENABLE_ECC                         ; FALSE                                    ; Untyped                                                             ;
; ECC_PIPELINE_STAGE_ENABLED         ; FALSE                                    ; Untyped                                                             ;
; WIDTH_ECCSTATUS                    ; 3                                        ; Untyped                                                             ;
; DEVICE_FAMILY                      ; Cyclone IV E                             ; Untyped                                                             ;
; CBXI_PARAMETER                     ; altsyncram_3ve1                          ; Untyped                                                             ;
+------------------------------------+------------------------------------------+---------------------------------------------------------------------+
Note: In order to hide this table in the UI and the text report file, please set the "Show Parameter Settings in Synthesis Report" option in "Analysis and Synthesis Settings -> More Settings" to "Off".


+-----------------------------------------------------------------------------------------------------------------------------------------------------+
; Parameter Settings for Inferred Entity Instance: core_ctl:u_core_ctl|core_perips:u_core_perips|mem_ctl:mem|mem_cell:u_cell0|altsyncram:memory_rtl_0 ;
+------------------------------------+------------------------------------------+---------------------------------------------------------------------+
; Parameter Name                     ; Value                                    ; Type                                                                ;
+------------------------------------+------------------------------------------+---------------------------------------------------------------------+
; BYTE_SIZE_BLOCK                    ; 8                                        ; Untyped                                                             ;
; AUTO_CARRY_CHAINS                  ; ON                                       ; AUTO_CARRY                                                          ;
; IGNORE_CARRY_BUFFERS               ; OFF                                      ; IGNORE_CARRY                                                        ;
; AUTO_CASCADE_CHAINS                ; ON                                       ; AUTO_CASCADE                                                        ;
; IGNORE_CASCADE_BUFFERS             ; OFF                                      ; IGNORE_CASCADE                                                      ;
; WIDTH_BYTEENA                      ; 1                                        ; Untyped                                                             ;
; OPERATION_MODE                     ; SINGLE_PORT                              ; Untyped                                                             ;
; WIDTH_A                            ; 8                                        ; Untyped                                                             ;
; WIDTHAD_A                          ; 13                                       ; Untyped                                                             ;
; NUMWORDS_A                         ; 6144                                     ; Untyped                                                             ;
; OUTDATA_REG_A                      ; UNREGISTERED                             ; Untyped                                                             ;
; ADDRESS_ACLR_A                     ; NONE                                     ; Untyped                                                             ;
; OUTDATA_ACLR_A                     ; NONE                                     ; Untyped                                                             ;
; WRCONTROL_ACLR_A                   ; NONE                                     ; Untyped                                                             ;
; INDATA_ACLR_A                      ; NONE                                     ; Untyped                                                             ;
; BYTEENA_ACLR_A                     ; NONE                                     ; Untyped                                                             ;
; WIDTH_B                            ; 1                                        ; Untyped                                                             ;
; WIDTHAD_B                          ; 1                                        ; Untyped                                                             ;
; NUMWORDS_B                         ; 1                                        ; Untyped                                                             ;
; INDATA_REG_B                       ; CLOCK1                                   ; Untyped                                                             ;
; WRCONTROL_WRADDRESS_REG_B          ; CLOCK1                                   ; Untyped                                                             ;
; RDCONTROL_REG_B                    ; CLOCK1                                   ; Untyped                                                             ;
; ADDRESS_REG_B                      ; CLOCK1                                   ; Untyped                                                             ;
; OUTDATA_REG_B                      ; UNREGISTERED                             ; Untyped                                                             ;
; BYTEENA_REG_B                      ; CLOCK1                                   ; Untyped                                                             ;
; INDATA_ACLR_B                      ; NONE                                     ; Untyped                                                             ;
; WRCONTROL_ACLR_B                   ; NONE                                     ; Untyped                                                             ;
; ADDRESS_ACLR_B                     ; NONE                                     ; Untyped                                                             ;
; OUTDATA_ACLR_B                     ; NONE                                     ; Untyped                                                             ;
; RDCONTROL_ACLR_B                   ; NONE                                     ; Untyped                                                             ;
; BYTEENA_ACLR_B                     ; NONE                                     ; Untyped                                                             ;
; WIDTH_BYTEENA_A                    ; 1                                        ; Untyped                                                             ;
; WIDTH_BYTEENA_B                    ; 1                                        ; Untyped                                                             ;
; RAM_BLOCK_TYPE                     ; M9K                                      ; Untyped                                                             ;
; BYTE_SIZE                          ; 8                                        ; Untyped                                                             ;
; READ_DURING_WRITE_MODE_MIXED_PORTS ; DONT_CARE                                ; Untyped                                                             ;
; READ_DURING_WRITE_MODE_PORT_A      ; OLD_DATA                                 ; Untyped                                                             ;
; READ_DURING_WRITE_MODE_PORT_B      ; NEW_DATA_NO_NBE_READ                     ; Untyped                                                             ;
; INIT_FILE                          ; db/yscore.ram0_mem_cell_73470118.hdl.mif ; Untyped                                                             ;
; INIT_FILE_LAYOUT                   ; PORT_A                                   ; Untyped                                                             ;
; MAXIMUM_DEPTH                      ; 0                                        ; Untyped                                                             ;
; CLOCK_ENABLE_INPUT_A               ; NORMAL                                   ; Untyped                                                             ;
; CLOCK_ENABLE_INPUT_B               ; NORMAL                                   ; Untyped                                                             ;
; CLOCK_ENABLE_OUTPUT_A              ; NORMAL                                   ; Untyped                                                             ;
; CLOCK_ENABLE_OUTPUT_B              ; NORMAL                                   ; Untyped                                                             ;
; CLOCK_ENABLE_CORE_A                ; USE_INPUT_CLKEN                          ; Untyped                                                             ;
; CLOCK_ENABLE_CORE_B                ; USE_INPUT_CLKEN                          ; Untyped                                                             ;
; ENABLE_ECC                         ; FALSE                                    ; Untyped                                                             ;
; ECC_PIPELINE_STAGE_ENABLED         ; FALSE                                    ; Untyped                                                             ;
; WIDTH_ECCSTATUS                    ; 3                                        ; Untyped                                                             ;
; DEVICE_FAMILY                      ; Cyclone IV E                             ; Untyped                                                             ;
; CBXI_PARAMETER                     ; altsyncram_gqe1                          ; Untyped                                                             ;
+------------------------------------+------------------------------------------+---------------------------------------------------------------------+
Note: In order to hide this table in the UI and the text report file, please set the "Show Parameter Settings in Synthesis Report" option in "Analysis and Synthesis Settings -> More Settings" to "Off".


+------------------------------------------------------------------------------------------------------------------------------------------------------------------------------------------------------------+
; Parameter Settings for Inferred Entity Instance: core_ctl:u_core_ctl|core_perips:u_core_perips|mem_ctl:mem|mem_cell:u_cell3|altsyncram:memory_rtl_0|altsyncram_j3f1:auto_generated|altsyncram:ram_block1a0 ;
+------------------------------------+------------------------------------------+----------------------------------------------------------------------------------------------------------------------------+
; Parameter Name                     ; Value                                    ; Type                                                                                                                       ;
+------------------------------------+------------------------------------------+----------------------------------------------------------------------------------------------------------------------------+
; BYTE_SIZE_BLOCK                    ; 8                                        ; Untyped                                                                                                                    ;
; AUTO_CARRY_CHAINS                  ; ON                                       ; AUTO_CARRY                                                                                                                 ;
; IGNORE_CARRY_BUFFERS               ; OFF                                      ; IGNORE_CARRY                                                                                                               ;
; AUTO_CASCADE_CHAINS                ; ON                                       ; AUTO_CASCADE                                                                                                               ;
; IGNORE_CASCADE_BUFFERS             ; OFF                                      ; IGNORE_CASCADE                                                                                                             ;
; WIDTH_BYTEENA                      ; 1                                        ; Untyped                                                                                                                    ;
; OPERATION_MODE                     ; SINGLE_PORT                              ; Untyped                                                                                                                    ;
; WIDTH_A                            ; 8                                        ; Untyped                                                                                                                    ;
; WIDTHAD_A                          ; 13                                       ; Untyped                                                                                                                    ;
; NUMWORDS_A                         ; 6144                                     ; Untyped                                                                                                                    ;
; OUTDATA_REG_A                      ; UNREGISTERED                             ; Untyped                                                                                                                    ;
; ADDRESS_ACLR_A                     ; NONE                                     ; Untyped                                                                                                                    ;
; OUTDATA_ACLR_A                     ; NONE                                     ; Untyped                                                                                                                    ;
; WRCONTROL_ACLR_A                   ; NONE                                     ; Untyped                                                                                                                    ;
; INDATA_ACLR_A                      ; NONE                                     ; Untyped                                                                                                                    ;
; BYTEENA_ACLR_A                     ; NONE                                     ; Untyped                                                                                                                    ;
; WIDTH_B                            ; 1                                        ; Untyped                                                                                                                    ;
; WIDTHAD_B                          ; 1                                        ; Untyped                                                                                                                    ;
; NUMWORDS_B                         ; 1                                        ; Untyped                                                                                                                    ;
; INDATA_REG_B                       ; CLOCK1                                   ; Untyped                                                                                                                    ;
; WRCONTROL_WRADDRESS_REG_B          ; CLOCK1                                   ; Untyped                                                                                                                    ;
; RDCONTROL_REG_B                    ; CLOCK1                                   ; Untyped                                                                                                                    ;
; ADDRESS_REG_B                      ; CLOCK1                                   ; Untyped                                                                                                                    ;
; OUTDATA_REG_B                      ; UNREGISTERED                             ; Untyped                                                                                                                    ;
; BYTEENA_REG_B                      ; CLOCK1                                   ; Untyped                                                                                                                    ;
; INDATA_ACLR_B                      ; NONE                                     ; Untyped                                                                                                                    ;
; WRCONTROL_ACLR_B                   ; NONE                                     ; Untyped                                                                                                                    ;
; ADDRESS_ACLR_B                     ; NONE                                     ; Untyped                                                                                                                    ;
; OUTDATA_ACLR_B                     ; NONE                                     ; Untyped                                                                                                                    ;
; RDCONTROL_ACLR_B                   ; NONE                                     ; Untyped                                                                                                                    ;
; BYTEENA_ACLR_B                     ; NONE                                     ; Untyped                                                                                                                    ;
; WIDTH_BYTEENA_A                    ; 1                                        ; Untyped                                                                                                                    ;
; WIDTH_BYTEENA_B                    ; 1                                        ; Untyped                                                                                                                    ;
; RAM_BLOCK_TYPE                     ; M9K                                      ; Untyped                                                                                                                    ;
; BYTE_SIZE                          ; 8                                        ; Untyped                                                                                                                    ;
; READ_DURING_WRITE_MODE_MIXED_PORTS ; DONT_CARE                                ; Untyped                                                                                                                    ;
; READ_DURING_WRITE_MODE_PORT_A      ; OLD_DATA                                 ; Untyped                                                                                                                    ;
; READ_DURING_WRITE_MODE_PORT_B      ; NEW_DATA_WITH_NBE_READ                   ; Untyped                                                                                                                    ;
; INIT_FILE                          ; db/yscore.ram0_mem_cell_f8fe6aaa.hdl.mif ; Untyped                                                                                                                    ;
; INIT_FILE_LAYOUT                   ; PORT_A                                   ; Untyped                                                                                                                    ;
; MAXIMUM_DEPTH                      ; 1024                                     ; Untyped                                                                                                                    ;
; CLOCK_ENABLE_INPUT_A               ; BYPASS                                   ; Untyped                                                                                                                    ;
; CLOCK_ENABLE_INPUT_B               ; BYPASS                                   ; Untyped                                                                                                                    ;
; CLOCK_ENABLE_OUTPUT_A              ; BYPASS                                   ; Untyped                                                                                                                    ;
; CLOCK_ENABLE_OUTPUT_B              ; BYPASS                                   ; Untyped                                                                                                                    ;
; CLOCK_ENABLE_CORE_A                ; BYPASS                                   ; Untyped                                                                                                                    ;
; CLOCK_ENABLE_CORE_B                ; BYPASS                                   ; Untyped                                                                                                                    ;
; ENABLE_ECC                         ; FALSE                                    ; Untyped                                                                                                                    ;
; ECC_PIPELINE_STAGE_ENABLED         ; FALSE                                    ; Untyped                                                                                                                    ;
; WIDTH_ECCSTATUS                    ; 3                                        ; Untyped                                                                                                                    ;
; DEVICE_FAMILY                      ; Cyclone IV E                             ; Untyped                                                                                                                    ;
; CBXI_PARAMETER                     ; altsyncram_5na3                          ; Untyped                                                                                                                    ;
+------------------------------------+------------------------------------------+----------------------------------------------------------------------------------------------------------------------------+
Note: In order to hide this table in the UI and the text report file, please set the "Show Parameter Settings in Synthesis Report" option in "Analysis and Synthesis Settings -> More Settings" to "Off".


+------------------------------------------------------------------------------------------------------------------------------------------------------------------------------------------------------------+
; Parameter Settings for Inferred Entity Instance: core_ctl:u_core_ctl|core_perips:u_core_perips|mem_ctl:mem|mem_cell:u_cell2|altsyncram:memory_rtl_0|altsyncram_lte1:auto_generated|altsyncram:ram_block1a0 ;
+------------------------------------+------------------------------------------+----------------------------------------------------------------------------------------------------------------------------+
; Parameter Name                     ; Value                                    ; Type                                                                                                                       ;
+------------------------------------+------------------------------------------+----------------------------------------------------------------------------------------------------------------------------+
; BYTE_SIZE_BLOCK                    ; 8                                        ; Untyped                                                                                                                    ;
; AUTO_CARRY_CHAINS                  ; ON                                       ; AUTO_CARRY                                                                                                                 ;
; IGNORE_CARRY_BUFFERS               ; OFF                                      ; IGNORE_CARRY                                                                                                               ;
; AUTO_CASCADE_CHAINS                ; ON                                       ; AUTO_CASCADE                                                                                                               ;
; IGNORE_CASCADE_BUFFERS             ; OFF                                      ; IGNORE_CASCADE                                                                                                             ;
; WIDTH_BYTEENA                      ; 1                                        ; Untyped                                                                                                                    ;
; OPERATION_MODE                     ; SINGLE_PORT                              ; Untyped                                                                                                                    ;
; WIDTH_A                            ; 8                                        ; Untyped                                                                                                                    ;
; WIDTHAD_A                          ; 13                                       ; Untyped                                                                                                                    ;
; NUMWORDS_A                         ; 6144                                     ; Untyped                                                                                                                    ;
; OUTDATA_REG_A                      ; UNREGISTERED                             ; Untyped                                                                                                                    ;
; ADDRESS_ACLR_A                     ; NONE                                     ; Untyped                                                                                                                    ;
; OUTDATA_ACLR_A                     ; NONE                                     ; Untyped                                                                                                                    ;
; WRCONTROL_ACLR_A                   ; NONE                                     ; Untyped                                                                                                                    ;
; INDATA_ACLR_A                      ; NONE                                     ; Untyped                                                                                                                    ;
; BYTEENA_ACLR_A                     ; NONE                                     ; Untyped                                                                                                                    ;
; WIDTH_B                            ; 1                                        ; Untyped                                                                                                                    ;
; WIDTHAD_B                          ; 1                                        ; Untyped                                                                                                                    ;
; NUMWORDS_B                         ; 1                                        ; Untyped                                                                                                                    ;
; INDATA_REG_B                       ; CLOCK1                                   ; Untyped                                                                                                                    ;
; WRCONTROL_WRADDRESS_REG_B          ; CLOCK1                                   ; Untyped                                                                                                                    ;
; RDCONTROL_REG_B                    ; CLOCK1                                   ; Untyped                                                                                                                    ;
; ADDRESS_REG_B                      ; CLOCK1                                   ; Untyped                                                                                                                    ;
; OUTDATA_REG_B                      ; UNREGISTERED                             ; Untyped                                                                                                                    ;
; BYTEENA_REG_B                      ; CLOCK1                                   ; Untyped                                                                                                                    ;
; INDATA_ACLR_B                      ; NONE                                     ; Untyped                                                                                                                    ;
; WRCONTROL_ACLR_B                   ; NONE                                     ; Untyped                                                                                                                    ;
; ADDRESS_ACLR_B                     ; NONE                                     ; Untyped                                                                                                                    ;
; OUTDATA_ACLR_B                     ; NONE                                     ; Untyped                                                                                                                    ;
; RDCONTROL_ACLR_B                   ; NONE                                     ; Untyped                                                                                                                    ;
; BYTEENA_ACLR_B                     ; NONE                                     ; Untyped                                                                                                                    ;
; WIDTH_BYTEENA_A                    ; 1                                        ; Untyped                                                                                                                    ;
; WIDTH_BYTEENA_B                    ; 1                                        ; Untyped                                                                                                                    ;
; RAM_BLOCK_TYPE                     ; M9K                                      ; Untyped                                                                                                                    ;
; BYTE_SIZE                          ; 8                                        ; Untyped                                                                                                                    ;
; READ_DURING_WRITE_MODE_MIXED_PORTS ; DONT_CARE                                ; Untyped                                                                                                                    ;
; READ_DURING_WRITE_MODE_PORT_A      ; OLD_DATA                                 ; Untyped                                                                                                                    ;
; READ_DURING_WRITE_MODE_PORT_B      ; NEW_DATA_WITH_NBE_READ                   ; Untyped                                                                                                                    ;
; INIT_FILE                          ; db/yscore.ram0_mem_cell_57631a7f.hdl.mif ; Untyped                                                                                                                    ;
; INIT_FILE_LAYOUT                   ; PORT_A                                   ; Untyped                                                                                                                    ;
; MAXIMUM_DEPTH                      ; 1024                                     ; Untyped                                                                                                                    ;
; CLOCK_ENABLE_INPUT_A               ; BYPASS                                   ; Untyped                                                                                                                    ;
; CLOCK_ENABLE_INPUT_B               ; BYPASS                                   ; Untyped                                                                                                                    ;
; CLOCK_ENABLE_OUTPUT_A              ; BYPASS                                   ; Untyped                                                                                                                    ;
; CLOCK_ENABLE_OUTPUT_B              ; BYPASS                                   ; Untyped                                                                                                                    ;
; CLOCK_ENABLE_CORE_A                ; BYPASS                                   ; Untyped                                                                                                                    ;
; CLOCK_ENABLE_CORE_B                ; BYPASS                                   ; Untyped                                                                                                                    ;
; ENABLE_ECC                         ; FALSE                                    ; Untyped                                                                                                                    ;
; ECC_PIPELINE_STAGE_ENABLED         ; FALSE                                    ; Untyped                                                                                                                    ;
; WIDTH_ECCSTATUS                    ; 3                                        ; Untyped                                                                                                                    ;
; DEVICE_FAMILY                      ; Cyclone IV E                             ; Untyped                                                                                                                    ;
; CBXI_PARAMETER                     ; altsyncram_7ha3                          ; Untyped                                                                                                                    ;
+------------------------------------+------------------------------------------+----------------------------------------------------------------------------------------------------------------------------+
Note: In order to hide this table in the UI and the text report file, please set the "Show Parameter Settings in Synthesis Report" option in "Analysis and Synthesis Settings -> More Settings" to "Off".


+------------------------------------------------------------------------------------------------------------------------------------------------------------------------------------------------------------+
; Parameter Settings for Inferred Entity Instance: core_ctl:u_core_ctl|core_perips:u_core_perips|mem_ctl:mem|mem_cell:u_cell1|altsyncram:memory_rtl_0|altsyncram_3ve1:auto_generated|altsyncram:ram_block1a0 ;
+------------------------------------+------------------------------------------+----------------------------------------------------------------------------------------------------------------------------+
; Parameter Name                     ; Value                                    ; Type                                                                                                                       ;
+------------------------------------+------------------------------------------+----------------------------------------------------------------------------------------------------------------------------+
; BYTE_SIZE_BLOCK                    ; 8                                        ; Untyped                                                                                                                    ;
; AUTO_CARRY_CHAINS                  ; ON                                       ; AUTO_CARRY                                                                                                                 ;
; IGNORE_CARRY_BUFFERS               ; OFF                                      ; IGNORE_CARRY                                                                                                               ;
; AUTO_CASCADE_CHAINS                ; ON                                       ; AUTO_CASCADE                                                                                                               ;
; IGNORE_CASCADE_BUFFERS             ; OFF                                      ; IGNORE_CASCADE                                                                                                             ;
; WIDTH_BYTEENA                      ; 1                                        ; Untyped                                                                                                                    ;
; OPERATION_MODE                     ; SINGLE_PORT                              ; Untyped                                                                                                                    ;
; WIDTH_A                            ; 8                                        ; Untyped                                                                                                                    ;
; WIDTHAD_A                          ; 13                                       ; Untyped                                                                                                                    ;
; NUMWORDS_A                         ; 6144                                     ; Untyped                                                                                                                    ;
; OUTDATA_REG_A                      ; UNREGISTERED                             ; Untyped                                                                                                                    ;
; ADDRESS_ACLR_A                     ; NONE                                     ; Untyped                                                                                                                    ;
; OUTDATA_ACLR_A                     ; NONE                                     ; Untyped                                                                                                                    ;
; WRCONTROL_ACLR_A                   ; NONE                                     ; Untyped                                                                                                                    ;
; INDATA_ACLR_A                      ; NONE                                     ; Untyped                                                                                                                    ;
; BYTEENA_ACLR_A                     ; NONE                                     ; Untyped                                                                                                                    ;
; WIDTH_B                            ; 1                                        ; Untyped                                                                                                                    ;
; WIDTHAD_B                          ; 1                                        ; Untyped                                                                                                                    ;
; NUMWORDS_B                         ; 1                                        ; Untyped                                                                                                                    ;
; INDATA_REG_B                       ; CLOCK1                                   ; Untyped                                                                                                                    ;
; WRCONTROL_WRADDRESS_REG_B          ; CLOCK1                                   ; Untyped                                                                                                                    ;
; RDCONTROL_REG_B                    ; CLOCK1                                   ; Untyped                                                                                                                    ;
; ADDRESS_REG_B                      ; CLOCK1                                   ; Untyped                                                                                                                    ;
; OUTDATA_REG_B                      ; UNREGISTERED                             ; Untyped                                                                                                                    ;
; BYTEENA_REG_B                      ; CLOCK1                                   ; Untyped                                                                                                                    ;
; INDATA_ACLR_B                      ; NONE                                     ; Untyped                                                                                                                    ;
; WRCONTROL_ACLR_B                   ; NONE                                     ; Untyped                                                                                                                    ;
; ADDRESS_ACLR_B                     ; NONE                                     ; Untyped                                                                                                                    ;
; OUTDATA_ACLR_B                     ; NONE                                     ; Untyped                                                                                                                    ;
; RDCONTROL_ACLR_B                   ; NONE                                     ; Untyped                                                                                                                    ;
; BYTEENA_ACLR_B                     ; NONE                                     ; Untyped                                                                                                                    ;
; WIDTH_BYTEENA_A                    ; 1                                        ; Untyped                                                                                                                    ;
; WIDTH_BYTEENA_B                    ; 1                                        ; Untyped                                                                                                                    ;
; RAM_BLOCK_TYPE                     ; M9K                                      ; Untyped                                                                                                                    ;
; BYTE_SIZE                          ; 8                                        ; Untyped                                                                                                                    ;
; READ_DURING_WRITE_MODE_MIXED_PORTS ; DONT_CARE                                ; Untyped                                                                                                                    ;
; READ_DURING_WRITE_MODE_PORT_A      ; OLD_DATA                                 ; Untyped                                                                                                                    ;
; READ_DURING_WRITE_MODE_PORT_B      ; NEW_DATA_WITH_NBE_READ                   ; Untyped                                                                                                                    ;
; INIT_FILE                          ; db/yscore.ram0_mem_cell_7aa3582f.hdl.mif ; Untyped                                                                                                                    ;
; INIT_FILE_LAYOUT                   ; PORT_A                                   ; Untyped                                                                                                                    ;
; MAXIMUM_DEPTH                      ; 1024                                     ; Untyped                                                                                                                    ;
; CLOCK_ENABLE_INPUT_A               ; BYPASS                                   ; Untyped                                                                                                                    ;
; CLOCK_ENABLE_INPUT_B               ; BYPASS                                   ; Untyped                                                                                                                    ;
; CLOCK_ENABLE_OUTPUT_A              ; BYPASS                                   ; Untyped                                                                                                                    ;
; CLOCK_ENABLE_OUTPUT_B              ; BYPASS                                   ; Untyped                                                                                                                    ;
; CLOCK_ENABLE_CORE_A                ; BYPASS                                   ; Untyped                                                                                                                    ;
; CLOCK_ENABLE_CORE_B                ; BYPASS                                   ; Untyped                                                                                                                    ;
; ENABLE_ECC                         ; FALSE                                    ; Untyped                                                                                                                    ;
; ECC_PIPELINE_STAGE_ENABLED         ; FALSE                                    ; Untyped                                                                                                                    ;
; WIDTH_ECCSTATUS                    ; 3                                        ; Untyped                                                                                                                    ;
; DEVICE_FAMILY                      ; Cyclone IV E                             ; Untyped                                                                                                                    ;
; CBXI_PARAMETER                     ; altsyncram_kia3                          ; Untyped                                                                                                                    ;
+------------------------------------+------------------------------------------+----------------------------------------------------------------------------------------------------------------------------+
Note: In order to hide this table in the UI and the text report file, please set the "Show Parameter Settings in Synthesis Report" option in "Analysis and Synthesis Settings -> More Settings" to "Off".


+------------------------------------------------------------------------------------------------------------------------------------------------------------------------------------------------------------+
; Parameter Settings for Inferred Entity Instance: core_ctl:u_core_ctl|core_perips:u_core_perips|mem_ctl:mem|mem_cell:u_cell0|altsyncram:memory_rtl_0|altsyncram_gqe1:auto_generated|altsyncram:ram_block1a0 ;
+------------------------------------+------------------------------------------+----------------------------------------------------------------------------------------------------------------------------+
; Parameter Name                     ; Value                                    ; Type                                                                                                                       ;
+------------------------------------+------------------------------------------+----------------------------------------------------------------------------------------------------------------------------+
; BYTE_SIZE_BLOCK                    ; 8                                        ; Untyped                                                                                                                    ;
; AUTO_CARRY_CHAINS                  ; ON                                       ; AUTO_CARRY                                                                                                                 ;
; IGNORE_CARRY_BUFFERS               ; OFF                                      ; IGNORE_CARRY                                                                                                               ;
; AUTO_CASCADE_CHAINS                ; ON                                       ; AUTO_CASCADE                                                                                                               ;
; IGNORE_CASCADE_BUFFERS             ; OFF                                      ; IGNORE_CASCADE                                                                                                             ;
; WIDTH_BYTEENA                      ; 1                                        ; Untyped                                                                                                                    ;
; OPERATION_MODE                     ; SINGLE_PORT                              ; Untyped                                                                                                                    ;
; WIDTH_A                            ; 8                                        ; Untyped                                                                                                                    ;
; WIDTHAD_A                          ; 13                                       ; Untyped                                                                                                                    ;
; NUMWORDS_A                         ; 6144                                     ; Untyped                                                                                                                    ;
; OUTDATA_REG_A                      ; UNREGISTERED                             ; Untyped                                                                                                                    ;
; ADDRESS_ACLR_A                     ; NONE                                     ; Untyped                                                                                                                    ;
; OUTDATA_ACLR_A                     ; NONE                                     ; Untyped                                                                                                                    ;
; WRCONTROL_ACLR_A                   ; NONE                                     ; Untyped                                                                                                                    ;
; INDATA_ACLR_A                      ; NONE                                     ; Untyped                                                                                                                    ;
; BYTEENA_ACLR_A                     ; NONE                                     ; Untyped                                                                                                                    ;
; WIDTH_B                            ; 1                                        ; Untyped                                                                                                                    ;
; WIDTHAD_B                          ; 1                                        ; Untyped                                                                                                                    ;
; NUMWORDS_B                         ; 1                                        ; Untyped                                                                                                                    ;
; INDATA_REG_B                       ; CLOCK1                                   ; Untyped                                                                                                                    ;
; WRCONTROL_WRADDRESS_REG_B          ; CLOCK1                                   ; Untyped                                                                                                                    ;
; RDCONTROL_REG_B                    ; CLOCK1                                   ; Untyped                                                                                                                    ;
; ADDRESS_REG_B                      ; CLOCK1                                   ; Untyped                                                                                                                    ;
; OUTDATA_REG_B                      ; UNREGISTERED                             ; Untyped                                                                                                                    ;
; BYTEENA_REG_B                      ; CLOCK1                                   ; Untyped                                                                                                                    ;
; INDATA_ACLR_B                      ; NONE                                     ; Untyped                                                                                                                    ;
; WRCONTROL_ACLR_B                   ; NONE                                     ; Untyped                                                                                                                    ;
; ADDRESS_ACLR_B                     ; NONE                                     ; Untyped                                                                                                                    ;
; OUTDATA_ACLR_B                     ; NONE                                     ; Untyped                                                                                                                    ;
; RDCONTROL_ACLR_B                   ; NONE                                     ; Untyped                                                                                                                    ;
; BYTEENA_ACLR_B                     ; NONE                                     ; Untyped                                                                                                                    ;
; WIDTH_BYTEENA_A                    ; 1                                        ; Untyped                                                                                                                    ;
; WIDTH_BYTEENA_B                    ; 1                                        ; Untyped                                                                                                                    ;
; RAM_BLOCK_TYPE                     ; M9K                                      ; Untyped                                                                                                                    ;
; BYTE_SIZE                          ; 8                                        ; Untyped                                                                                                                    ;
; READ_DURING_WRITE_MODE_MIXED_PORTS ; DONT_CARE                                ; Untyped                                                                                                                    ;
; READ_DURING_WRITE_MODE_PORT_A      ; OLD_DATA                                 ; Untyped                                                                                                                    ;
; READ_DURING_WRITE_MODE_PORT_B      ; NEW_DATA_WITH_NBE_READ                   ; Untyped                                                                                                                    ;
; INIT_FILE                          ; db/yscore.ram0_mem_cell_73470118.hdl.mif ; Untyped                                                                                                                    ;
; INIT_FILE_LAYOUT                   ; PORT_A                                   ; Untyped                                                                                                                    ;
; MAXIMUM_DEPTH                      ; 1024                                     ; Untyped                                                                                                                    ;
; CLOCK_ENABLE_INPUT_A               ; BYPASS                                   ; Untyped                                                                                                                    ;
; CLOCK_ENABLE_INPUT_B               ; BYPASS                                   ; Untyped                                                                                                                    ;
; CLOCK_ENABLE_OUTPUT_A              ; BYPASS                                   ; Untyped                                                                                                                    ;
; CLOCK_ENABLE_OUTPUT_B              ; BYPASS                                   ; Untyped                                                                                                                    ;
; CLOCK_ENABLE_CORE_A                ; BYPASS                                   ; Untyped                                                                                                                    ;
; CLOCK_ENABLE_CORE_B                ; BYPASS                                   ; Untyped                                                                                                                    ;
; ENABLE_ECC                         ; FALSE                                    ; Untyped                                                                                                                    ;
; ECC_PIPELINE_STAGE_ENABLED         ; FALSE                                    ; Untyped                                                                                                                    ;
; WIDTH_ECCSTATUS                    ; 3                                        ; Untyped                                                                                                                    ;
; DEVICE_FAMILY                      ; Cyclone IV E                             ; Untyped                                                                                                                    ;
; CBXI_PARAMETER                     ; altsyncram_2ea3                          ; Untyped                                                                                                                    ;
+------------------------------------+------------------------------------------+----------------------------------------------------------------------------------------------------------------------------+
Note: In order to hide this table in the UI and the text report file, please set the "Show Parameter Settings in Synthesis Report" option in "Analysis and Synthesis Settings -> More Settings" to "Off".


+------------------------------------------------------------------------------------------------------------------------------------------------------------------------+
; Parameter Settings for Inferred Entity Instance: core_ctl:u_core_ctl|core_if:u_core_if|altsyncram:ins_mem_rtl_0|altsyncram_sr81:auto_generated|altsyncram:ram_block1a0 ;
+------------------------------------+-----------------------------------------+-----------------------------------------------------------------------------------------+
; Parameter Name                     ; Value                                   ; Type                                                                                    ;
+------------------------------------+-----------------------------------------+-----------------------------------------------------------------------------------------+
; BYTE_SIZE_BLOCK                    ; 8                                       ; Untyped                                                                                 ;
; AUTO_CARRY_CHAINS                  ; ON                                      ; AUTO_CARRY                                                                              ;
; IGNORE_CARRY_BUFFERS               ; OFF                                     ; IGNORE_CARRY                                                                            ;
; AUTO_CASCADE_CHAINS                ; ON                                      ; AUTO_CASCADE                                                                            ;
; IGNORE_CASCADE_BUFFERS             ; OFF                                     ; IGNORE_CASCADE                                                                          ;
; WIDTH_BYTEENA                      ; 1                                       ; Untyped                                                                                 ;
; OPERATION_MODE                     ; ROM                                     ; Untyped                                                                                 ;
; WIDTH_A                            ; 32                                      ; Untyped                                                                                 ;
; WIDTHAD_A                          ; 13                                      ; Untyped                                                                                 ;
; NUMWORDS_A                         ; 4608                                    ; Untyped                                                                                 ;
; OUTDATA_REG_A                      ; UNREGISTERED                            ; Untyped                                                                                 ;
; ADDRESS_ACLR_A                     ; NONE                                    ; Untyped                                                                                 ;
; OUTDATA_ACLR_A                     ; NONE                                    ; Untyped                                                                                 ;
; WRCONTROL_ACLR_A                   ; NONE                                    ; Untyped                                                                                 ;
; INDATA_ACLR_A                      ; NONE                                    ; Untyped                                                                                 ;
; BYTEENA_ACLR_A                     ; NONE                                    ; Untyped                                                                                 ;
; WIDTH_B                            ; 1                                       ; Untyped                                                                                 ;
; WIDTHAD_B                          ; 1                                       ; Untyped                                                                                 ;
; NUMWORDS_B                         ; 1                                       ; Untyped                                                                                 ;
; INDATA_REG_B                       ; CLOCK1                                  ; Untyped                                                                                 ;
; WRCONTROL_WRADDRESS_REG_B          ; CLOCK1                                  ; Untyped                                                                                 ;
; RDCONTROL_REG_B                    ; CLOCK1                                  ; Untyped                                                                                 ;
; ADDRESS_REG_B                      ; CLOCK1                                  ; Untyped                                                                                 ;
; OUTDATA_REG_B                      ; UNREGISTERED                            ; Untyped                                                                                 ;
; BYTEENA_REG_B                      ; CLOCK1                                  ; Untyped                                                                                 ;
; INDATA_ACLR_B                      ; NONE                                    ; Untyped                                                                                 ;
; WRCONTROL_ACLR_B                   ; NONE                                    ; Untyped                                                                                 ;
; ADDRESS_ACLR_B                     ; NONE                                    ; Untyped                                                                                 ;
; OUTDATA_ACLR_B                     ; NONE                                    ; Untyped                                                                                 ;
; RDCONTROL_ACLR_B                   ; NONE                                    ; Untyped                                                                                 ;
; BYTEENA_ACLR_B                     ; NONE                                    ; Untyped                                                                                 ;
; WIDTH_BYTEENA_A                    ; 1                                       ; Untyped                                                                                 ;
; WIDTH_BYTEENA_B                    ; 1                                       ; Untyped                                                                                 ;
; RAM_BLOCK_TYPE                     ; M9K                                     ; Untyped                                                                                 ;
; BYTE_SIZE                          ; 8                                       ; Untyped                                                                                 ;
; READ_DURING_WRITE_MODE_MIXED_PORTS ; DONT_CARE                               ; Untyped                                                                                 ;
; READ_DURING_WRITE_MODE_PORT_A      ; NEW_DATA_WITH_NBE_READ                  ; Untyped                                                                                 ;
; READ_DURING_WRITE_MODE_PORT_B      ; NEW_DATA_WITH_NBE_READ                  ; Untyped                                                                                 ;
; INIT_FILE                          ; db/yscore.ram0_core_if_49956ffa.hdl.mif ; Untyped                                                                                 ;
; INIT_FILE_LAYOUT                   ; PORT_A                                  ; Untyped                                                                                 ;
; MAXIMUM_DEPTH                      ; 1024                                    ; Untyped                                                                                 ;
; CLOCK_ENABLE_INPUT_A               ; BYPASS                                  ; Untyped                                                                                 ;
; CLOCK_ENABLE_INPUT_B               ; BYPASS                                  ; Untyped                                                                                 ;
; CLOCK_ENABLE_OUTPUT_A              ; BYPASS                                  ; Untyped                                                                                 ;
; CLOCK_ENABLE_OUTPUT_B              ; BYPASS                                  ; Untyped                                                                                 ;
; CLOCK_ENABLE_CORE_A                ; BYPASS                                  ; Untyped                                                                                 ;
; CLOCK_ENABLE_CORE_B                ; BYPASS                                  ; Untyped                                                                                 ;
; ENABLE_ECC                         ; FALSE                                   ; Untyped                                                                                 ;
; ECC_PIPELINE_STAGE_ENABLED         ; FALSE                                   ; Untyped                                                                                 ;
; WIDTH_ECCSTATUS                    ; 3                                       ; Untyped                                                                                 ;
; DEVICE_FAMILY                      ; Cyclone IV E                            ; Untyped                                                                                 ;
; CBXI_PARAMETER                     ; altsyncram_hr93                         ; Untyped                                                                                 ;
+------------------------------------+-----------------------------------------+-----------------------------------------------------------------------------------------+
Note: In order to hide this table in the UI and the text report file, please set the "Show Parameter Settings in Synthesis Report" option in "Analysis and Synthesis Settings -> More Settings" to "Off".


+-------------------------------------------------------------------------------------------------------------------------------------------------------------------------------------------------------+
; altsyncram Parameter Settings by Entity Instance                                                                                                                                                      ;
+-------------------------------------------+-----------------------------------------------------------------------------------------------------------------------------------------------------------+
; Name                                      ; Value                                                                                                                                                     ;
+-------------------------------------------+-----------------------------------------------------------------------------------------------------------------------------------------------------------+
; Number of entity instances                ; 10                                                                                                                                                        ;
; Entity Instance                           ; core_ctl:u_core_ctl|core_if:u_core_if|altsyncram:ins_mem_rtl_0                                                                                            ;
;     -- OPERATION_MODE                     ; ROM                                                                                                                                                       ;
;     -- WIDTH_A                            ; 32                                                                                                                                                        ;
;     -- NUMWORDS_A                         ; 4608                                                                                                                                                      ;
;     -- OUTDATA_REG_A                      ; UNREGISTERED                                                                                                                                              ;
;     -- WIDTH_B                            ; 1                                                                                                                                                         ;
;     -- NUMWORDS_B                         ; 1                                                                                                                                                         ;
;     -- ADDRESS_REG_B                      ; CLOCK1                                                                                                                                                    ;
;     -- OUTDATA_REG_B                      ; UNREGISTERED                                                                                                                                              ;
;     -- RAM_BLOCK_TYPE                     ; M9K                                                                                                                                                       ;
;     -- READ_DURING_WRITE_MODE_MIXED_PORTS ; DONT_CARE                                                                                                                                                 ;
; Entity Instance                           ; core_ctl:u_core_ctl|core_perips:u_core_perips|mem_ctl:mem|mem_cell:u_cell3|altsyncram:memory_rtl_0                                                        ;
;     -- OPERATION_MODE                     ; SINGLE_PORT                                                                                                                                               ;
;     -- WIDTH_A                            ; 8                                                                                                                                                         ;
;     -- NUMWORDS_A                         ; 6144                                                                                                                                                      ;
;     -- OUTDATA_REG_A                      ; UNREGISTERED                                                                                                                                              ;
;     -- WIDTH_B                            ; 1                                                                                                                                                         ;
;     -- NUMWORDS_B                         ; 1                                                                                                                                                         ;
;     -- ADDRESS_REG_B                      ; CLOCK1                                                                                                                                                    ;
;     -- OUTDATA_REG_B                      ; UNREGISTERED                                                                                                                                              ;
;     -- RAM_BLOCK_TYPE                     ; M9K                                                                                                                                                       ;
;     -- READ_DURING_WRITE_MODE_MIXED_PORTS ; DONT_CARE                                                                                                                                                 ;
; Entity Instance                           ; core_ctl:u_core_ctl|core_perips:u_core_perips|mem_ctl:mem|mem_cell:u_cell2|altsyncram:memory_rtl_0                                                        ;
;     -- OPERATION_MODE                     ; SINGLE_PORT                                                                                                                                               ;
;     -- WIDTH_A                            ; 8                                                                                                                                                         ;
;     -- NUMWORDS_A                         ; 6144                                                                                                                                                      ;
;     -- OUTDATA_REG_A                      ; UNREGISTERED                                                                                                                                              ;
;     -- WIDTH_B                            ; 1                                                                                                                                                         ;
;     -- NUMWORDS_B                         ; 1                                                                                                                                                         ;
;     -- ADDRESS_REG_B                      ; CLOCK1                                                                                                                                                    ;
;     -- OUTDATA_REG_B                      ; UNREGISTERED                                                                                                                                              ;
;     -- RAM_BLOCK_TYPE                     ; M9K                                                                                                                                                       ;
;     -- READ_DURING_WRITE_MODE_MIXED_PORTS ; DONT_CARE                                                                                                                                                 ;
; Entity Instance                           ; core_ctl:u_core_ctl|core_perips:u_core_perips|mem_ctl:mem|mem_cell:u_cell1|altsyncram:memory_rtl_0                                                        ;
;     -- OPERATION_MODE                     ; SINGLE_PORT                                                                                                                                               ;
;     -- WIDTH_A                            ; 8                                                                                                                                                         ;
;     -- NUMWORDS_A                         ; 6144                                                                                                                                                      ;
;     -- OUTDATA_REG_A                      ; UNREGISTERED                                                                                                                                              ;
;     -- WIDTH_B                            ; 1                                                                                                                                                         ;
;     -- NUMWORDS_B                         ; 1                                                                                                                                                         ;
;     -- ADDRESS_REG_B                      ; CLOCK1                                                                                                                                                    ;
;     -- OUTDATA_REG_B                      ; UNREGISTERED                                                                                                                                              ;
;     -- RAM_BLOCK_TYPE                     ; M9K                                                                                                                                                       ;
;     -- READ_DURING_WRITE_MODE_MIXED_PORTS ; DONT_CARE                                                                                                                                                 ;
; Entity Instance                           ; core_ctl:u_core_ctl|core_perips:u_core_perips|mem_ctl:mem|mem_cell:u_cell0|altsyncram:memory_rtl_0                                                        ;
;     -- OPERATION_MODE                     ; SINGLE_PORT                                                                                                                                               ;
;     -- WIDTH_A                            ; 8                                                                                                                                                         ;
;     -- NUMWORDS_A                         ; 6144                                                                                                                                                      ;
;     -- OUTDATA_REG_A                      ; UNREGISTERED                                                                                                                                              ;
;     -- WIDTH_B                            ; 1                                                                                                                                                         ;
;     -- NUMWORDS_B                         ; 1                                                                                                                                                         ;
;     -- ADDRESS_REG_B                      ; CLOCK1                                                                                                                                                    ;
;     -- OUTDATA_REG_B                      ; UNREGISTERED                                                                                                                                              ;
;     -- RAM_BLOCK_TYPE                     ; M9K                                                                                                                                                       ;
;     -- READ_DURING_WRITE_MODE_MIXED_PORTS ; DONT_CARE                                                                                                                                                 ;
; Entity Instance                           ; core_ctl:u_core_ctl|core_perips:u_core_perips|mem_ctl:mem|mem_cell:u_cell3|altsyncram:memory_rtl_0|altsyncram_j3f1:auto_generated|altsyncram:ram_block1a0 ;
;     -- OPERATION_MODE                     ; SINGLE_PORT                                                                                                                                               ;
;     -- WIDTH_A                            ; 8                                                                                                                                                         ;
;     -- NUMWORDS_A                         ; 6144                                                                                                                                                      ;
;     -- OUTDATA_REG_A                      ; UNREGISTERED                                                                                                                                              ;
;     -- WIDTH_B                            ; 1                                                                                                                                                         ;
;     -- NUMWORDS_B                         ; 1                                                                                                                                                         ;
;     -- ADDRESS_REG_B                      ; CLOCK1                                                                                                                                                    ;
;     -- OUTDATA_REG_B                      ; UNREGISTERED                                                                                                                                              ;
;     -- RAM_BLOCK_TYPE                     ; M9K                                                                                                                                                       ;
;     -- READ_DURING_WRITE_MODE_MIXED_PORTS ; DONT_CARE                                                                                                                                                 ;
; Entity Instance                           ; core_ctl:u_core_ctl|core_perips:u_core_perips|mem_ctl:mem|mem_cell:u_cell2|altsyncram:memory_rtl_0|altsyncram_lte1:auto_generated|altsyncram:ram_block1a0 ;
;     -- OPERATION_MODE                     ; SINGLE_PORT                                                                                                                                               ;
;     -- WIDTH_A                            ; 8                                                                                                                                                         ;
;     -- NUMWORDS_A                         ; 6144                                                                                                                                                      ;
;     -- OUTDATA_REG_A                      ; UNREGISTERED                                                                                                                                              ;
;     -- WIDTH_B                            ; 1                                                                                                                                                         ;
;     -- NUMWORDS_B                         ; 1                                                                                                                                                         ;
;     -- ADDRESS_REG_B                      ; CLOCK1                                                                                                                                                    ;
;     -- OUTDATA_REG_B                      ; UNREGISTERED                                                                                                                                              ;
;     -- RAM_BLOCK_TYPE                     ; M9K                                                                                                                                                       ;
;     -- READ_DURING_WRITE_MODE_MIXED_PORTS ; DONT_CARE                                                                                                                                                 ;
; Entity Instance                           ; core_ctl:u_core_ctl|core_perips:u_core_perips|mem_ctl:mem|mem_cell:u_cell1|altsyncram:memory_rtl_0|altsyncram_3ve1:auto_generated|altsyncram:ram_block1a0 ;
;     -- OPERATION_MODE                     ; SINGLE_PORT                                                                                                                                               ;
;     -- WIDTH_A                            ; 8                                                                                                                                                         ;
;     -- NUMWORDS_A                         ; 6144                                                                                                                                                      ;
;     -- OUTDATA_REG_A                      ; UNREGISTERED                                                                                                                                              ;
;     -- WIDTH_B                            ; 1                                                                                                                                                         ;
;     -- NUMWORDS_B                         ; 1                                                                                                                                                         ;
;     -- ADDRESS_REG_B                      ; CLOCK1                                                                                                                                                    ;
;     -- OUTDATA_REG_B                      ; UNREGISTERED                                                                                                                                              ;
;     -- RAM_BLOCK_TYPE                     ; M9K                                                                                                                                                       ;
;     -- READ_DURING_WRITE_MODE_MIXED_PORTS ; DONT_CARE                                                                                                                                                 ;
; Entity Instance                           ; core_ctl:u_core_ctl|core_perips:u_core_perips|mem_ctl:mem|mem_cell:u_cell0|altsyncram:memory_rtl_0|altsyncram_gqe1:auto_generated|altsyncram:ram_block1a0 ;
;     -- OPERATION_MODE                     ; SINGLE_PORT                                                                                                                                               ;
;     -- WIDTH_A                            ; 8                                                                                                                                                         ;
;     -- NUMWORDS_A                         ; 6144                                                                                                                                                      ;
;     -- OUTDATA_REG_A                      ; UNREGISTERED                                                                                                                                              ;
;     -- WIDTH_B                            ; 1                                                                                                                                                         ;
;     -- NUMWORDS_B                         ; 1                                                                                                                                                         ;
;     -- ADDRESS_REG_B                      ; CLOCK1                                                                                                                                                    ;
;     -- OUTDATA_REG_B                      ; UNREGISTERED                                                                                                                                              ;
;     -- RAM_BLOCK_TYPE                     ; M9K                                                                                                                                                       ;
;     -- READ_DURING_WRITE_MODE_MIXED_PORTS ; DONT_CARE                                                                                                                                                 ;
; Entity Instance                           ; core_ctl:u_core_ctl|core_if:u_core_if|altsyncram:ins_mem_rtl_0|altsyncram_sr81:auto_generated|altsyncram:ram_block1a0                                     ;
;     -- OPERATION_MODE                     ; ROM                                                                                                                                                       ;
;     -- WIDTH_A                            ; 32                                                                                                                                                        ;
;     -- NUMWORDS_A                         ; 4608                                                                                                                                                      ;
;     -- OUTDATA_REG_A                      ; UNREGISTERED                                                                                                                                              ;
;     -- WIDTH_B                            ; 1                                                                                                                                                         ;
;     -- NUMWORDS_B                         ; 1                                                                                                                                                         ;
;     -- ADDRESS_REG_B                      ; CLOCK1                                                                                                                                                    ;
;     -- OUTDATA_REG_B                      ; UNREGISTERED                                                                                                                                              ;
;     -- RAM_BLOCK_TYPE                     ; M9K                                                                                                                                                       ;
;     -- READ_DURING_WRITE_MODE_MIXED_PORTS ; DONT_CARE                                                                                                                                                 ;
+-------------------------------------------+-----------------------------------------------------------------------------------------------------------------------------------------------------------+


+-------------------------------------------------------------------------------------------------------------------------------------------------------------------------------------------------------------+
; Port Connectivity Checks: "core_ctl:u_core_ctl|core_perips:u_core_perips|axil_gpio:u_axil_gpio"                                                                                                             ;
+---------------+--------+----------+-------------------------------------------------------------------------------------------------------------------------------------------------------------------------+
; Port          ; Type   ; Severity ; Details                                                                                                                                                                 ;
+---------------+--------+----------+-------------------------------------------------------------------------------------------------------------------------------------------------------------------------+
; s_axil_awprot ; Input  ; Info     ; Stuck at GND                                                                                                                                                            ;
; s_axil_arprot ; Input  ; Info     ; Stuck at GND                                                                                                                                                            ;
; gpio          ; Output ; Warning  ; Output or bidir port (4 bits) is smaller than the port expression (64 bits) it drives.  The 60 most-significant bit(s) in the port expression will be connected to GND. ;
+---------------+--------+----------+-------------------------------------------------------------------------------------------------------------------------------------------------------------------------+


+-------------------------------------------------------------------------------------------------+
; Port Connectivity Checks: "core_ctl:u_core_ctl|core_perips:u_core_perips|axil_uart:u_axil_uart" ;
+---------------+-------+----------+--------------------------------------------------------------+
; Port          ; Type  ; Severity ; Details                                                      ;
+---------------+-------+----------+--------------------------------------------------------------+
; s_axil_awprot ; Input ; Info     ; Stuck at GND                                                 ;
; s_axil_arprot ; Input ; Info     ; Stuck at GND                                                 ;
+---------------+-------+----------+--------------------------------------------------------------+


+-------------------------------------------------------------------------------------------------------------------------+
; Port Connectivity Checks: "core_ctl:u_core_ctl|core_perips:u_core_perips|axil_master:u_axil_master"                     ;
+---------------+--------+----------+-------------------------------------------------------------------------------------+
; Port          ; Type   ; Severity ; Details                                                                             ;
+---------------+--------+----------+-------------------------------------------------------------------------------------+
; mem_rdata     ; Output ; Info     ; Connected to dangling logic. Logic that only feeds a dangling port will be removed. ;
; m_axil_awprot ; Output ; Info     ; Explicitly unconnected                                                              ;
; m_axil_arprot ; Output ; Info     ; Explicitly unconnected                                                              ;
+---------------+--------+----------+-------------------------------------------------------------------------------------+


+----------------------------------------------------------------------------------------------------------------+
; Port Connectivity Checks: "core_ctl:u_core_ctl|core_perips:u_core_perips"                                      ;
+------+--------+----------+-------------------------------------------------------------------------------------+
; Port ; Type   ; Severity ; Details                                                                             ;
+------+--------+----------+-------------------------------------------------------------------------------------+
; busy ; Output ; Info     ; Connected to dangling logic. Logic that only feeds a dangling port will be removed. ;
+------+--------+----------+-------------------------------------------------------------------------------------+


+-----------------------------------------------------+
; Post-Synthesis Netlist Statistics for Top Partition ;
+-----------------------+-----------------------------+
; Type                  ; Count                       ;
+-----------------------+-----------------------------+
; boundary_port         ; 8                           ;
; cycloneiii_ff         ; 2481                        ;
;     CLR               ; 40                          ;
;     CLR SLD           ; 1                           ;
;     ENA               ; 325                         ;
;     ENA CLR           ; 1787                        ;
;     ENA CLR SCLR SLD  ; 23                          ;
;     ENA CLR SLD       ; 92                          ;
;     ENA SCLR          ; 8                           ;
;     ENA SCLR SLD      ; 8                           ;
;     ENA SLD           ; 7                           ;
;     SCLR              ; 119                         ;
;     SLD               ; 4                           ;
;     plain             ; 67                          ;
; cycloneiii_lcell_comb ; 4450                        ;
;     arith             ; 521                         ;
;         2 data inputs ; 205                         ;
;         3 data inputs ; 316                         ;
;     normal            ; 3929                        ;
;         0 data inputs ; 2                           ;
;         1 data inputs ; 12                          ;
;         2 data inputs ; 390                         ;
;         3 data inputs ; 737                         ;
;         4 data inputs ; 2788                        ;
; cycloneiii_ram_block  ; 352                         ;
;                       ;                             ;
; Max LUT depth         ; 20.00                       ;
; Average LUT depth     ; 6.76                        ;
+-----------------------+-----------------------------+


+-------------------------------+
; Elapsed Time Per Partition    ;
+----------------+--------------+
; Partition Name ; Elapsed Time ;
+----------------+--------------+
; Top            ; 00:00:18     ;
+----------------+--------------+


+-------------------------------+
; Analysis & Synthesis Messages ;
+-------------------------------+
Info: *******************************************************************
Info: Running Quartus Prime Analysis & Synthesis
    Info: Version 25.1std.0 Build 1129 10/21/2025 SC Lite Edition
    Info: Processing started: Sun Sep  6 22:20:25 2026
Info: Command: quartus_map --read_settings_files=on --write_settings_files=off yscore -c yscore
Warning (18236): Number of processors has not been specified which may cause overloading on shared machines.  Set the global assignment NUM_PARALLEL_PROCESSORS in your QSF to an appropriate value for best performance.
Info (20030): Parallel compilation is enabled and will use 16 of the 20 processors detected
Info (12021): Found 1 design units, including 1 entities, in source file src/clint.v
    Info (12023): Found entity 1: clint File: D:/yscore/src/clint.v Line: 4
Warning (12019): Can't analyze file -- file src/perips_axil.v is missing
Info (12021): Found 1 design units, including 1 entities, in source file src/axil_uart.v
    Info (12023): Found entity 1: axil_uart File: D:/yscore/src/axil_uart.v Line: 31
Info (12021): Found 1 design units, including 1 entities, in source file src/axil_master.v
    Info (12023): Found entity 1: axil_master File: D:/yscore/src/axil_master.v Line: 30
Info (12021): Found 1 design units, including 1 entities, in source file src/axil_gpio.v
    Info (12023): Found entity 1: axil_gpio File: D:/yscore/src/axil_gpio.v Line: 35
Info (12021): Found 1 design units, including 1 entities, in source file src/wb_mux_pc.v
    Info (12023): Found entity 1: wb_mux_pc File: D:/yscore/src/wb_mux_pc.v Line: 1
Info (12021): Found 1 design units, including 1 entities, in source file src/regfile_csr.v
    Info (12023): Found entity 1: regfile_csr File: D:/yscore/src/regfile_csr.v Line: 4
Info (12021): Found 1 design units, including 1 entities, in source file src/ifid_mux_alusrc2.v
    Info (12023): Found entity 1: ifid_mux_alusrc2 File: D:/yscore/src/ifid_mux_alusrc2.v Line: 4
Info (12021): Found 1 design units, including 1 entities, in source file src/ifid_mux_alusrc1.v
    Info (12023): Found entity 1: ifid_mux_alusrc1 File: D:/yscore/src/ifid_mux_alusrc1.v Line: 4
Info (12021): Found 1 design units, including 1 entities, in source file src/top.v
    Info (12023): Found entity 1: top File: D:/yscore/src/top.v Line: 3
Info (12021): Found 1 design units, including 1 entities, in source file src/regfile.v
    Info (12023): Found entity 1: regfile File: D:/yscore/src/regfile.v Line: 3
Info (12021): Found 1 design units, including 1 entities, in source file src/mem_ctl.v
    Info (12023): Found entity 1: mem_ctl File: D:/yscore/src/mem_ctl.v Line: 2
Info (12021): Found 1 design units, including 1 entities, in source file src/mem_cell.v
    Info (12023): Found entity 1: mem_cell File: D:/yscore/src/mem_cell.v Line: 2
Warning (12019): Can't analyze file -- file src/ifid_pc.v is missing
Warning (12019): Can't analyze file -- file src/ifid_mux_alusrc.v is missing
Info (12021): Found 1 design units, including 1 entities, in source file src/ifid_insmem.v
    Info (12023): Found entity 1: ifid_insmem File: D:/yscore/src/ifid_insmem.v Line: 2
Info (12021): Found 1 design units, including 1 entities, in source file src/ifid_immex.v
    Info (12023): Found entity 1: ifid_immex File: D:/yscore/src/ifid_immex.v Line: 3
Info (12021): Found 1 design units, including 1 entities, in source file src/exe_next.v
    Info (12023): Found entity 1: exe_next File: D:/yscore/src/exe_next.v Line: 3
Info (12021): Found 1 design units, including 1 entities, in source file src/exe_alu.v
    Info (12023): Found entity 1: exe_alu File: D:/yscore/src/exe_alu.v Line: 3
Info (12021): Found 1 design units, including 1 entities, in source file src/ctl_wb.v
    Info (12023): Found entity 1: ctl_wb File: D:/yscore/src/ctl_wb.v Line: 4
Info (12021): Found 1 design units, including 1 entities, in source file src/ctl_perips.v
    Info (12023): Found entity 1: ctl_perips File: D:/yscore/src/ctl_perips.v Line: 4
Info (12021): Found 1 design units, including 1 entities, in source file src/ctl_ifid.v
    Info (12023): Found entity 1: ctl_ifid File: D:/yscore/src/ctl_ifid.v Line: 4
Info (12021): Found 1 design units, including 1 entities, in source file src/ctl_exe.v
    Info (12023): Found entity 1: ctl_exe File: D:/yscore/src/ctl_exe.v Line: 4
Info (12021): Found 1 design units, including 1 entities, in source file src/core_wb.v
    Info (12023): Found entity 1: core_wb File: D:/yscore/src/core_wb.v Line: 3
Info (12021): Found 1 design units, including 1 entities, in source file src/core_perips.v
    Info (12023): Found entity 1: core_perips File: D:/yscore/src/core_perips.v Line: 3
Info (12021): Found 1 design units, including 1 entities, in source file src/core_ifid.v
    Info (12023): Found entity 1: core_ifid File: D:/yscore/src/core_ifid.v Line: 2
Info (12021): Found 1 design units, including 1 entities, in source file src/core_id.v
    Info (12023): Found entity 1: core_id File: D:/yscore/src/core_id.v Line: 3
Info (12021): Found 1 design units, including 1 entities, in source file src/core_if.v
    Info (12023): Found entity 1: core_if File: D:/yscore/src/core_if.v Line: 2
Info (12021): Found 1 design units, including 1 entities, in source file src/core_exe.v
    Info (12023): Found entity 1: core_exe File: D:/yscore/src/core_exe.v Line: 2
Info (12021): Found 1 design units, including 1 entities, in source file src/core_ctl.v
    Info (12023): Found entity 1: core_ctl File: D:/yscore/src/core_ctl.v Line: 2
Warning (10222): Verilog HDL Parameter Declaration warning at mem_cell.v(12): Parameter Declaration in module "mem_cell" behaves as a Local Parameter Declaration because the module has a Module Parameter Port List File: D:/yscore/src/mem_cell.v Line: 12
Info (12127): Elaborating entity "top" for the top level hierarchy
Info (12128): Elaborating entity "core_ctl" for hierarchy "core_ctl:u_core_ctl" File: D:/yscore/src/top.v Line: 37
Info (12128): Elaborating entity "regfile" for hierarchy "core_ctl:u_core_ctl|regfile:u_regfile" File: D:/yscore/src/core_ctl.v Line: 152
Warning (10240): Verilog HDL Always Construct warning at regfile.v(21): inferring latch(es) for variable "i", which holds its previous value in one or more paths through the always construct File: D:/yscore/src/regfile.v Line: 21
Info (12128): Elaborating entity "regfile_csr" for hierarchy "core_ctl:u_core_ctl|regfile_csr:u_regfile_csr" File: D:/yscore/src/core_ctl.v Line: 171
Warning (10240): Verilog HDL Always Construct warning at regfile_csr.v(45): inferring latch(es) for variable "i", which holds its previous value in one or more paths through the always construct File: D:/yscore/src/regfile_csr.v Line: 45
Info (12128): Elaborating entity "core_if" for hierarchy "core_ctl:u_core_ctl|core_if:u_core_if" File: D:/yscore/src/core_ctl.v Line: 177
Warning (10850): Verilog HDL warning at core_if.v(11): number of words (4309) in memory file does not match the number of elements in the address range [0:4607] File: D:/yscore/src/core_if.v Line: 11
Warning (10030): Net "ins_mem.data_a" at core_if.v(7) has no driver or initial value, using a default initial value '0' File: D:/yscore/src/core_if.v Line: 7
Warning (10030): Net "ins_mem.waddr_a" at core_if.v(7) has no driver or initial value, using a default initial value '0' File: D:/yscore/src/core_if.v Line: 7
Warning (10030): Net "ins_mem.we_a" at core_if.v(7) has no driver or initial value, using a default initial value '0' File: D:/yscore/src/core_if.v Line: 7
Info (12128): Elaborating entity "core_id" for hierarchy "core_ctl:u_core_ctl|core_id:u_core_id" File: D:/yscore/src/core_ctl.v Line: 190
Info (12128): Elaborating entity "ctl_ifid" for hierarchy "core_ctl:u_core_ctl|ctl_ifid:u_ctl_ifid" File: D:/yscore/src/core_ctl.v Line: 200
Warning (10036): Verilog HDL or VHDL warning at ctl_ifid.v(15): object "rd" assigned a value but never read File: D:/yscore/src/ctl_ifid.v Line: 15
Warning (10036): Verilog HDL or VHDL warning at ctl_ifid.v(17): object "rs1" assigned a value but never read File: D:/yscore/src/ctl_ifid.v Line: 17
Warning (10036): Verilog HDL or VHDL warning at ctl_ifid.v(18): object "rs2" assigned a value but never read File: D:/yscore/src/ctl_ifid.v Line: 18
Warning (10036): Verilog HDL or VHDL warning at ctl_ifid.v(21): object "func" assigned a value but never read File: D:/yscore/src/ctl_ifid.v Line: 21
Info (12128): Elaborating entity "ctl_exe" for hierarchy "core_ctl:u_core_ctl|ctl_exe:u_ctl_exe" File: D:/yscore/src/core_ctl.v Line: 206
Info (12128): Elaborating entity "ctl_perips" for hierarchy "core_ctl:u_core_ctl|ctl_perips:u_ctl_perips" File: D:/yscore/src/core_ctl.v Line: 212
Info (12128): Elaborating entity "ctl_wb" for hierarchy "core_ctl:u_core_ctl|ctl_wb:u_ctl_wb" File: D:/yscore/src/core_ctl.v Line: 219
Info (12128): Elaborating entity "ifid_mux_alusrc1" for hierarchy "core_ctl:u_core_ctl|ifid_mux_alusrc1:u_ifid_mux_alusrc1" File: D:/yscore/src/core_ctl.v Line: 227
Info (12128): Elaborating entity "ifid_mux_alusrc2" for hierarchy "core_ctl:u_core_ctl|ifid_mux_alusrc2:u_ifid_mux_alusrc2" File: D:/yscore/src/core_ctl.v Line: 235
Info (12128): Elaborating entity "core_exe" for hierarchy "core_ctl:u_core_ctl|core_exe:u_core_exe" File: D:/yscore/src/core_ctl.v Line: 247
Info (12128): Elaborating entity "exe_alu" for hierarchy "core_ctl:u_core_ctl|core_exe:u_core_exe|exe_alu:u_exe_alu" File: D:/yscore/src/core_exe.v Line: 29
Info (12128): Elaborating entity "exe_next" for hierarchy "core_ctl:u_core_ctl|core_exe:u_core_exe|exe_next:u_exe_next" File: D:/yscore/src/core_exe.v Line: 42
Info (12128): Elaborating entity "core_perips" for hierarchy "core_ctl:u_core_ctl|core_perips:u_core_perips" File: D:/yscore/src/core_ctl.v Line: 268
Info (12128): Elaborating entity "mem_ctl" for hierarchy "core_ctl:u_core_ctl|core_perips:u_core_perips|mem_ctl:mem" File: D:/yscore/src/core_perips.v Line: 46
Info (12128): Elaborating entity "mem_cell" for hierarchy "core_ctl:u_core_ctl|core_perips:u_core_perips|mem_ctl:mem|mem_cell:u_cell0" File: D:/yscore/src/mem_ctl.v Line: 100
Info (12128): Elaborating entity "mem_cell" for hierarchy "core_ctl:u_core_ctl|core_perips:u_core_perips|mem_ctl:mem|mem_cell:u_cell1" File: D:/yscore/src/mem_ctl.v Line: 111
Info (12128): Elaborating entity "mem_cell" for hierarchy "core_ctl:u_core_ctl|core_perips:u_core_perips|mem_ctl:mem|mem_cell:u_cell2" File: D:/yscore/src/mem_ctl.v Line: 122
Info (12128): Elaborating entity "mem_cell" for hierarchy "core_ctl:u_core_ctl|core_perips:u_core_perips|mem_ctl:mem|mem_cell:u_cell3" File: D:/yscore/src/mem_ctl.v Line: 133
Info (12128): Elaborating entity "clint" for hierarchy "core_ctl:u_core_ctl|core_perips:u_core_perips|clint:u_clint" File: D:/yscore/src/core_perips.v Line: 84
Info (12128): Elaborating entity "axil_master" for hierarchy "core_ctl:u_core_ctl|core_perips:u_core_perips|axil_master:u_axil_master" File: D:/yscore/src/core_perips.v Line: 176
Warning (10036): Verilog HDL or VHDL warning at axil_master.v(89): object "addr_reg" assigned a value but never read File: D:/yscore/src/axil_master.v Line: 89
Warning (10036): Verilog HDL or VHDL warning at axil_master.v(90): object "wdata_reg" assigned a value but never read File: D:/yscore/src/axil_master.v Line: 90
Warning (10036): Verilog HDL or VHDL warning at axil_master.v(91): object "wstrb_reg" assigned a value but never read File: D:/yscore/src/axil_master.v Line: 91
Warning (10036): Verilog HDL or VHDL warning at axil_master.v(92): object "wen_reg" assigned a value but never read File: D:/yscore/src/axil_master.v Line: 92
Info (12128): Elaborating entity "axil_uart" for hierarchy "core_ctl:u_core_ctl|core_perips:u_core_perips|axil_uart:u_axil_uart" File: D:/yscore/src/core_perips.v Line: 227
Warning (10036): Verilog HDL or VHDL warning at axil_uart.v(121): object "write_en" assigned a value but never read File: D:/yscore/src/axil_uart.v Line: 121
Warning (10230): Verilog HDL assignment warning at axil_uart.v(141): truncated value with size 32 to match size of target (16) File: D:/yscore/src/axil_uart.v Line: 141
Warning (10230): Verilog HDL assignment warning at axil_uart.v(194): truncated value with size 32 to match size of target (4) File: D:/yscore/src/axil_uart.v Line: 194
Warning (10230): Verilog HDL assignment warning at axil_uart.v(204): truncated value with size 32 to match size of target (4) File: D:/yscore/src/axil_uart.v Line: 204
Warning (10230): Verilog HDL assignment warning at axil_uart.v(208): truncated value with size 32 to match size of target (4) File: D:/yscore/src/axil_uart.v Line: 208
Warning (10230): Verilog HDL assignment warning at axil_uart.v(217): truncated value with size 32 to match size of target (4) File: D:/yscore/src/axil_uart.v Line: 217
Warning (10230): Verilog HDL assignment warning at axil_uart.v(288): truncated value with size 32 to match size of target (4) File: D:/yscore/src/axil_uart.v Line: 288
Warning (10230): Verilog HDL assignment warning at axil_uart.v(305): truncated value with size 32 to match size of target (4) File: D:/yscore/src/axil_uart.v Line: 305
Warning (10230): Verilog HDL assignment warning at axil_uart.v(310): truncated value with size 32 to match size of target (4) File: D:/yscore/src/axil_uart.v Line: 310
Warning (10230): Verilog HDL assignment warning at axil_uart.v(318): truncated value with size 32 to match size of target (4) File: D:/yscore/src/axil_uart.v Line: 318
Info (12128): Elaborating entity "axil_gpio" for hierarchy "core_ctl:u_core_ctl|core_perips:u_core_perips|axil_gpio:u_axil_gpio" File: D:/yscore/src/core_perips.v Line: 272
Warning (10036): Verilog HDL or VHDL warning at axil_gpio.v(95): object "gpio_data_out_padded" assigned a value but never read File: D:/yscore/src/axil_gpio.v Line: 95
Info (12128): Elaborating entity "core_wb" for hierarchy "core_ctl:u_core_ctl|core_wb:u_core_wb" File: D:/yscore/src/core_ctl.v Line: 283
Info (12128): Elaborating entity "wb_mux_pc" for hierarchy "core_ctl:u_core_ctl|wb_mux_pc:u_wb_mux_pc" File: D:/yscore/src/core_ctl.v Line: 293
Info (19000): Inferred 5 megafunctions from design logic
    Info (276029): Inferred altsyncram megafunction from the following design logic: "core_ctl:u_core_ctl|core_if:u_core_if|ins_mem_rtl_0" 
        Info (286033): Parameter OPERATION_MODE set to ROM
        Info (286033): Parameter WIDTH_A set to 32
        Info (286033): Parameter WIDTHAD_A set to 13
        Info (286033): Parameter NUMWORDS_A set to 4608
        Info (286033): Parameter OUTDATA_REG_A set to UNREGISTERED
        Info (286033): Parameter ADDRESS_ACLR_A set to NONE
        Info (286033): Parameter OUTDATA_ACLR_A set to NONE
        Info (286033): Parameter INDATA_ACLR_A set to NONE
        Info (286033): Parameter WRCONTROL_ACLR_A set to NONE
        Info (286033): Parameter RAM_BLOCK_TYPE set to M9K
        Info (286033): Parameter INIT_FILE set to db/yscore.ram0_core_if_49956ffa.hdl.mif
    Info (276029): Inferred altsyncram megafunction from the following design logic: "core_ctl:u_core_ctl|core_perips:u_core_perips|mem_ctl:mem|mem_cell:u_cell3|memory_rtl_0" 
        Info (286033): Parameter OPERATION_MODE set to SINGLE_PORT
        Info (286033): Parameter WIDTH_A set to 8
        Info (286033): Parameter WIDTHAD_A set to 13
        Info (286033): Parameter NUMWORDS_A set to 6144
        Info (286033): Parameter OUTDATA_REG_A set to UNREGISTERED
        Info (286033): Parameter ADDRESS_ACLR_A set to NONE
        Info (286033): Parameter OUTDATA_ACLR_A set to NONE
        Info (286033): Parameter READ_DURING_WRITE_MODE_PORT_A set to OLD_DATA
        Info (286033): Parameter INDATA_ACLR_A set to NONE
        Info (286033): Parameter WRCONTROL_ACLR_A set to NONE
        Info (286033): Parameter RAM_BLOCK_TYPE set to M9K
        Info (286033): Parameter INIT_FILE set to db/yscore.ram0_mem_cell_f8fe6aaa.hdl.mif
    Info (276029): Inferred altsyncram megafunction from the following design logic: "core_ctl:u_core_ctl|core_perips:u_core_perips|mem_ctl:mem|mem_cell:u_cell2|memory_rtl_0" 
        Info (286033): Parameter OPERATION_MODE set to SINGLE_PORT
        Info (286033): Parameter WIDTH_A set to 8
        Info (286033): Parameter WIDTHAD_A set to 13
        Info (286033): Parameter NUMWORDS_A set to 6144
        Info (286033): Parameter OUTDATA_REG_A set to UNREGISTERED
        Info (286033): Parameter ADDRESS_ACLR_A set to NONE
        Info (286033): Parameter OUTDATA_ACLR_A set to NONE
        Info (286033): Parameter READ_DURING_WRITE_MODE_PORT_A set to OLD_DATA
        Info (286033): Parameter INDATA_ACLR_A set to NONE
        Info (286033): Parameter WRCONTROL_ACLR_A set to NONE
        Info (286033): Parameter RAM_BLOCK_TYPE set to M9K
        Info (286033): Parameter INIT_FILE set to db/yscore.ram0_mem_cell_57631a7f.hdl.mif
    Info (276029): Inferred altsyncram megafunction from the following design logic: "core_ctl:u_core_ctl|core_perips:u_core_perips|mem_ctl:mem|mem_cell:u_cell1|memory_rtl_0" 
        Info (286033): Parameter OPERATION_MODE set to SINGLE_PORT
        Info (286033): Parameter WIDTH_A set to 8
        Info (286033): Parameter WIDTHAD_A set to 13
        Info (286033): Parameter NUMWORDS_A set to 6144
        Info (286033): Parameter OUTDATA_REG_A set to UNREGISTERED
        Info (286033): Parameter ADDRESS_ACLR_A set to NONE
        Info (286033): Parameter OUTDATA_ACLR_A set to NONE
        Info (286033): Parameter READ_DURING_WRITE_MODE_PORT_A set to OLD_DATA
        Info (286033): Parameter INDATA_ACLR_A set to NONE
        Info (286033): Parameter WRCONTROL_ACLR_A set to NONE
        Info (286033): Parameter RAM_BLOCK_TYPE set to M9K
        Info (286033): Parameter INIT_FILE set to db/yscore.ram0_mem_cell_7aa3582f.hdl.mif
    Info (276029): Inferred altsyncram megafunction from the following design logic: "core_ctl:u_core_ctl|core_perips:u_core_perips|mem_ctl:mem|mem_cell:u_cell0|memory_rtl_0" 
        Info (286033): Parameter OPERATION_MODE set to SINGLE_PORT
        Info (286033): Parameter WIDTH_A set to 8
        Info (286033): Parameter WIDTHAD_A set to 13
        Info (286033): Parameter NUMWORDS_A set to 6144
        Info (286033): Parameter OUTDATA_REG_A set to UNREGISTERED
        Info (286033): Parameter ADDRESS_ACLR_A set to NONE
        Info (286033): Parameter OUTDATA_ACLR_A set to NONE
        Info (286033): Parameter READ_DURING_WRITE_MODE_PORT_A set to OLD_DATA
        Info (286033): Parameter INDATA_ACLR_A set to NONE
        Info (286033): Parameter WRCONTROL_ACLR_A set to NONE
        Info (286033): Parameter RAM_BLOCK_TYPE set to M9K
        Info (286033): Parameter INIT_FILE set to db/yscore.ram0_mem_cell_73470118.hdl.mif
Info (12130): Elaborated megafunction instantiation "core_ctl:u_core_ctl|core_if:u_core_if|altsyncram:ins_mem_rtl_0"
Info (12133): Instantiated megafunction "core_ctl:u_core_ctl|core_if:u_core_if|altsyncram:ins_mem_rtl_0" with the following parameter:
    Info (12134): Parameter "OPERATION_MODE" = "ROM"
    Info (12134): Parameter "WIDTH_A" = "32"
    Info (12134): Parameter "WIDTHAD_A" = "13"
    Info (12134): Parameter "NUMWORDS_A" = "4608"
    Info (12134): Parameter "OUTDATA_REG_A" = "UNREGISTERED"
    Info (12134): Parameter "ADDRESS_ACLR_A" = "NONE"
    Info (12134): Parameter "OUTDATA_ACLR_A" = "NONE"
    Info (12134): Parameter "INDATA_ACLR_A" = "NONE"
    Info (12134): Parameter "WRCONTROL_ACLR_A" = "NONE"
    Info (12134): Parameter "RAM_BLOCK_TYPE" = "M9K"
    Info (12134): Parameter "INIT_FILE" = "db/yscore.ram0_core_if_49956ffa.hdl.mif"
Info (12021): Found 1 design units, including 1 entities, in source file db/altsyncram_sr81.tdf
    Info (12023): Found entity 1: altsyncram_sr81 File: D:/yscore/db/altsyncram_sr81.tdf Line: 28
Warning (127007): Memory Initialization File or Hexadecimal (Intel-Format) File "D:/yscore/db/yscore.ram0_core_if_49956ffa.hdl.mif" contains "don't care" values -- overwriting them with 0s File: e:/quartus/altera/quartus/libraries/megafunctions/altsyncram.tdf Line: 792
Warning (127007): Memory Initialization File or Hexadecimal (Intel-Format) File "D:/yscore/db/yscore.ram0_core_if_49956ffa.hdl.mif" contains "don't care" values -- overwriting them with 0s File: e:/quartus/altera/quartus/libraries/megafunctions/altsyncram.tdf Line: 792
Info (12130): Elaborated megafunction instantiation "core_ctl:u_core_ctl|core_perips:u_core_perips|mem_ctl:mem|mem_cell:u_cell3|altsyncram:memory_rtl_0"
Info (12133): Instantiated megafunction "core_ctl:u_core_ctl|core_perips:u_core_perips|mem_ctl:mem|mem_cell:u_cell3|altsyncram:memory_rtl_0" with the following parameter:
    Info (12134): Parameter "OPERATION_MODE" = "SINGLE_PORT"
    Info (12134): Parameter "WIDTH_A" = "8"
    Info (12134): Parameter "WIDTHAD_A" = "13"
    Info (12134): Parameter "NUMWORDS_A" = "6144"
    Info (12134): Parameter "OUTDATA_REG_A" = "UNREGISTERED"
    Info (12134): Parameter "ADDRESS_ACLR_A" = "NONE"
    Info (12134): Parameter "OUTDATA_ACLR_A" = "NONE"
    Info (12134): Parameter "READ_DURING_WRITE_MODE_PORT_A" = "OLD_DATA"
    Info (12134): Parameter "INDATA_ACLR_A" = "NONE"
    Info (12134): Parameter "WRCONTROL_ACLR_A" = "NONE"
    Info (12134): Parameter "RAM_BLOCK_TYPE" = "M9K"
    Info (12134): Parameter "INIT_FILE" = "db/yscore.ram0_mem_cell_f8fe6aaa.hdl.mif"
Info (12021): Found 1 design units, including 1 entities, in source file db/altsyncram_j3f1.tdf
    Info (12023): Found entity 1: altsyncram_j3f1 File: D:/yscore/db/altsyncram_j3f1.tdf Line: 28
Info (12130): Elaborated megafunction instantiation "core_ctl:u_core_ctl|core_perips:u_core_perips|mem_ctl:mem|mem_cell:u_cell2|altsyncram:memory_rtl_0"
Info (12133): Instantiated megafunction "core_ctl:u_core_ctl|core_perips:u_core_perips|mem_ctl:mem|mem_cell:u_cell2|altsyncram:memory_rtl_0" with the following parameter:
    Info (12134): Parameter "OPERATION_MODE" = "SINGLE_PORT"
    Info (12134): Parameter "WIDTH_A" = "8"
    Info (12134): Parameter "WIDTHAD_A" = "13"
    Info (12134): Parameter "NUMWORDS_A" = "6144"
    Info (12134): Parameter "OUTDATA_REG_A" = "UNREGISTERED"
    Info (12134): Parameter "ADDRESS_ACLR_A" = "NONE"
    Info (12134): Parameter "OUTDATA_ACLR_A" = "NONE"
    Info (12134): Parameter "READ_DURING_WRITE_MODE_PORT_A" = "OLD_DATA"
    Info (12134): Parameter "INDATA_ACLR_A" = "NONE"
    Info (12134): Parameter "WRCONTROL_ACLR_A" = "NONE"
    Info (12134): Parameter "RAM_BLOCK_TYPE" = "M9K"
    Info (12134): Parameter "INIT_FILE" = "db/yscore.ram0_mem_cell_57631a7f.hdl.mif"
Info (12021): Found 1 design units, including 1 entities, in source file db/altsyncram_lte1.tdf
    Info (12023): Found entity 1: altsyncram_lte1 File: D:/yscore/db/altsyncram_lte1.tdf Line: 28
Info (12130): Elaborated megafunction instantiation "core_ctl:u_core_ctl|core_perips:u_core_perips|mem_ctl:mem|mem_cell:u_cell1|altsyncram:memory_rtl_0"
Info (12133): Instantiated megafunction "core_ctl:u_core_ctl|core_perips:u_core_perips|mem_ctl:mem|mem_cell:u_cell1|altsyncram:memory_rtl_0" with the following parameter:
    Info (12134): Parameter "OPERATION_MODE" = "SINGLE_PORT"
    Info (12134): Parameter "WIDTH_A" = "8"
    Info (12134): Parameter "WIDTHAD_A" = "13"
    Info (12134): Parameter "NUMWORDS_A" = "6144"
    Info (12134): Parameter "OUTDATA_REG_A" = "UNREGISTERED"
    Info (12134): Parameter "ADDRESS_ACLR_A" = "NONE"
    Info (12134): Parameter "OUTDATA_ACLR_A" = "NONE"
    Info (12134): Parameter "READ_DURING_WRITE_MODE_PORT_A" = "OLD_DATA"
    Info (12134): Parameter "INDATA_ACLR_A" = "NONE"
    Info (12134): Parameter "WRCONTROL_ACLR_A" = "NONE"
    Info (12134): Parameter "RAM_BLOCK_TYPE" = "M9K"
    Info (12134): Parameter "INIT_FILE" = "db/yscore.ram0_mem_cell_7aa3582f.hdl.mif"
Info (12021): Found 1 design units, including 1 entities, in source file db/altsyncram_3ve1.tdf
    Info (12023): Found entity 1: altsyncram_3ve1 File: D:/yscore/db/altsyncram_3ve1.tdf Line: 28
Info (12130): Elaborated megafunction instantiation "core_ctl:u_core_ctl|core_perips:u_core_perips|mem_ctl:mem|mem_cell:u_cell0|altsyncram:memory_rtl_0"
Info (12133): Instantiated megafunction "core_ctl:u_core_ctl|core_perips:u_core_perips|mem_ctl:mem|mem_cell:u_cell0|altsyncram:memory_rtl_0" with the following parameter:
    Info (12134): Parameter "OPERATION_MODE" = "SINGLE_PORT"
    Info (12134): Parameter "WIDTH_A" = "8"
    Info (12134): Parameter "WIDTHAD_A" = "13"
    Info (12134): Parameter "NUMWORDS_A" = "6144"
    Info (12134): Parameter "OUTDATA_REG_A" = "UNREGISTERED"
    Info (12134): Parameter "ADDRESS_ACLR_A" = "NONE"
    Info (12134): Parameter "OUTDATA_ACLR_A" = "NONE"
    Info (12134): Parameter "READ_DURING_WRITE_MODE_PORT_A" = "OLD_DATA"
    Info (12134): Parameter "INDATA_ACLR_A" = "NONE"
    Info (12134): Parameter "WRCONTROL_ACLR_A" = "NONE"
    Info (12134): Parameter "RAM_BLOCK_TYPE" = "M9K"
    Info (12134): Parameter "INIT_FILE" = "db/yscore.ram0_mem_cell_73470118.hdl.mif"
Info (12021): Found 1 design units, including 1 entities, in source file db/altsyncram_gqe1.tdf
    Info (12023): Found entity 1: altsyncram_gqe1 File: D:/yscore/db/altsyncram_gqe1.tdf Line: 28
Info (270021): Converted the following 5 logical RAM block slices to smaller depth
    Info (270020): Converted the following logical RAM block "core_ctl:u_core_ctl|core_perips:u_core_perips|mem_ctl:mem|mem_cell:u_cell3|altsyncram:memory_rtl_0|altsyncram_j3f1:auto_generated|ALTSYNCRAM" slices to smaller maximum block depth of 1024
        Info (270019): RAM block slice "core_ctl:u_core_ctl|core_perips:u_core_perips|mem_ctl:mem|mem_cell:u_cell3|altsyncram:memory_rtl_0|altsyncram_j3f1:auto_generated|ram_block1a0" File: D:/yscore/db/altsyncram_j3f1.tdf Line: 37
        Info (270019): RAM block slice "core_ctl:u_core_ctl|core_perips:u_core_perips|mem_ctl:mem|mem_cell:u_cell3|altsyncram:memory_rtl_0|altsyncram_j3f1:auto_generated|ram_block1a1" File: D:/yscore/db/altsyncram_j3f1.tdf Line: 60
        Info (270019): RAM block slice "core_ctl:u_core_ctl|core_perips:u_core_perips|mem_ctl:mem|mem_cell:u_cell3|altsyncram:memory_rtl_0|altsyncram_j3f1:auto_generated|ram_block1a2" File: D:/yscore/db/altsyncram_j3f1.tdf Line: 83
        Info (270019): RAM block slice "core_ctl:u_core_ctl|core_perips:u_core_perips|mem_ctl:mem|mem_cell:u_cell3|altsyncram:memory_rtl_0|altsyncram_j3f1:auto_generated|ram_block1a3" File: D:/yscore/db/altsyncram_j3f1.tdf Line: 106
        Info (270019): RAM block slice "core_ctl:u_core_ctl|core_perips:u_core_perips|mem_ctl:mem|mem_cell:u_cell3|altsyncram:memory_rtl_0|altsyncram_j3f1:auto_generated|ram_block1a4" File: D:/yscore/db/altsyncram_j3f1.tdf Line: 129
        Info (270019): RAM block slice "core_ctl:u_core_ctl|core_perips:u_core_perips|mem_ctl:mem|mem_cell:u_cell3|altsyncram:memory_rtl_0|altsyncram_j3f1:auto_generated|ram_block1a5" File: D:/yscore/db/altsyncram_j3f1.tdf Line: 152
        Info (270019): RAM block slice "core_ctl:u_core_ctl|core_perips:u_core_perips|mem_ctl:mem|mem_cell:u_cell3|altsyncram:memory_rtl_0|altsyncram_j3f1:auto_generated|ram_block1a6" File: D:/yscore/db/altsyncram_j3f1.tdf Line: 175
        Info (270019): RAM block slice "core_ctl:u_core_ctl|core_perips:u_core_perips|mem_ctl:mem|mem_cell:u_cell3|altsyncram:memory_rtl_0|altsyncram_j3f1:auto_generated|ram_block1a7" File: D:/yscore/db/altsyncram_j3f1.tdf Line: 198
    Info (270020): Converted the following logical RAM block "core_ctl:u_core_ctl|core_perips:u_core_perips|mem_ctl:mem|mem_cell:u_cell2|altsyncram:memory_rtl_0|altsyncram_lte1:auto_generated|ALTSYNCRAM" slices to smaller maximum block depth of 1024
        Info (270019): RAM block slice "core_ctl:u_core_ctl|core_perips:u_core_perips|mem_ctl:mem|mem_cell:u_cell2|altsyncram:memory_rtl_0|altsyncram_lte1:auto_generated|ram_block1a0" File: D:/yscore/db/altsyncram_lte1.tdf Line: 37
        Info (270019): RAM block slice "core_ctl:u_core_ctl|core_perips:u_core_perips|mem_ctl:mem|mem_cell:u_cell2|altsyncram:memory_rtl_0|altsyncram_lte1:auto_generated|ram_block1a1" File: D:/yscore/db/altsyncram_lte1.tdf Line: 60
        Info (270019): RAM block slice "core_ctl:u_core_ctl|core_perips:u_core_perips|mem_ctl:mem|mem_cell:u_cell2|altsyncram:memory_rtl_0|altsyncram_lte1:auto_generated|ram_block1a2" File: D:/yscore/db/altsyncram_lte1.tdf Line: 83
        Info (270019): RAM block slice "core_ctl:u_core_ctl|core_perips:u_core_perips|mem_ctl:mem|mem_cell:u_cell2|altsyncram:memory_rtl_0|altsyncram_lte1:auto_generated|ram_block1a3" File: D:/yscore/db/altsyncram_lte1.tdf Line: 106
        Info (270019): RAM block slice "core_ctl:u_core_ctl|core_perips:u_core_perips|mem_ctl:mem|mem_cell:u_cell2|altsyncram:memory_rtl_0|altsyncram_lte1:auto_generated|ram_block1a4" File: D:/yscore/db/altsyncram_lte1.tdf Line: 129
        Info (270019): RAM block slice "core_ctl:u_core_ctl|core_perips:u_core_perips|mem_ctl:mem|mem_cell:u_cell2|altsyncram:memory_rtl_0|altsyncram_lte1:auto_generated|ram_block1a5" File: D:/yscore/db/altsyncram_lte1.tdf Line: 152
        Info (270019): RAM block slice "core_ctl:u_core_ctl|core_perips:u_core_perips|mem_ctl:mem|mem_cell:u_cell2|altsyncram:memory_rtl_0|altsyncram_lte1:auto_generated|ram_block1a6" File: D:/yscore/db/altsyncram_lte1.tdf Line: 175
        Info (270019): RAM block slice "core_ctl:u_core_ctl|core_perips:u_core_perips|mem_ctl:mem|mem_cell:u_cell2|altsyncram:memory_rtl_0|altsyncram_lte1:auto_generated|ram_block1a7" File: D:/yscore/db/altsyncram_lte1.tdf Line: 198
    Info (270020): Converted the following logical RAM block "core_ctl:u_core_ctl|core_perips:u_core_perips|mem_ctl:mem|mem_cell:u_cell1|altsyncram:memory_rtl_0|altsyncram_3ve1:auto_generated|ALTSYNCRAM" slices to smaller maximum block depth of 1024
        Info (270019): RAM block slice "core_ctl:u_core_ctl|core_perips:u_core_perips|mem_ctl:mem|mem_cell:u_cell1|altsyncram:memory_rtl_0|altsyncram_3ve1:auto_generated|ram_block1a0" File: D:/yscore/db/altsyncram_3ve1.tdf Line: 37
        Info (270019): RAM block slice "core_ctl:u_core_ctl|core_perips:u_core_perips|mem_ctl:mem|mem_cell:u_cell1|altsyncram:memory_rtl_0|altsyncram_3ve1:auto_generated|ram_block1a1" File: D:/yscore/db/altsyncram_3ve1.tdf Line: 60
        Info (270019): RAM block slice "core_ctl:u_core_ctl|core_perips:u_core_perips|mem_ctl:mem|mem_cell:u_cell1|altsyncram:memory_rtl_0|altsyncram_3ve1:auto_generated|ram_block1a2" File: D:/yscore/db/altsyncram_3ve1.tdf Line: 83
        Info (270019): RAM block slice "core_ctl:u_core_ctl|core_perips:u_core_perips|mem_ctl:mem|mem_cell:u_cell1|altsyncram:memory_rtl_0|altsyncram_3ve1:auto_generated|ram_block1a3" File: D:/yscore/db/altsyncram_3ve1.tdf Line: 106
        Info (270019): RAM block slice "core_ctl:u_core_ctl|core_perips:u_core_perips|mem_ctl:mem|mem_cell:u_cell1|altsyncram:memory_rtl_0|altsyncram_3ve1:auto_generated|ram_block1a4" File: D:/yscore/db/altsyncram_3ve1.tdf Line: 129
        Info (270019): RAM block slice "core_ctl:u_core_ctl|core_perips:u_core_perips|mem_ctl:mem|mem_cell:u_cell1|altsyncram:memory_rtl_0|altsyncram_3ve1:auto_generated|ram_block1a5" File: D:/yscore/db/altsyncram_3ve1.tdf Line: 152
        Info (270019): RAM block slice "core_ctl:u_core_ctl|core_perips:u_core_perips|mem_ctl:mem|mem_cell:u_cell1|altsyncram:memory_rtl_0|altsyncram_3ve1:auto_generated|ram_block1a6" File: D:/yscore/db/altsyncram_3ve1.tdf Line: 175
        Info (270019): RAM block slice "core_ctl:u_core_ctl|core_perips:u_core_perips|mem_ctl:mem|mem_cell:u_cell1|altsyncram:memory_rtl_0|altsyncram_3ve1:auto_generated|ram_block1a7" File: D:/yscore/db/altsyncram_3ve1.tdf Line: 198
    Info (270020): Converted the following logical RAM block "core_ctl:u_core_ctl|core_perips:u_core_perips|mem_ctl:mem|mem_cell:u_cell0|altsyncram:memory_rtl_0|altsyncram_gqe1:auto_generated|ALTSYNCRAM" slices to smaller maximum block depth of 1024
        Info (270019): RAM block slice "core_ctl:u_core_ctl|core_perips:u_core_perips|mem_ctl:mem|mem_cell:u_cell0|altsyncram:memory_rtl_0|altsyncram_gqe1:auto_generated|ram_block1a0" File: D:/yscore/db/altsyncram_gqe1.tdf Line: 37
        Info (270019): RAM block slice "core_ctl:u_core_ctl|core_perips:u_core_perips|mem_ctl:mem|mem_cell:u_cell0|altsyncram:memory_rtl_0|altsyncram_gqe1:auto_generated|ram_block1a1" File: D:/yscore/db/altsyncram_gqe1.tdf Line: 60
        Info (270019): RAM block slice "core_ctl:u_core_ctl|core_perips:u_core_perips|mem_ctl:mem|mem_cell:u_cell0|altsyncram:memory_rtl_0|altsyncram_gqe1:auto_generated|ram_block1a2" File: D:/yscore/db/altsyncram_gqe1.tdf Line: 83
        Info (270019): RAM block slice "core_ctl:u_core_ctl|core_perips:u_core_perips|mem_ctl:mem|mem_cell:u_cell0|altsyncram:memory_rtl_0|altsyncram_gqe1:auto_generated|ram_block1a3" File: D:/yscore/db/altsyncram_gqe1.tdf Line: 106
        Info (270019): RAM block slice "core_ctl:u_core_ctl|core_perips:u_core_perips|mem_ctl:mem|mem_cell:u_cell0|altsyncram:memory_rtl_0|altsyncram_gqe1:auto_generated|ram_block1a4" File: D:/yscore/db/altsyncram_gqe1.tdf Line: 129
        Info (270019): RAM block slice "core_ctl:u_core_ctl|core_perips:u_core_perips|mem_ctl:mem|mem_cell:u_cell0|altsyncram:memory_rtl_0|altsyncram_gqe1:auto_generated|ram_block1a5" File: D:/yscore/db/altsyncram_gqe1.tdf Line: 152
        Info (270019): RAM block slice "core_ctl:u_core_ctl|core_perips:u_core_perips|mem_ctl:mem|mem_cell:u_cell0|altsyncram:memory_rtl_0|altsyncram_gqe1:auto_generated|ram_block1a6" File: D:/yscore/db/altsyncram_gqe1.tdf Line: 175
        Info (270019): RAM block slice "core_ctl:u_core_ctl|core_perips:u_core_perips|mem_ctl:mem|mem_cell:u_cell0|altsyncram:memory_rtl_0|altsyncram_gqe1:auto_generated|ram_block1a7" File: D:/yscore/db/altsyncram_gqe1.tdf Line: 198
    Info (270020): Converted the following logical RAM block "core_ctl:u_core_ctl|core_if:u_core_if|altsyncram:ins_mem_rtl_0|altsyncram_sr81:auto_generated|ALTSYNCRAM" slices to smaller maximum block depth of 1024
        Info (270019): RAM block slice "core_ctl:u_core_ctl|core_if:u_core_if|altsyncram:ins_mem_rtl_0|altsyncram_sr81:auto_generated|ram_block1a0" File: D:/yscore/db/altsyncram_sr81.tdf Line: 35
        Info (270019): RAM block slice "core_ctl:u_core_ctl|core_if:u_core_if|altsyncram:ins_mem_rtl_0|altsyncram_sr81:auto_generated|ram_block1a1" File: D:/yscore/db/altsyncram_sr81.tdf Line: 56
        Info (270019): RAM block slice "core_ctl:u_core_ctl|core_if:u_core_if|altsyncram:ins_mem_rtl_0|altsyncram_sr81:auto_generated|ram_block1a2" File: D:/yscore/db/altsyncram_sr81.tdf Line: 77
        Info (270019): RAM block slice "core_ctl:u_core_ctl|core_if:u_core_if|altsyncram:ins_mem_rtl_0|altsyncram_sr81:auto_generated|ram_block1a3" File: D:/yscore/db/altsyncram_sr81.tdf Line: 98
        Info (270019): RAM block slice "core_ctl:u_core_ctl|core_if:u_core_if|altsyncram:ins_mem_rtl_0|altsyncram_sr81:auto_generated|ram_block1a4" File: D:/yscore/db/altsyncram_sr81.tdf Line: 119
        Info (270019): RAM block slice "core_ctl:u_core_ctl|core_if:u_core_if|altsyncram:ins_mem_rtl_0|altsyncram_sr81:auto_generated|ram_block1a5" File: D:/yscore/db/altsyncram_sr81.tdf Line: 140
        Info (270019): RAM block slice "core_ctl:u_core_ctl|core_if:u_core_if|altsyncram:ins_mem_rtl_0|altsyncram_sr81:auto_generated|ram_block1a6" File: D:/yscore/db/altsyncram_sr81.tdf Line: 161
        Info (270019): RAM block slice "core_ctl:u_core_ctl|core_if:u_core_if|altsyncram:ins_mem_rtl_0|altsyncram_sr81:auto_generated|ram_block1a7" File: D:/yscore/db/altsyncram_sr81.tdf Line: 182
        Info (270019): RAM block slice "core_ctl:u_core_ctl|core_if:u_core_if|altsyncram:ins_mem_rtl_0|altsyncram_sr81:auto_generated|ram_block1a8" File: D:/yscore/db/altsyncram_sr81.tdf Line: 203
        Info (270019): RAM block slice "core_ctl:u_core_ctl|core_if:u_core_if|altsyncram:ins_mem_rtl_0|altsyncram_sr81:auto_generated|ram_block1a9" File: D:/yscore/db/altsyncram_sr81.tdf Line: 224
        Info (270019): RAM block slice "core_ctl:u_core_ctl|core_if:u_core_if|altsyncram:ins_mem_rtl_0|altsyncram_sr81:auto_generated|ram_block1a10" File: D:/yscore/db/altsyncram_sr81.tdf Line: 245
        Info (270019): RAM block slice "core_ctl:u_core_ctl|core_if:u_core_if|altsyncram:ins_mem_rtl_0|altsyncram_sr81:auto_generated|ram_block1a11" File: D:/yscore/db/altsyncram_sr81.tdf Line: 266
        Info (270019): RAM block slice "core_ctl:u_core_ctl|core_if:u_core_if|altsyncram:ins_mem_rtl_0|altsyncram_sr81:auto_generated|ram_block1a12" File: D:/yscore/db/altsyncram_sr81.tdf Line: 287
        Info (270019): RAM block slice "core_ctl:u_core_ctl|core_if:u_core_if|altsyncram:ins_mem_rtl_0|altsyncram_sr81:auto_generated|ram_block1a13" File: D:/yscore/db/altsyncram_sr81.tdf Line: 308
        Info (270019): RAM block slice "core_ctl:u_core_ctl|core_if:u_core_if|altsyncram:ins_mem_rtl_0|altsyncram_sr81:auto_generated|ram_block1a14" File: D:/yscore/db/altsyncram_sr81.tdf Line: 329
        Info (270019): RAM block slice "core_ctl:u_core_ctl|core_if:u_core_if|altsyncram:ins_mem_rtl_0|altsyncram_sr81:auto_generated|ram_block1a15" File: D:/yscore/db/altsyncram_sr81.tdf Line: 350
        Info (270019): RAM block slice "core_ctl:u_core_ctl|core_if:u_core_if|altsyncram:ins_mem_rtl_0|altsyncram_sr81:auto_generated|ram_block1a16" File: D:/yscore/db/altsyncram_sr81.tdf Line: 371
        Info (270019): RAM block slice "core_ctl:u_core_ctl|core_if:u_core_if|altsyncram:ins_mem_rtl_0|altsyncram_sr81:auto_generated|ram_block1a17" File: D:/yscore/db/altsyncram_sr81.tdf Line: 392
        Info (270019): RAM block slice "core_ctl:u_core_ctl|core_if:u_core_if|altsyncram:ins_mem_rtl_0|altsyncram_sr81:auto_generated|ram_block1a18" File: D:/yscore/db/altsyncram_sr81.tdf Line: 413
        Info (270019): RAM block slice "core_ctl:u_core_ctl|core_if:u_core_if|altsyncram:ins_mem_rtl_0|altsyncram_sr81:auto_generated|ram_block1a19" File: D:/yscore/db/altsyncram_sr81.tdf Line: 434
        Info (270019): RAM block slice "core_ctl:u_core_ctl|core_if:u_core_if|altsyncram:ins_mem_rtl_0|altsyncram_sr81:auto_generated|ram_block1a20" File: D:/yscore/db/altsyncram_sr81.tdf Line: 455
        Info (270019): RAM block slice "core_ctl:u_core_ctl|core_if:u_core_if|altsyncram:ins_mem_rtl_0|altsyncram_sr81:auto_generated|ram_block1a21" File: D:/yscore/db/altsyncram_sr81.tdf Line: 476
        Info (270019): RAM block slice "core_ctl:u_core_ctl|core_if:u_core_if|altsyncram:ins_mem_rtl_0|altsyncram_sr81:auto_generated|ram_block1a22" File: D:/yscore/db/altsyncram_sr81.tdf Line: 497
        Info (270019): RAM block slice "core_ctl:u_core_ctl|core_if:u_core_if|altsyncram:ins_mem_rtl_0|altsyncram_sr81:auto_generated|ram_block1a23" File: D:/yscore/db/altsyncram_sr81.tdf Line: 518
        Info (270019): RAM block slice "core_ctl:u_core_ctl|core_if:u_core_if|altsyncram:ins_mem_rtl_0|altsyncram_sr81:auto_generated|ram_block1a24" File: D:/yscore/db/altsyncram_sr81.tdf Line: 539
        Info (270019): RAM block slice "core_ctl:u_core_ctl|core_if:u_core_if|altsyncram:ins_mem_rtl_0|altsyncram_sr81:auto_generated|ram_block1a25" File: D:/yscore/db/altsyncram_sr81.tdf Line: 560
        Info (270019): RAM block slice "core_ctl:u_core_ctl|core_if:u_core_if|altsyncram:ins_mem_rtl_0|altsyncram_sr81:auto_generated|ram_block1a26" File: D:/yscore/db/altsyncram_sr81.tdf Line: 581
        Info (270019): RAM block slice "core_ctl:u_core_ctl|core_if:u_core_if|altsyncram:ins_mem_rtl_0|altsyncram_sr81:auto_generated|ram_block1a27" File: D:/yscore/db/altsyncram_sr81.tdf Line: 602
        Info (270019): RAM block slice "core_ctl:u_core_ctl|core_if:u_core_if|altsyncram:ins_mem_rtl_0|altsyncram_sr81:auto_generated|ram_block1a28" File: D:/yscore/db/altsyncram_sr81.tdf Line: 623
        Info (270019): RAM block slice "core_ctl:u_core_ctl|core_if:u_core_if|altsyncram:ins_mem_rtl_0|altsyncram_sr81:auto_generated|ram_block1a29" File: D:/yscore/db/altsyncram_sr81.tdf Line: 644
        Info (270019): RAM block slice "core_ctl:u_core_ctl|core_if:u_core_if|altsyncram:ins_mem_rtl_0|altsyncram_sr81:auto_generated|ram_block1a30" File: D:/yscore/db/altsyncram_sr81.tdf Line: 665
        Info (270019): RAM block slice "core_ctl:u_core_ctl|core_if:u_core_if|altsyncram:ins_mem_rtl_0|altsyncram_sr81:auto_generated|ram_block1a31" File: D:/yscore/db/altsyncram_sr81.tdf Line: 686
Info (12130): Elaborated megafunction instantiation "core_ctl:u_core_ctl|core_perips:u_core_perips|mem_ctl:mem|mem_cell:u_cell3|altsyncram:memory_rtl_0|altsyncram_j3f1:auto_generated|altsyncram:ram_block1a0" File: D:/yscore/db/altsyncram_j3f1.tdf Line: 37
Info (12133): Instantiated megafunction "core_ctl:u_core_ctl|core_perips:u_core_perips|mem_ctl:mem|mem_cell:u_cell3|altsyncram:memory_rtl_0|altsyncram_j3f1:auto_generated|altsyncram:ram_block1a0" with the following parameter: File: D:/yscore/db/altsyncram_j3f1.tdf Line: 37
    Info (12134): Parameter "LPM_TYPE" = "altsyncram"
    Info (12134): Parameter "OPERATION_MODE" = "SINGLE_PORT"
    Info (12134): Parameter "WIDTH_A" = "8"
    Info (12134): Parameter "WIDTHAD_A" = "13"
    Info (12134): Parameter "NUMWORDS_A" = "6144"
    Info (12134): Parameter "OUTDATA_REG_A" = "UNREGISTERED"
    Info (12134): Parameter "ADDRESS_ACLR_A" = "NONE"
    Info (12134): Parameter "OUTDATA_ACLR_A" = "NONE"
    Info (12134): Parameter "WRCONTROL_ACLR_A" = "NONE"
    Info (12134): Parameter "INDATA_ACLR_A" = "NONE"
    Info (12134): Parameter "BYTEENA_ACLR_A" = "NONE"
    Info (12134): Parameter "CLOCK_ENABLE_INPUT_A" = "BYPASS"
    Info (12134): Parameter "CLOCK_ENABLE_OUTPUT_A" = "BYPASS"
    Info (12134): Parameter "WIDTH_B" = "1"
    Info (12134): Parameter "WIDTHAD_B" = "1"
    Info (12134): Parameter "NUMWORDS_B" = "1"
    Info (12134): Parameter "INDATA_REG_B" = "UNUSED"
    Info (12134): Parameter "WRCONTROL_WRADDRESS_REG_B" = "UNUSED"
    Info (12134): Parameter "RDCONTROL_REG_B" = "UNUSED"
    Info (12134): Parameter "ADDRESS_REG_B" = "UNUSED"
    Info (12134): Parameter "BYTEENA_REG_B" = "UNUSED"
    Info (12134): Parameter "OUTDATA_REG_B" = "UNREGISTERED"
    Info (12134): Parameter "INDATA_ACLR_B" = "NONE"
    Info (12134): Parameter "WRCONTROL_ACLR_B" = "NONE"
    Info (12134): Parameter "ADDRESS_ACLR_B" = "NONE"
    Info (12134): Parameter "OUTDATA_ACLR_B" = "NONE"
    Info (12134): Parameter "RDCONTROL_ACLR_B" = "NONE"
    Info (12134): Parameter "BYTEENA_ACLR_B" = "NONE"
    Info (12134): Parameter "CLOCK_ENABLE_INPUT_B" = "BYPASS"
    Info (12134): Parameter "CLOCK_ENABLE_OUTPUT_B" = "BYPASS"
    Info (12134): Parameter "WIDTH_BYTEENA_A" = "1"
    Info (12134): Parameter "WIDTH_BYTEENA_B" = "1"
    Info (12134): Parameter "RAM_BLOCK_TYPE" = "M9K"
    Info (12134): Parameter "BYTE_SIZE" = "8"
    Info (12134): Parameter "READ_DURING_WRITE_MODE_MIXED_PORTS" = "DONT_CARE"
    Info (12134): Parameter "INIT_FILE" = "db/yscore.ram0_mem_cell_f8fe6aaa.hdl.mif"
    Info (12134): Parameter "INIT_FILE_LAYOUT" = "PORT_A"
    Info (12134): Parameter "MAXIMUM_DEPTH" = "1024"
    Info (12134): Parameter "ENABLE_RUNTIME_MOD" = "NO"
    Info (12134): Parameter "INSTANCE_NAME" = "UNUSED"
    Info (12134): Parameter "ENABLE_ECC" = "FALSE"
    Info (12134): Parameter "ECCSTATUS_REG" = "UNREGISTERED"
    Info (12134): Parameter "CLOCK_ENABLE_CORE_A" = "BYPASS"
    Info (12134): Parameter "CLOCK_ENABLE_CORE_B" = "BYPASS"
    Info (12134): Parameter "READ_DURING_WRITE_MODE_PORT_A" = "OLD_DATA"
    Info (12134): Parameter "READ_DURING_WRITE_MODE_PORT_B" = "NEW_DATA_WITH_NBE_READ"
    Info (12134): Parameter "CLOCK_ENABLE_ECC_STATUS" = "NORMAL"
Info (12021): Found 1 design units, including 1 entities, in source file db/altsyncram_5na3.tdf
    Info (12023): Found entity 1: altsyncram_5na3 File: D:/yscore/db/altsyncram_5na3.tdf Line: 34
Info (12021): Found 1 design units, including 1 entities, in source file db/decode_psa.tdf
    Info (12023): Found entity 1: decode_psa File: D:/yscore/db/decode_psa.tdf Line: 23
Info (12021): Found 1 design units, including 1 entities, in source file db/decode_i8a.tdf
    Info (12023): Found entity 1: decode_i8a File: D:/yscore/db/decode_i8a.tdf Line: 23
Info (12021): Found 1 design units, including 1 entities, in source file db/mux_9nb.tdf
    Info (12023): Found entity 1: mux_9nb File: D:/yscore/db/mux_9nb.tdf Line: 23
Info (12130): Elaborated megafunction instantiation "core_ctl:u_core_ctl|core_perips:u_core_perips|mem_ctl:mem|mem_cell:u_cell2|altsyncram:memory_rtl_0|altsyncram_lte1:auto_generated|altsyncram:ram_block1a0" File: D:/yscore/db/altsyncram_lte1.tdf Line: 37
Info (12133): Instantiated megafunction "core_ctl:u_core_ctl|core_perips:u_core_perips|mem_ctl:mem|mem_cell:u_cell2|altsyncram:memory_rtl_0|altsyncram_lte1:auto_generated|altsyncram:ram_block1a0" with the following parameter: File: D:/yscore/db/altsyncram_lte1.tdf Line: 37
    Info (12134): Parameter "LPM_TYPE" = "altsyncram"
    Info (12134): Parameter "OPERATION_MODE" = "SINGLE_PORT"
    Info (12134): Parameter "WIDTH_A" = "8"
    Info (12134): Parameter "WIDTHAD_A" = "13"
    Info (12134): Parameter "NUMWORDS_A" = "6144"
    Info (12134): Parameter "OUTDATA_REG_A" = "UNREGISTERED"
    Info (12134): Parameter "ADDRESS_ACLR_A" = "NONE"
    Info (12134): Parameter "OUTDATA_ACLR_A" = "NONE"
    Info (12134): Parameter "WRCONTROL_ACLR_A" = "NONE"
    Info (12134): Parameter "INDATA_ACLR_A" = "NONE"
    Info (12134): Parameter "BYTEENA_ACLR_A" = "NONE"
    Info (12134): Parameter "CLOCK_ENABLE_INPUT_A" = "BYPASS"
    Info (12134): Parameter "CLOCK_ENABLE_OUTPUT_A" = "BYPASS"
    Info (12134): Parameter "WIDTH_B" = "1"
    Info (12134): Parameter "WIDTHAD_B" = "1"
    Info (12134): Parameter "NUMWORDS_B" = "1"
    Info (12134): Parameter "INDATA_REG_B" = "UNUSED"
    Info (12134): Parameter "WRCONTROL_WRADDRESS_REG_B" = "UNUSED"
    Info (12134): Parameter "RDCONTROL_REG_B" = "UNUSED"
    Info (12134): Parameter "ADDRESS_REG_B" = "UNUSED"
    Info (12134): Parameter "BYTEENA_REG_B" = "UNUSED"
    Info (12134): Parameter "OUTDATA_REG_B" = "UNREGISTERED"
    Info (12134): Parameter "INDATA_ACLR_B" = "NONE"
    Info (12134): Parameter "WRCONTROL_ACLR_B" = "NONE"
    Info (12134): Parameter "ADDRESS_ACLR_B" = "NONE"
    Info (12134): Parameter "OUTDATA_ACLR_B" = "NONE"
    Info (12134): Parameter "RDCONTROL_ACLR_B" = "NONE"
    Info (12134): Parameter "BYTEENA_ACLR_B" = "NONE"
    Info (12134): Parameter "CLOCK_ENABLE_INPUT_B" = "BYPASS"
    Info (12134): Parameter "CLOCK_ENABLE_OUTPUT_B" = "BYPASS"
    Info (12134): Parameter "WIDTH_BYTEENA_A" = "1"
    Info (12134): Parameter "WIDTH_BYTEENA_B" = "1"
    Info (12134): Parameter "RAM_BLOCK_TYPE" = "M9K"
    Info (12134): Parameter "BYTE_SIZE" = "8"
    Info (12134): Parameter "READ_DURING_WRITE_MODE_MIXED_PORTS" = "DONT_CARE"
    Info (12134): Parameter "INIT_FILE" = "db/yscore.ram0_mem_cell_57631a7f.hdl.mif"
    Info (12134): Parameter "INIT_FILE_LAYOUT" = "PORT_A"
    Info (12134): Parameter "MAXIMUM_DEPTH" = "1024"
    Info (12134): Parameter "ENABLE_RUNTIME_MOD" = "NO"
    Info (12134): Parameter "INSTANCE_NAME" = "UNUSED"
    Info (12134): Parameter "ENABLE_ECC" = "FALSE"
    Info (12134): Parameter "ECCSTATUS_REG" = "UNREGISTERED"
    Info (12134): Parameter "CLOCK_ENABLE_CORE_A" = "BYPASS"
    Info (12134): Parameter "CLOCK_ENABLE_CORE_B" = "BYPASS"
    Info (12134): Parameter "READ_DURING_WRITE_MODE_PORT_A" = "OLD_DATA"
    Info (12134): Parameter "READ_DURING_WRITE_MODE_PORT_B" = "NEW_DATA_WITH_NBE_READ"
    Info (12134): Parameter "CLOCK_ENABLE_ECC_STATUS" = "NORMAL"
Info (12021): Found 1 design units, including 1 entities, in source file db/altsyncram_7ha3.tdf
    Info (12023): Found entity 1: altsyncram_7ha3 File: D:/yscore/db/altsyncram_7ha3.tdf Line: 34
Info (12130): Elaborated megafunction instantiation "core_ctl:u_core_ctl|core_perips:u_core_perips|mem_ctl:mem|mem_cell:u_cell1|altsyncram:memory_rtl_0|altsyncram_3ve1:auto_generated|altsyncram:ram_block1a0" File: D:/yscore/db/altsyncram_3ve1.tdf Line: 37
Info (12133): Instantiated megafunction "core_ctl:u_core_ctl|core_perips:u_core_perips|mem_ctl:mem|mem_cell:u_cell1|altsyncram:memory_rtl_0|altsyncram_3ve1:auto_generated|altsyncram:ram_block1a0" with the following parameter: File: D:/yscore/db/altsyncram_3ve1.tdf Line: 37
    Info (12134): Parameter "LPM_TYPE" = "altsyncram"
    Info (12134): Parameter "OPERATION_MODE" = "SINGLE_PORT"
    Info (12134): Parameter "WIDTH_A" = "8"
    Info (12134): Parameter "WIDTHAD_A" = "13"
    Info (12134): Parameter "NUMWORDS_A" = "6144"
    Info (12134): Parameter "OUTDATA_REG_A" = "UNREGISTERED"
    Info (12134): Parameter "ADDRESS_ACLR_A" = "NONE"
    Info (12134): Parameter "OUTDATA_ACLR_A" = "NONE"
    Info (12134): Parameter "WRCONTROL_ACLR_A" = "NONE"
    Info (12134): Parameter "INDATA_ACLR_A" = "NONE"
    Info (12134): Parameter "BYTEENA_ACLR_A" = "NONE"
    Info (12134): Parameter "CLOCK_ENABLE_INPUT_A" = "BYPASS"
    Info (12134): Parameter "CLOCK_ENABLE_OUTPUT_A" = "BYPASS"
    Info (12134): Parameter "WIDTH_B" = "1"
    Info (12134): Parameter "WIDTHAD_B" = "1"
    Info (12134): Parameter "NUMWORDS_B" = "1"
    Info (12134): Parameter "INDATA_REG_B" = "UNUSED"
    Info (12134): Parameter "WRCONTROL_WRADDRESS_REG_B" = "UNUSED"
    Info (12134): Parameter "RDCONTROL_REG_B" = "UNUSED"
    Info (12134): Parameter "ADDRESS_REG_B" = "UNUSED"
    Info (12134): Parameter "BYTEENA_REG_B" = "UNUSED"
    Info (12134): Parameter "OUTDATA_REG_B" = "UNREGISTERED"
    Info (12134): Parameter "INDATA_ACLR_B" = "NONE"
    Info (12134): Parameter "WRCONTROL_ACLR_B" = "NONE"
    Info (12134): Parameter "ADDRESS_ACLR_B" = "NONE"
    Info (12134): Parameter "OUTDATA_ACLR_B" = "NONE"
    Info (12134): Parameter "RDCONTROL_ACLR_B" = "NONE"
    Info (12134): Parameter "BYTEENA_ACLR_B" = "NONE"
    Info (12134): Parameter "CLOCK_ENABLE_INPUT_B" = "BYPASS"
    Info (12134): Parameter "CLOCK_ENABLE_OUTPUT_B" = "BYPASS"
    Info (12134): Parameter "WIDTH_BYTEENA_A" = "1"
    Info (12134): Parameter "WIDTH_BYTEENA_B" = "1"
    Info (12134): Parameter "RAM_BLOCK_TYPE" = "M9K"
    Info (12134): Parameter "BYTE_SIZE" = "8"
    Info (12134): Parameter "READ_DURING_WRITE_MODE_MIXED_PORTS" = "DONT_CARE"
    Info (12134): Parameter "INIT_FILE" = "db/yscore.ram0_mem_cell_7aa3582f.hdl.mif"
    Info (12134): Parameter "INIT_FILE_LAYOUT" = "PORT_A"
    Info (12134): Parameter "MAXIMUM_DEPTH" = "1024"
    Info (12134): Parameter "ENABLE_RUNTIME_MOD" = "NO"
    Info (12134): Parameter "INSTANCE_NAME" = "UNUSED"
    Info (12134): Parameter "ENABLE_ECC" = "FALSE"
    Info (12134): Parameter "ECCSTATUS_REG" = "UNREGISTERED"
    Info (12134): Parameter "CLOCK_ENABLE_CORE_A" = "BYPASS"
    Info (12134): Parameter "CLOCK_ENABLE_CORE_B" = "BYPASS"
    Info (12134): Parameter "READ_DURING_WRITE_MODE_PORT_A" = "OLD_DATA"
    Info (12134): Parameter "READ_DURING_WRITE_MODE_PORT_B" = "NEW_DATA_WITH_NBE_READ"
    Info (12134): Parameter "CLOCK_ENABLE_ECC_STATUS" = "NORMAL"
Info (12021): Found 1 design units, including 1 entities, in source file db/altsyncram_kia3.tdf
    Info (12023): Found entity 1: altsyncram_kia3 File: D:/yscore/db/altsyncram_kia3.tdf Line: 34
Info (12130): Elaborated megafunction instantiation "core_ctl:u_core_ctl|core_perips:u_core_perips|mem_ctl:mem|mem_cell:u_cell0|altsyncram:memory_rtl_0|altsyncram_gqe1:auto_generated|altsyncram:ram_block1a0" File: D:/yscore/db/altsyncram_gqe1.tdf Line: 37
Info (12133): Instantiated megafunction "core_ctl:u_core_ctl|core_perips:u_core_perips|mem_ctl:mem|mem_cell:u_cell0|altsyncram:memory_rtl_0|altsyncram_gqe1:auto_generated|altsyncram:ram_block1a0" with the following parameter: File: D:/yscore/db/altsyncram_gqe1.tdf Line: 37
    Info (12134): Parameter "LPM_TYPE" = "altsyncram"
    Info (12134): Parameter "OPERATION_MODE" = "SINGLE_PORT"
    Info (12134): Parameter "WIDTH_A" = "8"
    Info (12134): Parameter "WIDTHAD_A" = "13"
    Info (12134): Parameter "NUMWORDS_A" = "6144"
    Info (12134): Parameter "OUTDATA_REG_A" = "UNREGISTERED"
    Info (12134): Parameter "ADDRESS_ACLR_A" = "NONE"
    Info (12134): Parameter "OUTDATA_ACLR_A" = "NONE"
    Info (12134): Parameter "WRCONTROL_ACLR_A" = "NONE"
    Info (12134): Parameter "INDATA_ACLR_A" = "NONE"
    Info (12134): Parameter "BYTEENA_ACLR_A" = "NONE"
    Info (12134): Parameter "CLOCK_ENABLE_INPUT_A" = "BYPASS"
    Info (12134): Parameter "CLOCK_ENABLE_OUTPUT_A" = "BYPASS"
    Info (12134): Parameter "WIDTH_B" = "1"
    Info (12134): Parameter "WIDTHAD_B" = "1"
    Info (12134): Parameter "NUMWORDS_B" = "1"
    Info (12134): Parameter "INDATA_REG_B" = "UNUSED"
    Info (12134): Parameter "WRCONTROL_WRADDRESS_REG_B" = "UNUSED"
    Info (12134): Parameter "RDCONTROL_REG_B" = "UNUSED"
    Info (12134): Parameter "ADDRESS_REG_B" = "UNUSED"
    Info (12134): Parameter "BYTEENA_REG_B" = "UNUSED"
    Info (12134): Parameter "OUTDATA_REG_B" = "UNREGISTERED"
    Info (12134): Parameter "INDATA_ACLR_B" = "NONE"
    Info (12134): Parameter "WRCONTROL_ACLR_B" = "NONE"
    Info (12134): Parameter "ADDRESS_ACLR_B" = "NONE"
    Info (12134): Parameter "OUTDATA_ACLR_B" = "NONE"
    Info (12134): Parameter "RDCONTROL_ACLR_B" = "NONE"
    Info (12134): Parameter "BYTEENA_ACLR_B" = "NONE"
    Info (12134): Parameter "CLOCK_ENABLE_INPUT_B" = "BYPASS"
    Info (12134): Parameter "CLOCK_ENABLE_OUTPUT_B" = "BYPASS"
    Info (12134): Parameter "WIDTH_BYTEENA_A" = "1"
    Info (12134): Parameter "WIDTH_BYTEENA_B" = "1"
    Info (12134): Parameter "RAM_BLOCK_TYPE" = "M9K"
    Info (12134): Parameter "BYTE_SIZE" = "8"
    Info (12134): Parameter "READ_DURING_WRITE_MODE_MIXED_PORTS" = "DONT_CARE"
    Info (12134): Parameter "INIT_FILE" = "db/yscore.ram0_mem_cell_73470118.hdl.mif"
    Info (12134): Parameter "INIT_FILE_LAYOUT" = "PORT_A"
    Info (12134): Parameter "MAXIMUM_DEPTH" = "1024"
    Info (12134): Parameter "ENABLE_RUNTIME_MOD" = "NO"
    Info (12134): Parameter "INSTANCE_NAME" = "UNUSED"
    Info (12134): Parameter "ENABLE_ECC" = "FALSE"
    Info (12134): Parameter "ECCSTATUS_REG" = "UNREGISTERED"
    Info (12134): Parameter "CLOCK_ENABLE_CORE_A" = "BYPASS"
    Info (12134): Parameter "CLOCK_ENABLE_CORE_B" = "BYPASS"
    Info (12134): Parameter "READ_DURING_WRITE_MODE_PORT_A" = "OLD_DATA"
    Info (12134): Parameter "READ_DURING_WRITE_MODE_PORT_B" = "NEW_DATA_WITH_NBE_READ"
    Info (12134): Parameter "CLOCK_ENABLE_ECC_STATUS" = "NORMAL"
Info (12021): Found 1 design units, including 1 entities, in source file db/altsyncram_2ea3.tdf
    Info (12023): Found entity 1: altsyncram_2ea3 File: D:/yscore/db/altsyncram_2ea3.tdf Line: 34
Info (12130): Elaborated megafunction instantiation "core_ctl:u_core_ctl|core_if:u_core_if|altsyncram:ins_mem_rtl_0|altsyncram_sr81:auto_generated|altsyncram:ram_block1a0" File: D:/yscore/db/altsyncram_sr81.tdf Line: 35
Info (12133): Instantiated megafunction "core_ctl:u_core_ctl|core_if:u_core_if|altsyncram:ins_mem_rtl_0|altsyncram_sr81:auto_generated|altsyncram:ram_block1a0" with the following parameter: File: D:/yscore/db/altsyncram_sr81.tdf Line: 35
    Info (12134): Parameter "LPM_TYPE" = "altsyncram"
    Info (12134): Parameter "OPERATION_MODE" = "ROM"
    Info (12134): Parameter "WIDTH_A" = "32"
    Info (12134): Parameter "WIDTHAD_A" = "13"
    Info (12134): Parameter "NUMWORDS_A" = "4608"
    Info (12134): Parameter "OUTDATA_REG_A" = "UNREGISTERED"
    Info (12134): Parameter "ADDRESS_ACLR_A" = "NONE"
    Info (12134): Parameter "OUTDATA_ACLR_A" = "NONE"
    Info (12134): Parameter "WRCONTROL_ACLR_A" = "NONE"
    Info (12134): Parameter "INDATA_ACLR_A" = "NONE"
    Info (12134): Parameter "BYTEENA_ACLR_A" = "NONE"
    Info (12134): Parameter "CLOCK_ENABLE_INPUT_A" = "BYPASS"
    Info (12134): Parameter "CLOCK_ENABLE_OUTPUT_A" = "BYPASS"
    Info (12134): Parameter "WIDTH_B" = "1"
    Info (12134): Parameter "WIDTHAD_B" = "1"
    Info (12134): Parameter "NUMWORDS_B" = "1"
    Info (12134): Parameter "INDATA_REG_B" = "UNUSED"
    Info (12134): Parameter "WRCONTROL_WRADDRESS_REG_B" = "UNUSED"
    Info (12134): Parameter "RDCONTROL_REG_B" = "UNUSED"
    Info (12134): Parameter "ADDRESS_REG_B" = "UNUSED"
    Info (12134): Parameter "BYTEENA_REG_B" = "UNUSED"
    Info (12134): Parameter "OUTDATA_REG_B" = "UNREGISTERED"
    Info (12134): Parameter "INDATA_ACLR_B" = "NONE"
    Info (12134): Parameter "WRCONTROL_ACLR_B" = "NONE"
    Info (12134): Parameter "ADDRESS_ACLR_B" = "NONE"
    Info (12134): Parameter "OUTDATA_ACLR_B" = "NONE"
    Info (12134): Parameter "RDCONTROL_ACLR_B" = "NONE"
    Info (12134): Parameter "BYTEENA_ACLR_B" = "NONE"
    Info (12134): Parameter "CLOCK_ENABLE_INPUT_B" = "BYPASS"
    Info (12134): Parameter "CLOCK_ENABLE_OUTPUT_B" = "BYPASS"
    Info (12134): Parameter "WIDTH_BYTEENA_A" = "1"
    Info (12134): Parameter "WIDTH_BYTEENA_B" = "1"
    Info (12134): Parameter "RAM_BLOCK_TYPE" = "M9K"
    Info (12134): Parameter "BYTE_SIZE" = "8"
    Info (12134): Parameter "READ_DURING_WRITE_MODE_MIXED_PORTS" = "DONT_CARE"
    Info (12134): Parameter "INIT_FILE" = "db/yscore.ram0_core_if_49956ffa.hdl.mif"
    Info (12134): Parameter "INIT_FILE_LAYOUT" = "PORT_A"
    Info (12134): Parameter "MAXIMUM_DEPTH" = "1024"
    Info (12134): Parameter "ENABLE_RUNTIME_MOD" = "NO"
    Info (12134): Parameter "INSTANCE_NAME" = "UNUSED"
    Info (12134): Parameter "ENABLE_ECC" = "FALSE"
    Info (12134): Parameter "ECCSTATUS_REG" = "UNREGISTERED"
    Info (12134): Parameter "CLOCK_ENABLE_CORE_A" = "BYPASS"
    Info (12134): Parameter "CLOCK_ENABLE_CORE_B" = "BYPASS"
    Info (12134): Parameter "READ_DURING_WRITE_MODE_PORT_A" = "NEW_DATA_WITH_NBE_READ"
    Info (12134): Parameter "READ_DURING_WRITE_MODE_PORT_B" = "NEW_DATA_WITH_NBE_READ"
    Info (12134): Parameter "CLOCK_ENABLE_ECC_STATUS" = "NORMAL"
Info (12021): Found 1 design units, including 1 entities, in source file db/altsyncram_hr93.tdf
    Info (12023): Found entity 1: altsyncram_hr93 File: D:/yscore/db/altsyncram_hr93.tdf Line: 32
Warning (127007): Memory Initialization File or Hexadecimal (Intel-Format) File "D:/yscore/db/yscore.ram0_core_if_49956ffa.hdl.mif" contains "don't care" values -- overwriting them with 0s File: e:/quartus/altera/quartus/libraries/megafunctions/altsyncram.tdf Line: 792
Warning (127007): Memory Initialization File or Hexadecimal (Intel-Format) File "D:/yscore/db/yscore.ram0_core_if_49956ffa.hdl.mif" contains "don't care" values -- overwriting them with 0s File: e:/quartus/altera/quartus/libraries/megafunctions/altsyncram.tdf Line: 792
Info (12021): Found 1 design units, including 1 entities, in source file db/decode_h8a.tdf
    Info (12023): Found entity 1: decode_h8a File: D:/yscore/db/decode_h8a.tdf Line: 23
Info (12021): Found 1 design units, including 1 entities, in source file db/mux_lob.tdf
    Info (12023): Found entity 1: mux_lob File: D:/yscore/db/mux_lob.tdf Line: 23
Warning (12241): 1 hierarchies have connectivity warnings - see the Connectivity Checks report folder
Info (13000): Registers with preset signals will power-up high File: D:/yscore/src/core_ctl.v Line: 77
Info (13003): DEV_CLRn pin will set, and not reset, register with preset signal due to NOT Gate Push-Back
Info (286030): Timing-Driven Synthesis is running
Info (17049): 9 registers lost all their fanouts during netlist optimizations.
Info (144001): Generated suppressed messages file D:/yscore/yscore.map.smsg
Info (16010): Generating hard_block partition "hard_block:auto_generated_inst"
    Info (16011): Adding 0 node(s), including 0 DDIO, 0 PLL, 0 transceiver and 0 LCELL
Info (21057): Implemented 6713 device resources after synthesis - the final resource count might be different
    Info (21058): Implemented 3 input pins
    Info (21059): Implemented 5 output pins
    Info (21061): Implemented 6353 logic cells
    Info (21064): Implemented 352 RAM segments
Info: Quartus Prime Analysis & Synthesis was successful. 0 errors, 35 warnings
    Info: Peak virtual memory: 4953 megabytes
    Info: Processing ended: Sun Sep  6 22:20:52 2026
    Info: Elapsed time: 00:00:27
    Info: Total CPU time (on all processors): 00:00:34


+------------------------------------------+
; Analysis & Synthesis Suppressed Messages ;
+------------------------------------------+
The suppressed messages can be found in D:/yscore/yscore.map.smsg.


