Timing Analyzer report for yscore
Sun Sep  6 22:21:23 2026
Quartus Prime Version 25.1std.0 Build 1129 10/21/2025 SC Lite Edition


---------------------
; Table of Contents ;
---------------------
  1. Legal Notice
  2. Timing Analyzer Summary
  3. Parallel Compilation
  4. SDC File List
  5. Clocks
  6. Slow 1200mV 85C Model Fmax Summary
  7. Timing Closure Recommendations
  8. Slow 1200mV 85C Model Setup Summary
  9. Slow 1200mV 85C Model Hold Summary
 10. Slow 1200mV 85C Model Recovery Summary
 11. Slow 1200mV 85C Model Removal Summary
 12. Slow 1200mV 85C Model Minimum Pulse Width Summary
 13. Slow 1200mV 85C Model Setup: 'clk'
 14. Slow 1200mV 85C Model Hold: 'clk'
 15. Slow 1200mV 85C Model Recovery: 'clk'
 16. Slow 1200mV 85C Model Removal: 'clk'
 17. Slow 1200mV 85C Model Metastability Summary
 18. Slow 1200mV 0C Model Fmax Summary
 19. Slow 1200mV 0C Model Setup Summary
 20. Slow 1200mV 0C Model Hold Summary
 21. Slow 1200mV 0C Model Recovery Summary
 22. Slow 1200mV 0C Model Removal Summary
 23. Slow 1200mV 0C Model Minimum Pulse Width Summary
 24. Slow 1200mV 0C Model Setup: 'clk'
 25. Slow 1200mV 0C Model Hold: 'clk'
 26. Slow 1200mV 0C Model Recovery: 'clk'
 27. Slow 1200mV 0C Model Removal: 'clk'
 28. Slow 1200mV 0C Model Metastability Summary
 29. Fast 1200mV 0C Model Setup Summary
 30. Fast 1200mV 0C Model Hold Summary
 31. Fast 1200mV 0C Model Recovery Summary
 32. Fast 1200mV 0C Model Removal Summary
 33. Fast 1200mV 0C Model Minimum Pulse Width Summary
 34. Fast 1200mV 0C Model Setup: 'clk'
 35. Fast 1200mV 0C Model Hold: 'clk'
 36. Fast 1200mV 0C Model Recovery: 'clk'
 37. Fast 1200mV 0C Model Removal: 'clk'
 38. Fast 1200mV 0C Model Metastability Summary
 39. Multicorner Timing Analysis Summary
 40. Board Trace Model Assignments
 41. Input Transition Times
 42. Signal Integrity Metrics (Slow 1200mv 0c Model)
 43. Signal Integrity Metrics (Slow 1200mv 85c Model)
 44. Signal Integrity Metrics (Fast 1200mv 0c Model)
 45. Setup Transfers
 46. Hold Transfers
 47. Recovery Transfers
 48. Removal Transfers
 49. Report TCCS
 50. Report RSKM
 51. Unconstrained Paths Summary
 52. Clock Status Summary
 53. Unconstrained Input Ports
 54. Unconstrained Output Ports
 55. Unconstrained Input Ports
 56. Unconstrained Output Ports
 57. Timing Analyzer Messages



----------------
; Legal Notice ;
----------------
Copyright (C) 2025  Altera Corporation. All rights reserved.
Your use of Altera Corporation's design tools, logic functions 
and other software and tools, and any partner logic 
functions, and any output files from any of the foregoing 
(including device programming or simulation files), and any 
associated documentation or information are expressly subject 
to the terms and conditions of the Altera Program License 
Subscription Agreement, the Altera Quartus Prime License Agreement,
the Altera IP License Agreement, or other applicable license
agreement, including, without limitation, that your use is for
the sole purpose of programming logic devices manufactured by
Altera and sold by Altera or its authorized distributors.  Please
refer to the Altera Software License Subscription Agreements 
on the Quartus Prime software download page.



+---------------------------------------------------------------------------------+
; Timing Analyzer Summary                                                         ;
+-----------------------+---------------------------------------------------------+
; Quartus Prime Version ; Version 25.1std.0 Build 1129 10/21/2025 SC Lite Edition ;
; Timing Analyzer       ; Legacy Timing Analyzer                                  ;
; Revision Name         ; yscore                                                  ;
; Device Family         ; Cyclone IV E                                            ;
; Device Name           ; EP4CE10F17C8                                            ;
; Timing Models         ; Final                                                   ;
; Delay Model           ; Combined                                                ;
; Rise/Fall Delays      ; Enabled                                                 ;
+-----------------------+---------------------------------------------------------+


+------------------------------------------+
; Parallel Compilation                     ;
+----------------------------+-------------+
; Processors                 ; Number      ;
+----------------------------+-------------+
; Number detected on machine ; 20          ;
; Maximum allowed            ; 16          ;
;                            ;             ;
; Average used               ; 1.76        ;
; Maximum used               ; 16          ;
;                            ;             ;
; Usage by Processor         ; % Time Used ;
;     Processor 1            ; 100.0%      ;
;     Processor 2            ;  16.4%      ;
;     Processor 3            ;   9.2%      ;
;     Processor 4            ;   5.5%      ;
;     Processors 5-16        ;   3.7%      ;
+----------------------------+-------------+


+---------------------------------------------------+
; SDC File List                                     ;
+---------------+--------+--------------------------+
; SDC File Path ; Status ; Read at                  ;
+---------------+--------+--------------------------+
; src/time.sdc  ; OK     ; Sun Sep  6 22:21:21 2026 ;
+---------------+--------+--------------------------+


+---------------------------------------------------------------------------------------------------------------------------------------------------------------------------------+
; Clocks                                                                                                                                                                          ;
+------------+------+--------+-----------+-------+--------+------------+-----------+-------------+-------+--------+-----------+------------+----------+--------+--------+---------+
; Clock Name ; Type ; Period ; Frequency ; Rise  ; Fall   ; Duty Cycle ; Divide by ; Multiply by ; Phase ; Offset ; Edge List ; Edge Shift ; Inverted ; Master ; Source ; Targets ;
+------------+------+--------+-----------+-------+--------+------------+-----------+-------------+-------+--------+-----------+------------+----------+--------+--------+---------+
; clk        ; Base ; 20.000 ; 50.0 MHz  ; 0.000 ; 10.000 ;            ;           ;             ;       ;        ;           ;            ;          ;        ;        ; { clk } ;
+------------+------+--------+-----------+-------+--------+------------+-----------+-------------+-------+--------+-----------+------------+----------+--------+--------+---------+


+-------------------------------------------------+
; Slow 1200mV 85C Model Fmax Summary              ;
+-----------+-----------------+------------+------+
; Fmax      ; Restricted Fmax ; Clock Name ; Note ;
+-----------+-----------------+------------+------+
; 53.59 MHz ; 53.59 MHz       ; clk        ;      ;
+-----------+-----------------+------------+------+
This panel reports FMAX for every clock in the design, regardless of the user-specified clock periods.  FMAX is only computed for paths where the source and destination registers or ports are driven by the same clock.  Paths of different clocks, including generated clocks, are ignored.  For paths between a clock and its inversion, FMAX is computed as if the rising and falling edges are scaled along with FMAX, such that the duty cycle (in terms of a percentage) is maintained. Altera recommends that you always use clock constraints and other slack reports for sign-off analysis.


----------------------------------
; Timing Closure Recommendations ;
----------------------------------
HTML report is unavailable in plain text report export.


+-------------------------------------+
; Slow 1200mV 85C Model Setup Summary ;
+-------+-------+---------------------+
; Clock ; Slack ; End Point TNS       ;
+-------+-------+---------------------+
; clk   ; 1.340 ; 0.000               ;
+-------+-------+---------------------+


+------------------------------------+
; Slow 1200mV 85C Model Hold Summary ;
+-------+-------+--------------------+
; Clock ; Slack ; End Point TNS      ;
+-------+-------+--------------------+
; clk   ; 0.451 ; 0.000              ;
+-------+-------+--------------------+


+----------------------------------------+
; Slow 1200mV 85C Model Recovery Summary ;
+-------+--------+-----------------------+
; Clock ; Slack  ; End Point TNS         ;
+-------+--------+-----------------------+
; clk   ; 16.243 ; 0.000                 ;
+-------+--------+-----------------------+


+---------------------------------------+
; Slow 1200mV 85C Model Removal Summary ;
+-------+-------+-----------------------+
; Clock ; Slack ; End Point TNS         ;
+-------+-------+-----------------------+
; clk   ; 3.152 ; 0.000                 ;
+-------+-------+-----------------------+


+---------------------------------------------------+
; Slow 1200mV 85C Model Minimum Pulse Width Summary ;
+-------+-------+-----------------------------------+
; Clock ; Slack ; End Point TNS                     ;
+-------+-------+-----------------------------------+
; clk   ; 9.657 ; 0.000                             ;
+-------+-------+-----------------------------------+


+-------------------------------------------------------------------------------------------------------------------------------------------------------------------------------------------------------------------------------------------------------------------------------------------------------------+
; Slow 1200mV 85C Model Setup: 'clk'                                                                                                                                                                                                                                                                          ;
+-------+----------------------------------------------------------------------------------------------------------------------------------------------------------------------------------------+--------------------------------------+--------------+-------------+--------------+------------+------------+
; Slack ; From Node                                                                                                                                                                              ; To Node                              ; Launch Clock ; Latch Clock ; Relationship ; Clock Skew ; Data Delay ;
+-------+----------------------------------------------------------------------------------------------------------------------------------------------------------------------------------------+--------------------------------------+--------------+-------------+--------------+------------+------------+
; 1.340 ; core_ctl:u_core_ctl|core_if:u_core_if|altsyncram:ins_mem_rtl_0|altsyncram_sr81:auto_generated|altsyncram:ram_block1a0|altsyncram_hr93:auto_generated|ram_block1a46~porta_address_reg0  ; core_ctl:u_core_ctl|ifid_alusrc2[4]  ; clk          ; clk         ; 20.000       ; -0.470     ; 18.211     ;
; 1.406 ; core_ctl:u_core_ctl|core_if:u_core_if|altsyncram:ins_mem_rtl_0|altsyncram_sr81:auto_generated|altsyncram:ram_block1a0|altsyncram_hr93:auto_generated|ram_block1a79~porta_address_reg0  ; core_ctl:u_core_ctl|ifid_alusrc2[4]  ; clk          ; clk         ; 20.000       ; -0.476     ; 18.139     ;
; 1.481 ; core_ctl:u_core_ctl|core_if:u_core_if|altsyncram:ins_mem_rtl_0|altsyncram_sr81:auto_generated|altsyncram:ram_block1a0|altsyncram_hr93:auto_generated|ram_block1a111~porta_address_reg0 ; core_ctl:u_core_ctl|ifid_alusrc2[4]  ; clk          ; clk         ; 20.000       ; -0.483     ; 18.057     ;
; 1.592 ; core_ctl:u_core_ctl|core_if:u_core_if|altsyncram:ins_mem_rtl_0|altsyncram_sr81:auto_generated|altsyncram:ram_block1a0|altsyncram_hr93:auto_generated|ram_block1a110~porta_address_reg0 ; core_ctl:u_core_ctl|ifid_alusrc2[4]  ; clk          ; clk         ; 20.000       ; -0.467     ; 17.962     ;
; 1.616 ; core_ctl:u_core_ctl|core_if:u_core_if|altsyncram:ins_mem_rtl_0|altsyncram_sr81:auto_generated|altsyncram:ram_block1a0|altsyncram_hr93:auto_generated|ram_block1a128~porta_address_reg0 ; core_ctl:u_core_ctl|ifid_alusrc2[4]  ; clk          ; clk         ; 20.000       ; -0.479     ; 17.926     ;
; 1.649 ; core_ctl:u_core_ctl|core_if:u_core_if|altsyncram:ins_mem_rtl_0|altsyncram_sr81:auto_generated|altsyncram:ram_block1a0|altsyncram_hr93:auto_generated|ram_block1a14~porta_address_reg0  ; core_ctl:u_core_ctl|ifid_alusrc2[4]  ; clk          ; clk         ; 20.000       ; -0.469     ; 17.903     ;
; 1.731 ; core_ctl:u_core_ctl|core_if:u_core_if|altsyncram:ins_mem_rtl_0|altsyncram_sr81:auto_generated|altsyncram:ram_block1a0|altsyncram_hr93:auto_generated|ram_block1a78~porta_address_reg0  ; core_ctl:u_core_ctl|ifid_alusrc2[4]  ; clk          ; clk         ; 20.000       ; -0.469     ; 17.821     ;
; 1.781 ; core_ctl:u_core_ctl|core_if:u_core_if|altsyncram:ins_mem_rtl_0|altsyncram_sr81:auto_generated|altsyncram:ram_block1a0|altsyncram_hr93:auto_generated|ram_block1a15~porta_address_reg0  ; core_ctl:u_core_ctl|ifid_alusrc2[4]  ; clk          ; clk         ; 20.000       ; -0.481     ; 17.759     ;
; 2.056 ; core_ctl:u_core_ctl|core_if:u_core_if|altsyncram:ins_mem_rtl_0|altsyncram_sr81:auto_generated|altsyncram:ram_block1a0|altsyncram_hr93:auto_generated|ram_block1a135~porta_address_reg0 ; core_ctl:u_core_ctl|ifid_alusrc2[4]  ; clk          ; clk         ; 20.000       ; -0.469     ; 17.496     ;
; 2.270 ; core_ctl:u_core_ctl|core_if:u_core_if|altsyncram:ins_mem_rtl_0|altsyncram_sr81:auto_generated|altsyncram:ram_block1a0|altsyncram_hr93:auto_generated|ram_block1a47~porta_address_reg0  ; core_ctl:u_core_ctl|ifid_alusrc2[4]  ; clk          ; clk         ; 20.000       ; -0.475     ; 17.276     ;
; 2.918 ; core_ctl:u_core_ctl|ifid_alusrc2[0]                                                                                                                                                    ; core_ctl:u_core_ctl|exe_nextpc[25]   ; clk          ; clk         ; 20.000       ; -0.085     ; 17.018     ;
; 2.928 ; core_ctl:u_core_ctl|ifid_alusrc2[0]                                                                                                                                                    ; core_ctl:u_core_ctl|exe_nextpc[9]    ; clk          ; clk         ; 20.000       ; -0.085     ; 17.008     ;
; 3.066 ; core_ctl:u_core_ctl|ifid_alusrc2[0]                                                                                                                                                    ; core_ctl:u_core_ctl|exe_nextpc[23]   ; clk          ; clk         ; 20.000       ; -0.087     ; 16.868     ;
; 3.099 ; core_ctl:u_core_ctl|ifid_alusrc2[0]                                                                                                                                                    ; core_ctl:u_core_ctl|exe_nextpc[7]    ; clk          ; clk         ; 20.000       ; -0.087     ; 16.835     ;
; 3.118 ; core_ctl:u_core_ctl|ifid_alusrc2[0]                                                                                                                                                    ; core_ctl:u_core_ctl|exe_nextpc[4]    ; clk          ; clk         ; 20.000       ; -0.083     ; 16.820     ;
; 3.168 ; core_ctl:u_core_ctl|ifid_alusrc1[10]                                                                                                                                                   ; core_ctl:u_core_ctl|exe_nextpc[25]   ; clk          ; clk         ; 20.000       ; -0.085     ; 16.768     ;
; 3.178 ; core_ctl:u_core_ctl|ifid_alusrc1[10]                                                                                                                                                   ; core_ctl:u_core_ctl|exe_nextpc[9]    ; clk          ; clk         ; 20.000       ; -0.085     ; 16.758     ;
; 3.184 ; core_ctl:u_core_ctl|core_if:u_core_if|altsyncram:ins_mem_rtl_0|altsyncram_sr81:auto_generated|altsyncram:ram_block1a0|altsyncram_hr93:auto_generated|ram_block1a79~porta_address_reg0  ; core_ctl:u_core_ctl|ifid_alusrc2[15] ; clk          ; clk         ; 20.000       ; -0.475     ; 16.362     ;
; 3.197 ; core_ctl:u_core_ctl|ifid_alusrc1[0]                                                                                                                                                    ; core_ctl:u_core_ctl|exe_nextpc[25]   ; clk          ; clk         ; 20.000       ; -0.085     ; 16.739     ;
; 3.203 ; core_ctl:u_core_ctl|ifid_alusrc2[0]                                                                                                                                                    ; core_ctl:u_core_ctl|exe_nextpc[22]   ; clk          ; clk         ; 20.000       ; -0.083     ; 16.735     ;
; 3.207 ; core_ctl:u_core_ctl|ifid_alusrc1[0]                                                                                                                                                    ; core_ctl:u_core_ctl|exe_nextpc[9]    ; clk          ; clk         ; 20.000       ; -0.085     ; 16.729     ;
; 3.220 ; core_ctl:u_core_ctl|ifid_alusrc1[8]                                                                                                                                                    ; core_ctl:u_core_ctl|exe_nextpc[25]   ; clk          ; clk         ; 20.000       ; -0.086     ; 16.715     ;
; 3.226 ; core_ctl:u_core_ctl|core_if:u_core_if|altsyncram:ins_mem_rtl_0|altsyncram_sr81:auto_generated|altsyncram:ram_block1a0|altsyncram_hr93:auto_generated|ram_block1a111~porta_address_reg0 ; core_ctl:u_core_ctl|ifid_alusrc2[15] ; clk          ; clk         ; 20.000       ; -0.482     ; 16.313     ;
; 3.229 ; core_ctl:u_core_ctl|core_if:u_core_if|altsyncram:ins_mem_rtl_0|altsyncram_sr81:auto_generated|altsyncram:ram_block1a0|altsyncram_hr93:auto_generated|ram_block1a78~porta_address_reg0  ; core_ctl:u_core_ctl|ifid_alusrc2[8]  ; clk          ; clk         ; 20.000       ; -0.470     ; 16.322     ;
; 3.230 ; core_ctl:u_core_ctl|ifid_alusrc1[8]                                                                                                                                                    ; core_ctl:u_core_ctl|exe_nextpc[9]    ; clk          ; clk         ; 20.000       ; -0.086     ; 16.705     ;
; 3.253 ; core_ctl:u_core_ctl|core_if:u_core_if|altsyncram:ins_mem_rtl_0|altsyncram_sr81:auto_generated|altsyncram:ram_block1a0|altsyncram_hr93:auto_generated|ram_block1a110~porta_address_reg0 ; core_ctl:u_core_ctl|ifid_alusrc2[8]  ; clk          ; clk         ; 20.000       ; -0.468     ; 16.300     ;
; 3.262 ; core_ctl:u_core_ctl|ifid_alusrc2[0]                                                                                                                                                    ; core_ctl:u_core_ctl|exe_nextpc[11]   ; clk          ; clk         ; 20.000       ; -0.087     ; 16.672     ;
; 3.264 ; core_ctl:u_core_ctl|ifid_alusrc2[0]                                                                                                                                                    ; core_ctl:u_core_ctl|exe_nextpc[20]   ; clk          ; clk         ; 20.000       ; -0.086     ; 16.671     ;
; 3.293 ; core_ctl:u_core_ctl|ifid_alusrc2[0]                                                                                                                                                    ; core_ctl:u_core_ctl|exe_nextpc[10]   ; clk          ; clk         ; 20.000       ; -0.085     ; 16.643     ;
; 3.313 ; core_ctl:u_core_ctl|ifid_alusrc2[0]                                                                                                                                                    ; core_ctl:u_core_ctl|exe_nextpc[30]   ; clk          ; clk         ; 20.000       ; -0.083     ; 16.625     ;
; 3.316 ; core_ctl:u_core_ctl|ifid_alusrc1[10]                                                                                                                                                   ; core_ctl:u_core_ctl|exe_nextpc[23]   ; clk          ; clk         ; 20.000       ; -0.087     ; 16.618     ;
; 3.331 ; core_ctl:u_core_ctl|ifid_alusrc2[0]                                                                                                                                                    ; core_ctl:u_core_ctl|exe_nextpc[6]    ; clk          ; clk         ; 20.000       ; -0.085     ; 16.605     ;
; 3.332 ; core_ctl:u_core_ctl|ifid_alusrc2[0]                                                                                                                                                    ; core_ctl:u_core_ctl|exe_nextpc[17]   ; clk          ; clk         ; 20.000       ; -0.085     ; 16.604     ;
; 3.335 ; core_ctl:u_core_ctl|ifid_alusrc2[0]                                                                                                                                                    ; core_ctl:u_core_ctl|exe_nextpc[19]   ; clk          ; clk         ; 20.000       ; -0.083     ; 16.603     ;
; 3.336 ; core_ctl:u_core_ctl|ifid_alusrc1[25]                                                                                                                                                   ; core_ctl:u_core_ctl|exe_nextpc[25]   ; clk          ; clk         ; 20.000       ; -0.099     ; 16.586     ;
; 3.342 ; core_ctl:u_core_ctl|ifid_alusrc1[9]                                                                                                                                                    ; core_ctl:u_core_ctl|exe_nextpc[25]   ; clk          ; clk         ; 20.000       ; -0.086     ; 16.593     ;
; 3.345 ; core_ctl:u_core_ctl|ifid_alusrc1[0]                                                                                                                                                    ; core_ctl:u_core_ctl|exe_nextpc[23]   ; clk          ; clk         ; 20.000       ; -0.087     ; 16.589     ;
; 3.345 ; core_ctl:u_core_ctl|ifid_alusrc2[0]                                                                                                                                                    ; core_ctl:u_core_ctl|exe_nextpc[29]   ; clk          ; clk         ; 20.000       ; -0.085     ; 16.591     ;
; 3.346 ; core_ctl:u_core_ctl|ifid_alusrc1[25]                                                                                                                                                   ; core_ctl:u_core_ctl|exe_nextpc[9]    ; clk          ; clk         ; 20.000       ; -0.099     ; 16.576     ;
; 3.349 ; core_ctl:u_core_ctl|ifid_alusrc1[10]                                                                                                                                                   ; core_ctl:u_core_ctl|exe_nextpc[7]    ; clk          ; clk         ; 20.000       ; -0.087     ; 16.585     ;
; 3.352 ; core_ctl:u_core_ctl|ifid_alusrc1[9]                                                                                                                                                    ; core_ctl:u_core_ctl|exe_nextpc[9]    ; clk          ; clk         ; 20.000       ; -0.086     ; 16.583     ;
; 3.367 ; core_ctl:u_core_ctl|core_if:u_core_if|altsyncram:ins_mem_rtl_0|altsyncram_sr81:auto_generated|altsyncram:ram_block1a0|altsyncram_hr93:auto_generated|ram_block1a14~porta_address_reg0  ; core_ctl:u_core_ctl|ifid_alusrc2[8]  ; clk          ; clk         ; 20.000       ; -0.470     ; 16.184     ;
; 3.368 ; core_ctl:u_core_ctl|ifid_alusrc1[8]                                                                                                                                                    ; core_ctl:u_core_ctl|exe_nextpc[23]   ; clk          ; clk         ; 20.000       ; -0.088     ; 16.565     ;
; 3.368 ; core_ctl:u_core_ctl|ifid_alusrc1[10]                                                                                                                                                   ; core_ctl:u_core_ctl|exe_nextpc[4]    ; clk          ; clk         ; 20.000       ; -0.083     ; 16.570     ;
; 3.372 ; core_ctl:u_core_ctl|core_if:u_core_if|altsyncram:ins_mem_rtl_0|altsyncram_sr81:auto_generated|altsyncram:ram_block1a0|altsyncram_hr93:auto_generated|ram_block1a46~porta_address_reg0  ; core_ctl:u_core_ctl|ifid_alusrc2[8]  ; clk          ; clk         ; 20.000       ; -0.471     ; 16.178     ;
; 3.378 ; core_ctl:u_core_ctl|ifid_alusrc1[0]                                                                                                                                                    ; core_ctl:u_core_ctl|exe_nextpc[7]    ; clk          ; clk         ; 20.000       ; -0.087     ; 16.556     ;
; 3.397 ; core_ctl:u_core_ctl|ifid_alusrc1[0]                                                                                                                                                    ; core_ctl:u_core_ctl|exe_nextpc[4]    ; clk          ; clk         ; 20.000       ; -0.083     ; 16.541     ;
; 3.401 ; core_ctl:u_core_ctl|core_if:u_core_if|altsyncram:ins_mem_rtl_0|altsyncram_sr81:auto_generated|altsyncram:ram_block1a0|altsyncram_hr93:auto_generated|ram_block1a111~porta_address_reg0 ; core_ctl:u_core_ctl|ifid_alusrc2[8]  ; clk          ; clk         ; 20.000       ; -0.484     ; 16.136     ;
; 3.401 ; core_ctl:u_core_ctl|ifid_alusrc1[8]                                                                                                                                                    ; core_ctl:u_core_ctl|exe_nextpc[7]    ; clk          ; clk         ; 20.000       ; -0.088     ; 16.532     ;
; 3.420 ; core_ctl:u_core_ctl|ifid_alusrc1[8]                                                                                                                                                    ; core_ctl:u_core_ctl|exe_nextpc[4]    ; clk          ; clk         ; 20.000       ; -0.084     ; 16.517     ;
; 3.423 ; core_ctl:u_core_ctl|ifid_alusrc2[0]                                                                                                                                                    ; core_ctl:u_core_ctl|exe_nextpc[5]    ; clk          ; clk         ; 20.000       ; -0.085     ; 16.513     ;
; 3.453 ; core_ctl:u_core_ctl|ifid_alusrc1[10]                                                                                                                                                   ; core_ctl:u_core_ctl|exe_nextpc[22]   ; clk          ; clk         ; 20.000       ; -0.083     ; 16.485     ;
; 3.466 ; core_ctl:u_core_ctl|ifid_alusrc2[0]                                                                                                                                                    ; core_ctl:u_core_ctl|exe_nextpc[26]   ; clk          ; clk         ; 20.000       ; -0.086     ; 16.469     ;
; 3.467 ; core_ctl:u_core_ctl|ifid_alusrc2[0]                                                                                                                                                    ; core_ctl:u_core_ctl|exe_nextpc[16]   ; clk          ; clk         ; 20.000       ; -0.086     ; 16.468     ;
; 3.482 ; core_ctl:u_core_ctl|ifid_alusrc1[0]                                                                                                                                                    ; core_ctl:u_core_ctl|exe_nextpc[22]   ; clk          ; clk         ; 20.000       ; -0.083     ; 16.456     ;
; 3.490 ; core_ctl:u_core_ctl|ifid_alusrc1[9]                                                                                                                                                    ; core_ctl:u_core_ctl|exe_nextpc[23]   ; clk          ; clk         ; 20.000       ; -0.088     ; 16.443     ;
; 3.492 ; core_ctl:u_core_ctl|ifid_alusrc1[7]                                                                                                                                                    ; core_ctl:u_core_ctl|exe_nextpc[25]   ; clk          ; clk         ; 20.000       ; -0.086     ; 16.443     ;
; 3.502 ; core_ctl:u_core_ctl|ifid_alusrc1[7]                                                                                                                                                    ; core_ctl:u_core_ctl|exe_nextpc[9]    ; clk          ; clk         ; 20.000       ; -0.086     ; 16.433     ;
; 3.505 ; core_ctl:u_core_ctl|ifid_alusrc1[8]                                                                                                                                                    ; core_ctl:u_core_ctl|exe_nextpc[22]   ; clk          ; clk         ; 20.000       ; -0.084     ; 16.432     ;
; 3.512 ; core_ctl:u_core_ctl|ifid_alusrc1[10]                                                                                                                                                   ; core_ctl:u_core_ctl|exe_nextpc[11]   ; clk          ; clk         ; 20.000       ; -0.087     ; 16.422     ;
; 3.514 ; core_ctl:u_core_ctl|ifid_alusrc1[10]                                                                                                                                                   ; core_ctl:u_core_ctl|exe_nextpc[20]   ; clk          ; clk         ; 20.000       ; -0.086     ; 16.421     ;
; 3.517 ; core_ctl:u_core_ctl|ifid_alusrc1[25]                                                                                                                                                   ; core_ctl:u_core_ctl|exe_nextpc[7]    ; clk          ; clk         ; 20.000       ; -0.101     ; 16.403     ;
; 3.519 ; core_ctl:u_core_ctl|ifid_alusrc2[0]                                                                                                                                                    ; core_ctl:u_core_ctl|exe_nextpc[13]   ; clk          ; clk         ; 20.000       ; -0.082     ; 16.420     ;
; 3.523 ; core_ctl:u_core_ctl|ifid_alusrc2[0]                                                                                                                                                    ; core_ctl:u_core_ctl|exe_nextpc[15]   ; clk          ; clk         ; 20.000       ; -0.082     ; 16.416     ;
; 3.523 ; core_ctl:u_core_ctl|ifid_alusrc1[9]                                                                                                                                                    ; core_ctl:u_core_ctl|exe_nextpc[7]    ; clk          ; clk         ; 20.000       ; -0.088     ; 16.410     ;
; 3.523 ; core_ctl:u_core_ctl|ifid_alusrc1[11]                                                                                                                                                   ; core_ctl:u_core_ctl|exe_nextpc[25]   ; clk          ; clk         ; 20.000       ; -0.086     ; 16.412     ;
; 3.524 ; core_ctl:u_core_ctl|ifid_alusrc2[0]                                                                                                                                                    ; core_ctl:u_core_ctl|exe_nextpc[8]    ; clk          ; clk         ; 20.000       ; -0.082     ; 16.415     ;
; 3.525 ; core_ctl:u_core_ctl|ifid_alusrc2[0]                                                                                                                                                    ; core_ctl:u_core_ctl|exe_nextpc[14]   ; clk          ; clk         ; 20.000       ; -0.082     ; 16.414     ;
; 3.533 ; core_ctl:u_core_ctl|ifid_alusrc1[11]                                                                                                                                                   ; core_ctl:u_core_ctl|exe_nextpc[9]    ; clk          ; clk         ; 20.000       ; -0.086     ; 16.402     ;
; 3.536 ; core_ctl:u_core_ctl|ifid_alusrc1[25]                                                                                                                                                   ; core_ctl:u_core_ctl|exe_nextpc[4]    ; clk          ; clk         ; 20.000       ; -0.097     ; 16.388     ;
; 3.541 ; core_ctl:u_core_ctl|core_if:u_core_if|altsyncram:ins_mem_rtl_0|altsyncram_sr81:auto_generated|altsyncram:ram_block1a0|altsyncram_hr93:auto_generated|ram_block1a79~porta_address_reg0  ; core_ctl:u_core_ctl|ifid_alusrc2[29] ; clk          ; clk         ; 20.000       ; -0.480     ; 16.000     ;
; 3.541 ; core_ctl:u_core_ctl|ifid_alusrc1[0]                                                                                                                                                    ; core_ctl:u_core_ctl|exe_nextpc[11]   ; clk          ; clk         ; 20.000       ; -0.087     ; 16.393     ;
; 3.542 ; core_ctl:u_core_ctl|ifid_alusrc1[9]                                                                                                                                                    ; core_ctl:u_core_ctl|exe_nextpc[4]    ; clk          ; clk         ; 20.000       ; -0.084     ; 16.395     ;
; 3.543 ; core_ctl:u_core_ctl|ifid_alusrc1[0]                                                                                                                                                    ; core_ctl:u_core_ctl|exe_nextpc[20]   ; clk          ; clk         ; 20.000       ; -0.086     ; 16.392     ;
; 3.543 ; core_ctl:u_core_ctl|ifid_alusrc2[0]                                                                                                                                                    ; core_ctl:u_core_ctl|exe_nextpc[31]   ; clk          ; clk         ; 20.000       ; -0.083     ; 16.395     ;
; 3.543 ; core_ctl:u_core_ctl|ifid_alusrc1[10]                                                                                                                                                   ; core_ctl:u_core_ctl|exe_nextpc[10]   ; clk          ; clk         ; 20.000       ; -0.085     ; 16.393     ;
; 3.545 ; core_ctl:u_core_ctl|ifid_alusrc2[0]                                                                                                                                                    ; core_ctl:u_core_ctl|exe_nextpc[18]   ; clk          ; clk         ; 20.000       ; -0.083     ; 16.393     ;
; 3.545 ; core_ctl:u_core_ctl|ifid_alusrc2[0]                                                                                                                                                    ; core_ctl:u_core_ctl|exe_nextpc[24]   ; clk          ; clk         ; 20.000       ; -0.083     ; 16.393     ;
; 3.563 ; core_ctl:u_core_ctl|ifid_alusrc1[10]                                                                                                                                                   ; core_ctl:u_core_ctl|exe_nextpc[30]   ; clk          ; clk         ; 20.000       ; -0.083     ; 16.375     ;
; 3.564 ; core_ctl:u_core_ctl|ifid_alusrc1[8]                                                                                                                                                    ; core_ctl:u_core_ctl|exe_nextpc[11]   ; clk          ; clk         ; 20.000       ; -0.088     ; 16.369     ;
; 3.565 ; core_ctl:u_core_ctl|ifid_alusrc1[25]                                                                                                                                                   ; core_ctl:u_core_ctl|exe_nextpc[23]   ; clk          ; clk         ; 20.000       ; -0.101     ; 16.355     ;
; 3.566 ; core_ctl:u_core_ctl|ifid_alusrc1[8]                                                                                                                                                    ; core_ctl:u_core_ctl|exe_nextpc[20]   ; clk          ; clk         ; 20.000       ; -0.087     ; 16.368     ;
; 3.572 ; core_ctl:u_core_ctl|ifid_alusrc1[0]                                                                                                                                                    ; core_ctl:u_core_ctl|exe_nextpc[10]   ; clk          ; clk         ; 20.000       ; -0.085     ; 16.364     ;
; 3.578 ; core_ctl:u_core_ctl|ifid_alusrc2[0]                                                                                                                                                    ; core_ctl:u_core_ctl|exe_nextpc[28]   ; clk          ; clk         ; 20.000       ; -0.084     ; 16.359     ;
; 3.581 ; core_ctl:u_core_ctl|ifid_alusrc2[0]                                                                                                                                                    ; core_ctl:u_core_ctl|exe_nextpc[21]   ; clk          ; clk         ; 20.000       ; -0.084     ; 16.356     ;
; 3.581 ; core_ctl:u_core_ctl|ifid_alusrc1[10]                                                                                                                                                   ; core_ctl:u_core_ctl|exe_nextpc[6]    ; clk          ; clk         ; 20.000       ; -0.085     ; 16.355     ;
; 3.582 ; core_ctl:u_core_ctl|ifid_alusrc2[1]                                                                                                                                                    ; core_ctl:u_core_ctl|exe_nextpc[25]   ; clk          ; clk         ; 20.000       ; -0.085     ; 16.354     ;
; 3.582 ; core_ctl:u_core_ctl|ifid_alusrc1[10]                                                                                                                                                   ; core_ctl:u_core_ctl|exe_nextpc[17]   ; clk          ; clk         ; 20.000       ; -0.085     ; 16.354     ;
; 3.583 ; core_ctl:u_core_ctl|core_if:u_core_if|altsyncram:ins_mem_rtl_0|altsyncram_sr81:auto_generated|altsyncram:ram_block1a0|altsyncram_hr93:auto_generated|ram_block1a111~porta_address_reg0 ; core_ctl:u_core_ctl|ifid_alusrc2[29] ; clk          ; clk         ; 20.000       ; -0.487     ; 15.951     ;
; 3.585 ; core_ctl:u_core_ctl|ifid_alusrc1[10]                                                                                                                                                   ; core_ctl:u_core_ctl|exe_nextpc[19]   ; clk          ; clk         ; 20.000       ; -0.083     ; 16.353     ;
; 3.592 ; core_ctl:u_core_ctl|core_if:u_core_if|altsyncram:ins_mem_rtl_0|altsyncram_sr81:auto_generated|altsyncram:ram_block1a0|altsyncram_hr93:auto_generated|ram_block1a79~porta_address_reg0  ; core_ctl:u_core_ctl|ifid_alusrc2[21] ; clk          ; clk         ; 20.000       ; -0.477     ; 15.952     ;
; 3.592 ; core_ctl:u_core_ctl|ifid_alusrc1[0]                                                                                                                                                    ; core_ctl:u_core_ctl|exe_nextpc[30]   ; clk          ; clk         ; 20.000       ; -0.083     ; 16.346     ;
; 3.592 ; core_ctl:u_core_ctl|ifid_alusrc2[1]                                                                                                                                                    ; core_ctl:u_core_ctl|exe_nextpc[9]    ; clk          ; clk         ; 20.000       ; -0.085     ; 16.344     ;
; 3.595 ; core_ctl:u_core_ctl|ifid_alusrc1[8]                                                                                                                                                    ; core_ctl:u_core_ctl|exe_nextpc[10]   ; clk          ; clk         ; 20.000       ; -0.086     ; 16.340     ;
; 3.595 ; core_ctl:u_core_ctl|ifid_alusrc1[10]                                                                                                                                                   ; core_ctl:u_core_ctl|exe_nextpc[29]   ; clk          ; clk         ; 20.000       ; -0.085     ; 16.341     ;
; 3.610 ; core_ctl:u_core_ctl|ifid_alusrc1[0]                                                                                                                                                    ; core_ctl:u_core_ctl|exe_nextpc[6]    ; clk          ; clk         ; 20.000       ; -0.085     ; 16.326     ;
; 3.611 ; core_ctl:u_core_ctl|ifid_alusrc1[0]                                                                                                                                                    ; core_ctl:u_core_ctl|exe_nextpc[17]   ; clk          ; clk         ; 20.000       ; -0.085     ; 16.325     ;
; 3.614 ; core_ctl:u_core_ctl|ifid_alusrc1[0]                                                                                                                                                    ; core_ctl:u_core_ctl|exe_nextpc[19]   ; clk          ; clk         ; 20.000       ; -0.083     ; 16.324     ;
; 3.615 ; core_ctl:u_core_ctl|ifid_alusrc1[8]                                                                                                                                                    ; core_ctl:u_core_ctl|exe_nextpc[30]   ; clk          ; clk         ; 20.000       ; -0.084     ; 16.322     ;
; 3.621 ; core_ctl:u_core_ctl|ifid_alusrc1[25]                                                                                                                                                   ; core_ctl:u_core_ctl|exe_nextpc[22]   ; clk          ; clk         ; 20.000       ; -0.097     ; 16.303     ;
+-------+----------------------------------------------------------------------------------------------------------------------------------------------------------------------------------------+--------------------------------------+--------------+-------------+--------------+------------+------------+


+-----------------------------------------------------------------------------------------------------------------------------------------------------------------------------------------------------------------------------------------------------------------------------------------------------------------------------------------------------------------------+
; Slow 1200mV 85C Model Hold: 'clk'                                                                                                                                                                                                                                                                                                                                     ;
+-------+------------------------------------------------------------------------------------------------+----------------------------------------------------------------------------------------------------------------------------------------------------------------------------------------+--------------+-------------+--------------+------------+------------+
; Slack ; From Node                                                                                      ; To Node                                                                                                                                                                                ; Launch Clock ; Latch Clock ; Relationship ; Clock Skew ; Data Delay ;
+-------+------------------------------------------------------------------------------------------------+----------------------------------------------------------------------------------------------------------------------------------------------------------------------------------------+--------------+-------------+--------------+------------+------------+
; 0.451 ; core_ctl:u_core_ctl|wb_pc[11]                                                                  ; core_ctl:u_core_ctl|core_if:u_core_if|altsyncram:ins_mem_rtl_0|altsyncram_sr81:auto_generated|altsyncram:ram_block1a0|altsyncram_hr93:auto_generated|ram_block1a7~porta_address_reg0   ; clk          ; clk         ; 0.000        ; 0.474      ; 1.179      ;
; 0.452 ; core_ctl:u_core_ctl|if_pc[15]                                                                  ; core_ctl:u_core_ctl|if_pc[15]                                                                                                                                                          ; clk          ; clk         ; 0.000        ; 0.082      ; 0.746      ;
; 0.452 ; core_ctl:u_core_ctl|if_pc[0]                                                                   ; core_ctl:u_core_ctl|if_pc[0]                                                                                                                                                           ; clk          ; clk         ; 0.000        ; 0.082      ; 0.746      ;
; 0.452 ; core_ctl:u_core_ctl|if_pc[23]                                                                  ; core_ctl:u_core_ctl|if_pc[23]                                                                                                                                                          ; clk          ; clk         ; 0.000        ; 0.082      ; 0.746      ;
; 0.452 ; core_ctl:u_core_ctl|if_pc[19]                                                                  ; core_ctl:u_core_ctl|if_pc[19]                                                                                                                                                          ; clk          ; clk         ; 0.000        ; 0.082      ; 0.746      ;
; 0.452 ; core_ctl:u_core_ctl|if_pc[17]                                                                  ; core_ctl:u_core_ctl|if_pc[17]                                                                                                                                                          ; clk          ; clk         ; 0.000        ; 0.082      ; 0.746      ;
; 0.453 ; rst_debounced                                                                                  ; rst_debounced                                                                                                                                                                          ; clk          ; clk         ; 0.000        ; 0.081      ; 0.746      ;
; 0.453 ; core_ctl:u_core_ctl|core_perips:u_core_perips|axil_uart:u_axil_uart|tx_out                     ; core_ctl:u_core_ctl|core_perips:u_core_perips|axil_uart:u_axil_uart|tx_out                                                                                                             ; clk          ; clk         ; 0.000        ; 0.081      ; 0.746      ;
; 0.453 ; core_ctl:u_core_ctl|core_perips:u_core_perips|axil_uart:u_axil_uart|tx_shift_reg[7]            ; core_ctl:u_core_ctl|core_perips:u_core_perips|axil_uart:u_axil_uart|tx_shift_reg[7]                                                                                                    ; clk          ; clk         ; 0.000        ; 0.081      ; 0.746      ;
; 0.453 ; core_ctl:u_core_ctl|core_perips:u_core_perips|axil_uart:u_axil_uart|rx_valid                   ; core_ctl:u_core_ctl|core_perips:u_core_perips|axil_uart:u_axil_uart|rx_valid                                                                                                           ; clk          ; clk         ; 0.000        ; 0.081      ; 0.746      ;
; 0.453 ; core_ctl:u_core_ctl|core_perips:u_core_perips|axil_uart:u_axil_uart|tx_busy                    ; core_ctl:u_core_ctl|core_perips:u_core_perips|axil_uart:u_axil_uart|tx_busy                                                                                                            ; clk          ; clk         ; 0.000        ; 0.081      ; 0.746      ;
; 0.453 ; core_ctl:u_core_ctl|core_perips:u_core_perips|axil_uart:u_axil_uart|tx_sample_count[3]         ; core_ctl:u_core_ctl|core_perips:u_core_perips|axil_uart:u_axil_uart|tx_sample_count[3]                                                                                                 ; clk          ; clk         ; 0.000        ; 0.081      ; 0.746      ;
; 0.453 ; core_ctl:u_core_ctl|core_perips:u_core_perips|axil_uart:u_axil_uart|tx_sample_count[1]         ; core_ctl:u_core_ctl|core_perips:u_core_perips|axil_uart:u_axil_uart|tx_sample_count[1]                                                                                                 ; clk          ; clk         ; 0.000        ; 0.081      ; 0.746      ;
; 0.453 ; core_ctl:u_core_ctl|core_perips:u_core_perips|axil_uart:u_axil_uart|tx_sample_count[2]         ; core_ctl:u_core_ctl|core_perips:u_core_perips|axil_uart:u_axil_uart|tx_sample_count[2]                                                                                                 ; clk          ; clk         ; 0.000        ; 0.081      ; 0.746      ;
; 0.453 ; core_ctl:u_core_ctl|core_perips:u_core_perips|axil_uart:u_axil_uart|tx_state.TX_IDLE           ; core_ctl:u_core_ctl|core_perips:u_core_perips|axil_uart:u_axil_uart|tx_state.TX_IDLE                                                                                                   ; clk          ; clk         ; 0.000        ; 0.081      ; 0.746      ;
; 0.453 ; core_ctl:u_core_ctl|core_perips:u_core_perips|axil_uart:u_axil_uart|tx_state.TX_DATA           ; core_ctl:u_core_ctl|core_perips:u_core_perips|axil_uart:u_axil_uart|tx_state.TX_DATA                                                                                                   ; clk          ; clk         ; 0.000        ; 0.081      ; 0.746      ;
; 0.453 ; core_ctl:u_core_ctl|core_perips:u_core_perips|axil_uart:u_axil_uart|tx_state.TX_STOP           ; core_ctl:u_core_ctl|core_perips:u_core_perips|axil_uart:u_axil_uart|tx_state.TX_STOP                                                                                                   ; clk          ; clk         ; 0.000        ; 0.081      ; 0.746      ;
; 0.453 ; core_ctl:u_core_ctl|core_perips:u_core_perips|axil_uart:u_axil_uart|tx_state.TX_START          ; core_ctl:u_core_ctl|core_perips:u_core_perips|axil_uart:u_axil_uart|tx_state.TX_START                                                                                                  ; clk          ; clk         ; 0.000        ; 0.081      ; 0.746      ;
; 0.453 ; core_ctl:u_core_ctl|core_perips:u_core_perips|axil_uart:u_axil_uart|tx_bit_count[2]            ; core_ctl:u_core_ctl|core_perips:u_core_perips|axil_uart:u_axil_uart|tx_bit_count[2]                                                                                                    ; clk          ; clk         ; 0.000        ; 0.081      ; 0.746      ;
; 0.453 ; core_ctl:u_core_ctl|core_perips:u_core_perips|axil_uart:u_axil_uart|tx_bit_count[1]            ; core_ctl:u_core_ctl|core_perips:u_core_perips|axil_uart:u_axil_uart|tx_bit_count[1]                                                                                                    ; clk          ; clk         ; 0.000        ; 0.081      ; 0.746      ;
; 0.453 ; core_ctl:u_core_ctl|core_perips:u_core_perips|axil_uart:u_axil_uart|tx_bit_count[3]            ; core_ctl:u_core_ctl|core_perips:u_core_perips|axil_uart:u_axil_uart|tx_bit_count[3]                                                                                                    ; clk          ; clk         ; 0.000        ; 0.081      ; 0.746      ;
; 0.453 ; core_ctl:u_core_ctl|core_perips:u_core_perips|axil_uart:u_axil_uart|tx_empty                   ; core_ctl:u_core_ctl|core_perips:u_core_perips|axil_uart:u_axil_uart|tx_empty                                                                                                           ; clk          ; clk         ; 0.000        ; 0.081      ; 0.746      ;
; 0.453 ; core_ctl:u_core_ctl|core_perips:u_core_perips|axil_uart:u_axil_uart|rx_bit_count[1]            ; core_ctl:u_core_ctl|core_perips:u_core_perips|axil_uart:u_axil_uart|rx_bit_count[1]                                                                                                    ; clk          ; clk         ; 0.000        ; 0.081      ; 0.746      ;
; 0.453 ; core_ctl:u_core_ctl|core_perips:u_core_perips|axil_uart:u_axil_uart|rx_bit_count[2]            ; core_ctl:u_core_ctl|core_perips:u_core_perips|axil_uart:u_axil_uart|rx_bit_count[2]                                                                                                    ; clk          ; clk         ; 0.000        ; 0.081      ; 0.746      ;
; 0.453 ; core_ctl:u_core_ctl|core_perips:u_core_perips|axil_uart:u_axil_uart|rx_bit_count[3]            ; core_ctl:u_core_ctl|core_perips:u_core_perips|axil_uart:u_axil_uart|rx_bit_count[3]                                                                                                    ; clk          ; clk         ; 0.000        ; 0.081      ; 0.746      ;
; 0.453 ; core_ctl:u_core_ctl|core_perips:u_core_perips|axil_uart:u_axil_uart|rx_state.RX_START          ; core_ctl:u_core_ctl|core_perips:u_core_perips|axil_uart:u_axil_uart|rx_state.RX_START                                                                                                  ; clk          ; clk         ; 0.000        ; 0.081      ; 0.746      ;
; 0.453 ; core_ctl:u_core_ctl|core_perips:u_core_perips|axil_uart:u_axil_uart|rx_state.RX_STOP           ; core_ctl:u_core_ctl|core_perips:u_core_perips|axil_uart:u_axil_uart|rx_state.RX_STOP                                                                                                   ; clk          ; clk         ; 0.000        ; 0.081      ; 0.746      ;
; 0.453 ; core_ctl:u_core_ctl|core_perips:u_core_perips|axil_uart:u_axil_uart|rx_sample_count[1]         ; core_ctl:u_core_ctl|core_perips:u_core_perips|axil_uart:u_axil_uart|rx_sample_count[1]                                                                                                 ; clk          ; clk         ; 0.000        ; 0.081      ; 0.746      ;
; 0.453 ; core_ctl:u_core_ctl|core_perips:u_core_perips|axil_uart:u_axil_uart|rx_sample_count[3]         ; core_ctl:u_core_ctl|core_perips:u_core_perips|axil_uart:u_axil_uart|rx_sample_count[3]                                                                                                 ; clk          ; clk         ; 0.000        ; 0.081      ; 0.746      ;
; 0.453 ; core_ctl:u_core_ctl|core_perips:u_core_perips|axil_uart:u_axil_uart|rx_sample_count[2]         ; core_ctl:u_core_ctl|core_perips:u_core_perips|axil_uart:u_axil_uart|rx_sample_count[2]                                                                                                 ; clk          ; clk         ; 0.000        ; 0.081      ; 0.746      ;
; 0.453 ; core_ctl:u_core_ctl|core_perips:u_core_perips|axil_uart:u_axil_uart|rx_error                   ; core_ctl:u_core_ctl|core_perips:u_core_perips|axil_uart:u_axil_uart|rx_error                                                                                                           ; clk          ; clk         ; 0.000        ; 0.081      ; 0.746      ;
; 0.453 ; core_ctl:u_core_ctl|core_perips:u_core_perips|axil_uart:u_axil_uart|write_addr_pending         ; core_ctl:u_core_ctl|core_perips:u_core_perips|axil_uart:u_axil_uart|write_addr_pending                                                                                                 ; clk          ; clk         ; 0.000        ; 0.081      ; 0.746      ;
; 0.453 ; core_ctl:u_core_ctl|core_perips:u_core_perips|axil_uart:u_axil_uart|s_axil_bvalid_reg          ; core_ctl:u_core_ctl|core_perips:u_core_perips|axil_uart:u_axil_uart|s_axil_bvalid_reg                                                                                                  ; clk          ; clk         ; 0.000        ; 0.081      ; 0.746      ;
; 0.453 ; core_ctl:u_core_ctl|core_perips:u_core_perips|axil_master:u_axil_master|m_axil_bready          ; core_ctl:u_core_ctl|core_perips:u_core_perips|axil_master:u_axil_master|m_axil_bready                                                                                                  ; clk          ; clk         ; 0.000        ; 0.081      ; 0.746      ;
; 0.453 ; core_ctl:u_core_ctl|core_perips:u_core_perips|axil_master:u_axil_master|state.STATE_IDLE       ; core_ctl:u_core_ctl|core_perips:u_core_perips|axil_master:u_axil_master|state.STATE_IDLE                                                                                               ; clk          ; clk         ; 0.000        ; 0.081      ; 0.746      ;
; 0.453 ; core_ctl:u_core_ctl|core_perips:u_core_perips|axil_master:u_axil_master|state.STATE_WRITE_RESP ; core_ctl:u_core_ctl|core_perips:u_core_perips|axil_master:u_axil_master|state.STATE_WRITE_RESP                                                                                         ; clk          ; clk         ; 0.000        ; 0.081      ; 0.746      ;
; 0.453 ; core_ctl:u_core_ctl|core_perips:u_core_perips|axil_master:u_axil_master|state.STATE_READ_DATA  ; core_ctl:u_core_ctl|core_perips:u_core_perips|axil_master:u_axil_master|state.STATE_READ_DATA                                                                                          ; clk          ; clk         ; 0.000        ; 0.081      ; 0.746      ;
; 0.453 ; core_ctl:u_core_ctl|core_perips:u_core_perips|axil_gpio:u_axil_gpio|s_axil_bvalid_reg          ; core_ctl:u_core_ctl|core_perips:u_core_perips|axil_gpio:u_axil_gpio|s_axil_bvalid_reg                                                                                                  ; clk          ; clk         ; 0.000        ; 0.081      ; 0.746      ;
; 0.453 ; core_ctl:u_core_ctl|core_perips:u_core_perips|axil_gpio:u_axil_gpio|axi_awready_flag           ; core_ctl:u_core_ctl|core_perips:u_core_perips|axil_gpio:u_axil_gpio|axi_awready_flag                                                                                                   ; clk          ; clk         ; 0.000        ; 0.081      ; 0.746      ;
; 0.453 ; core_ctl:u_core_ctl|core_perips:u_core_perips|axil_master:u_axil_master|m_axil_awvalid         ; core_ctl:u_core_ctl|core_perips:u_core_perips|axil_master:u_axil_master|m_axil_awvalid                                                                                                 ; clk          ; clk         ; 0.000        ; 0.081      ; 0.746      ;
; 0.453 ; core_ctl:u_core_ctl|core_perips:u_core_perips|axil_master:u_axil_master|m_axil_rready          ; core_ctl:u_core_ctl|core_perips:u_core_perips|axil_master:u_axil_master|m_axil_rready                                                                                                  ; clk          ; clk         ; 0.000        ; 0.081      ; 0.746      ;
; 0.453 ; core_ctl:u_core_ctl|core_perips:u_core_perips|axil_master:u_axil_master|m_axil_arvalid         ; core_ctl:u_core_ctl|core_perips:u_core_perips|axil_master:u_axil_master|m_axil_arvalid                                                                                                 ; clk          ; clk         ; 0.000        ; 0.081      ; 0.746      ;
; 0.453 ; core_ctl:u_core_ctl|core_perips:u_core_perips|axil_master:u_axil_master|m_axil_wstrb[1]        ; core_ctl:u_core_ctl|core_perips:u_core_perips|axil_master:u_axil_master|m_axil_wstrb[1]                                                                                                ; clk          ; clk         ; 0.000        ; 0.081      ; 0.746      ;
; 0.453 ; core_ctl:u_core_ctl|perips_pending                                                             ; core_ctl:u_core_ctl|perips_pending                                                                                                                                                     ; clk          ; clk         ; 0.000        ; 0.081      ; 0.746      ;
; 0.453 ; core_ctl:u_core_ctl|ifid_token                                                                 ; core_ctl:u_core_ctl|ifid_token                                                                                                                                                         ; clk          ; clk         ; 0.000        ; 0.081      ; 0.746      ;
; 0.453 ; core_ctl:u_core_ctl|wb_token                                                                   ; core_ctl:u_core_ctl|wb_token                                                                                                                                                           ; clk          ; clk         ; 0.000        ; 0.081      ; 0.746      ;
; 0.453 ; core_ctl:u_core_ctl|wb_pending                                                                 ; core_ctl:u_core_ctl|wb_pending                                                                                                                                                         ; clk          ; clk         ; 0.000        ; 0.081      ; 0.746      ;
; 0.453 ; core_ctl:u_core_ctl|if_token                                                                   ; core_ctl:u_core_ctl|if_token                                                                                                                                                           ; clk          ; clk         ; 0.000        ; 0.081      ; 0.746      ;
; 0.453 ; core_ctl:u_core_ctl|if_pc[31]                                                                  ; core_ctl:u_core_ctl|if_pc[31]                                                                                                                                                          ; clk          ; clk         ; 0.000        ; 0.081      ; 0.746      ;
; 0.453 ; core_ctl:u_core_ctl|if_pc[30]                                                                  ; core_ctl:u_core_ctl|if_pc[30]                                                                                                                                                          ; clk          ; clk         ; 0.000        ; 0.081      ; 0.746      ;
; 0.453 ; core_ctl:u_core_ctl|if_pc[27]                                                                  ; core_ctl:u_core_ctl|if_pc[27]                                                                                                                                                          ; clk          ; clk         ; 0.000        ; 0.081      ; 0.746      ;
; 0.453 ; core_ctl:u_core_ctl|if_pc[29]                                                                  ; core_ctl:u_core_ctl|if_pc[29]                                                                                                                                                          ; clk          ; clk         ; 0.000        ; 0.081      ; 0.746      ;
; 0.453 ; core_ctl:u_core_ctl|if_pc[28]                                                                  ; core_ctl:u_core_ctl|if_pc[28]                                                                                                                                                          ; clk          ; clk         ; 0.000        ; 0.081      ; 0.746      ;
; 0.453 ; core_ctl:u_core_ctl|if_pc[26]                                                                  ; core_ctl:u_core_ctl|if_pc[26]                                                                                                                                                          ; clk          ; clk         ; 0.000        ; 0.081      ; 0.746      ;
; 0.453 ; core_ctl:u_core_ctl|if_pc[25]                                                                  ; core_ctl:u_core_ctl|if_pc[25]                                                                                                                                                          ; clk          ; clk         ; 0.000        ; 0.081      ; 0.746      ;
; 0.453 ; core_ctl:u_core_ctl|if_pc[24]                                                                  ; core_ctl:u_core_ctl|if_pc[24]                                                                                                                                                          ; clk          ; clk         ; 0.000        ; 0.081      ; 0.746      ;
; 0.453 ; core_ctl:u_core_ctl|if_pc[22]                                                                  ; core_ctl:u_core_ctl|if_pc[22]                                                                                                                                                          ; clk          ; clk         ; 0.000        ; 0.081      ; 0.746      ;
; 0.453 ; core_ctl:u_core_ctl|if_pc[21]                                                                  ; core_ctl:u_core_ctl|if_pc[21]                                                                                                                                                          ; clk          ; clk         ; 0.000        ; 0.081      ; 0.746      ;
; 0.453 ; core_ctl:u_core_ctl|if_pc[20]                                                                  ; core_ctl:u_core_ctl|if_pc[20]                                                                                                                                                          ; clk          ; clk         ; 0.000        ; 0.081      ; 0.746      ;
; 0.453 ; core_ctl:u_core_ctl|if_pc[18]                                                                  ; core_ctl:u_core_ctl|if_pc[18]                                                                                                                                                          ; clk          ; clk         ; 0.000        ; 0.081      ; 0.746      ;
; 0.453 ; core_ctl:u_core_ctl|if_pc[1]                                                                   ; core_ctl:u_core_ctl|if_pc[1]                                                                                                                                                           ; clk          ; clk         ; 0.000        ; 0.081      ; 0.746      ;
; 0.453 ; core_ctl:u_core_ctl|if_pc[16]                                                                  ; core_ctl:u_core_ctl|if_pc[16]                                                                                                                                                          ; clk          ; clk         ; 0.000        ; 0.081      ; 0.746      ;
; 0.453 ; core_ctl:u_core_ctl|if_pc[10]                                                                  ; core_ctl:u_core_ctl|if_pc[10]                                                                                                                                                          ; clk          ; clk         ; 0.000        ; 0.081      ; 0.746      ;
; 0.453 ; core_ctl:u_core_ctl|if_pc[9]                                                                   ; core_ctl:u_core_ctl|if_pc[9]                                                                                                                                                           ; clk          ; clk         ; 0.000        ; 0.081      ; 0.746      ;
; 0.453 ; core_ctl:u_core_ctl|if_pc[8]                                                                   ; core_ctl:u_core_ctl|if_pc[8]                                                                                                                                                           ; clk          ; clk         ; 0.000        ; 0.081      ; 0.746      ;
; 0.453 ; core_ctl:u_core_ctl|if_pc[7]                                                                   ; core_ctl:u_core_ctl|if_pc[7]                                                                                                                                                           ; clk          ; clk         ; 0.000        ; 0.081      ; 0.746      ;
; 0.453 ; core_ctl:u_core_ctl|if_pc[6]                                                                   ; core_ctl:u_core_ctl|if_pc[6]                                                                                                                                                           ; clk          ; clk         ; 0.000        ; 0.081      ; 0.746      ;
; 0.453 ; core_ctl:u_core_ctl|if_pc[5]                                                                   ; core_ctl:u_core_ctl|if_pc[5]                                                                                                                                                           ; clk          ; clk         ; 0.000        ; 0.081      ; 0.746      ;
; 0.453 ; core_ctl:u_core_ctl|if_pc[4]                                                                   ; core_ctl:u_core_ctl|if_pc[4]                                                                                                                                                           ; clk          ; clk         ; 0.000        ; 0.081      ; 0.746      ;
; 0.453 ; core_ctl:u_core_ctl|if_pc[3]                                                                   ; core_ctl:u_core_ctl|if_pc[3]                                                                                                                                                           ; clk          ; clk         ; 0.000        ; 0.081      ; 0.746      ;
; 0.453 ; core_ctl:u_core_ctl|if_pc[11]                                                                  ; core_ctl:u_core_ctl|if_pc[11]                                                                                                                                                          ; clk          ; clk         ; 0.000        ; 0.081      ; 0.746      ;
; 0.453 ; core_ctl:u_core_ctl|if_pc[14]                                                                  ; core_ctl:u_core_ctl|if_pc[14]                                                                                                                                                          ; clk          ; clk         ; 0.000        ; 0.081      ; 0.746      ;
; 0.453 ; core_ctl:u_core_ctl|if_pc[13]                                                                  ; core_ctl:u_core_ctl|if_pc[13]                                                                                                                                                          ; clk          ; clk         ; 0.000        ; 0.081      ; 0.746      ;
; 0.453 ; core_ctl:u_core_ctl|if_pc[12]                                                                  ; core_ctl:u_core_ctl|if_pc[12]                                                                                                                                                          ; clk          ; clk         ; 0.000        ; 0.081      ; 0.746      ;
; 0.453 ; core_ctl:u_core_ctl|if_pc[2]                                                                   ; core_ctl:u_core_ctl|if_pc[2]                                                                                                                                                           ; clk          ; clk         ; 0.000        ; 0.081      ; 0.746      ;
; 0.453 ; core_ctl:u_core_ctl|regfile_csr:u_regfile_csr|csr[0][7]                                        ; core_ctl:u_core_ctl|regfile_csr:u_regfile_csr|csr[0][7]                                                                                                                                ; clk          ; clk         ; 0.000        ; 0.081      ; 0.746      ;
; 0.453 ; core_ctl:u_core_ctl|regfile_csr:u_regfile_csr|csr[0][3]                                        ; core_ctl:u_core_ctl|regfile_csr:u_regfile_csr|csr[0][3]                                                                                                                                ; clk          ; clk         ; 0.000        ; 0.081      ; 0.746      ;
; 0.453 ; core_ctl:u_core_ctl|core_perips:u_core_perips|axil_gpio:u_axil_gpio|s_axil_rvalid_reg          ; core_ctl:u_core_ctl|core_perips:u_core_perips|axil_gpio:u_axil_gpio|s_axil_rvalid_reg                                                                                                  ; clk          ; clk         ; 0.000        ; 0.081      ; 0.746      ;
; 0.454 ; core_ctl:u_core_ctl|perips_token                                                               ; core_ctl:u_core_ctl|perips_token                                                                                                                                                       ; clk          ; clk         ; 0.000        ; 0.080      ; 0.746      ;
; 0.454 ; core_ctl:u_core_ctl|exe_token                                                                  ; core_ctl:u_core_ctl|exe_token                                                                                                                                                          ; clk          ; clk         ; 0.000        ; 0.080      ; 0.746      ;
; 0.465 ; core_ctl:u_core_ctl|core_perips:u_core_perips|axil_uart:u_axil_uart|tx_sample_count[0]         ; core_ctl:u_core_ctl|core_perips:u_core_perips|axil_uart:u_axil_uart|tx_sample_count[0]                                                                                                 ; clk          ; clk         ; 0.000        ; 0.081      ; 0.758      ;
; 0.465 ; core_ctl:u_core_ctl|core_perips:u_core_perips|axil_uart:u_axil_uart|tx_bit_count[0]            ; core_ctl:u_core_ctl|core_perips:u_core_perips|axil_uart:u_axil_uart|tx_bit_count[0]                                                                                                    ; clk          ; clk         ; 0.000        ; 0.081      ; 0.758      ;
; 0.465 ; core_ctl:u_core_ctl|core_perips:u_core_perips|axil_uart:u_axil_uart|rx_bit_count[0]            ; core_ctl:u_core_ctl|core_perips:u_core_perips|axil_uart:u_axil_uart|rx_bit_count[0]                                                                                                    ; clk          ; clk         ; 0.000        ; 0.081      ; 0.758      ;
; 0.465 ; core_ctl:u_core_ctl|core_perips:u_core_perips|axil_uart:u_axil_uart|rx_sample_count[0]         ; core_ctl:u_core_ctl|core_perips:u_core_perips|axil_uart:u_axil_uart|rx_sample_count[0]                                                                                                 ; clk          ; clk         ; 0.000        ; 0.081      ; 0.758      ;
; 0.473 ; core_ctl:u_core_ctl|wb_pc[2]                                                                   ; core_ctl:u_core_ctl|core_if:u_core_if|altsyncram:ins_mem_rtl_0|altsyncram_sr81:auto_generated|altsyncram:ram_block1a0|altsyncram_hr93:auto_generated|ram_block1a103~porta_address_reg0 ; clk          ; clk         ; 0.000        ; 0.474      ; 1.201      ;
; 0.483 ; core_ctl:u_core_ctl|wb_pc[8]                                                                   ; core_ctl:u_core_ctl|core_if:u_core_if|altsyncram:ins_mem_rtl_0|altsyncram_sr81:auto_generated|altsyncram:ram_block1a0|altsyncram_hr93:auto_generated|ram_block1a7~porta_address_reg0   ; clk          ; clk         ; 0.000        ; 0.480      ; 1.217      ;
; 0.491 ; core_ctl:u_core_ctl|core_perips:u_core_perips|axil_uart:u_axil_uart|rx_sample_count[1]         ; core_ctl:u_core_ctl|core_perips:u_core_perips|axil_uart:u_axil_uart|rx_sample_count[2]                                                                                                 ; clk          ; clk         ; 0.000        ; 0.081      ; 0.784      ;
; 0.492 ; core_ctl:u_core_ctl|core_perips:u_core_perips|axil_uart:u_axil_uart|rx_bit_count[1]            ; core_ctl:u_core_ctl|core_perips:u_core_perips|axil_uart:u_axil_uart|rx_bit_count[2]                                                                                                    ; clk          ; clk         ; 0.000        ; 0.081      ; 0.785      ;
; 0.498 ; core_ctl:u_core_ctl|core_perips:u_core_perips|axil_uart:u_axil_uart|tx_bit_count[0]            ; core_ctl:u_core_ctl|core_perips:u_core_perips|axil_uart:u_axil_uart|tx_bit_count[1]                                                                                                    ; clk          ; clk         ; 0.000        ; 0.081      ; 0.791      ;
; 0.499 ; core_ctl:u_core_ctl|exe_csr[17]                                                                ; core_ctl:u_core_ctl|perips_csr[17]                                                                                                                                                     ; clk          ; clk         ; 0.000        ; 0.082      ; 0.793      ;
; 0.499 ; core_ctl:u_core_ctl|exe_csr[2]                                                                 ; core_ctl:u_core_ctl|perips_csr[2]                                                                                                                                                      ; clk          ; clk         ; 0.000        ; 0.082      ; 0.793      ;
; 0.500 ; core_ctl:u_core_ctl|core_perips:u_core_perips|axil_uart:u_axil_uart|write_data_reg[6]          ; core_ctl:u_core_ctl|core_perips:u_core_perips|axil_uart:u_axil_uart|tx_data[6]                                                                                                         ; clk          ; clk         ; 0.000        ; 0.081      ; 0.793      ;
; 0.500 ; core_ctl:u_core_ctl|exe_csr[25]                                                                ; core_ctl:u_core_ctl|perips_csr[25]                                                                                                                                                     ; clk          ; clk         ; 0.000        ; 0.082      ; 0.794      ;
; 0.500 ; core_ctl:u_core_ctl|exe_csr[6]                                                                 ; core_ctl:u_core_ctl|perips_csr[6]                                                                                                                                                      ; clk          ; clk         ; 0.000        ; 0.082      ; 0.794      ;
; 0.500 ; core_ctl:u_core_ctl|core_perips:u_core_perips|axil_uart:u_axil_uart|tx_sample_count[0]         ; core_ctl:u_core_ctl|core_perips:u_core_perips|axil_uart:u_axil_uart|tx_sample_count[2]                                                                                                 ; clk          ; clk         ; 0.000        ; 0.081      ; 0.793      ;
; 0.500 ; core_ctl:u_core_ctl|core_perips:u_core_perips|axil_uart:u_axil_uart|rx_bit_count[0]            ; core_ctl:u_core_ctl|core_perips:u_core_perips|axil_uart:u_axil_uart|rx_bit_count[1]                                                                                                    ; clk          ; clk         ; 0.000        ; 0.081      ; 0.793      ;
; 0.500 ; core_ctl:u_core_ctl|wb_pc[15]                                                                  ; core_ctl:u_core_ctl|if_pc[15]                                                                                                                                                          ; clk          ; clk         ; 0.000        ; 0.082      ; 0.794      ;
; 0.501 ; core_ctl:u_core_ctl|exe_csr[27]                                                                ; core_ctl:u_core_ctl|perips_csr[27]                                                                                                                                                     ; clk          ; clk         ; 0.000        ; 0.082      ; 0.795      ;
; 0.501 ; core_ctl:u_core_ctl|exe_csr[24]                                                                ; core_ctl:u_core_ctl|perips_csr[24]                                                                                                                                                     ; clk          ; clk         ; 0.000        ; 0.082      ; 0.795      ;
; 0.501 ; core_ctl:u_core_ctl|exe_csr[19]                                                                ; core_ctl:u_core_ctl|perips_csr[19]                                                                                                                                                     ; clk          ; clk         ; 0.000        ; 0.082      ; 0.795      ;
+-------+------------------------------------------------------------------------------------------------+----------------------------------------------------------------------------------------------------------------------------------------------------------------------------------------+--------------+-------------+--------------+------------+------------+


+---------------------------------------------------------------------------------------------------------------------------------------------------------+
; Slow 1200mV 85C Model Recovery: 'clk'                                                                                                                   ;
+--------+---------------+----------------------------------------------------------+--------------+-------------+--------------+------------+------------+
; Slack  ; From Node     ; To Node                                                  ; Launch Clock ; Latch Clock ; Relationship ; Clock Skew ; Data Delay ;
+--------+---------------+----------------------------------------------------------+--------------+-------------+--------------+------------+------------+
; 16.243 ; rst_debounced ; core_ctl:u_core_ctl|ifid_ctl_alufunc[3]                  ; clk          ; clk         ; 20.000       ; -0.075     ; 3.703      ;
; 16.243 ; rst_debounced ; core_ctl:u_core_ctl|ifid_ctl_alufunc[0]                  ; clk          ; clk         ; 20.000       ; -0.074     ; 3.704      ;
; 16.243 ; rst_debounced ; core_ctl:u_core_ctl|ifid_alusrc1[2]                      ; clk          ; clk         ; 20.000       ; -0.073     ; 3.705      ;
; 16.243 ; rst_debounced ; core_ctl:u_core_ctl|ifid_alusrc1[1]                      ; clk          ; clk         ; 20.000       ; -0.073     ; 3.705      ;
; 16.243 ; rst_debounced ; core_ctl:u_core_ctl|ifid_alusrc1[23]                     ; clk          ; clk         ; 20.000       ; -0.074     ; 3.704      ;
; 16.243 ; rst_debounced ; core_ctl:u_core_ctl|ifid_alusrc1[13]                     ; clk          ; clk         ; 20.000       ; -0.074     ; 3.704      ;
; 16.243 ; rst_debounced ; core_ctl:u_core_ctl|ifid_alusrc1[19]                     ; clk          ; clk         ; 20.000       ; -0.073     ; 3.705      ;
; 16.243 ; rst_debounced ; core_ctl:u_core_ctl|ifid_alusrc1[20]                     ; clk          ; clk         ; 20.000       ; -0.074     ; 3.704      ;
; 16.243 ; rst_debounced ; core_ctl:u_core_ctl|ifid_alusrc1[12]                     ; clk          ; clk         ; 20.000       ; -0.074     ; 3.704      ;
; 16.243 ; rst_debounced ; core_ctl:u_core_ctl|ifid_alusrc1[16]                     ; clk          ; clk         ; 20.000       ; -0.073     ; 3.705      ;
; 16.243 ; rst_debounced ; core_ctl:u_core_ctl|ifid_alusrc1[17]                     ; clk          ; clk         ; 20.000       ; -0.073     ; 3.705      ;
; 16.243 ; rst_debounced ; core_ctl:u_core_ctl|ifid_alusrc1[15]                     ; clk          ; clk         ; 20.000       ; -0.074     ; 3.704      ;
; 16.243 ; rst_debounced ; core_ctl:u_core_ctl|ifid_alusrc1[21]                     ; clk          ; clk         ; 20.000       ; -0.074     ; 3.704      ;
; 16.243 ; rst_debounced ; core_ctl:u_core_ctl|ifid_alusrc1[22]                     ; clk          ; clk         ; 20.000       ; -0.074     ; 3.704      ;
; 16.243 ; rst_debounced ; core_ctl:u_core_ctl|ifid_alusrc1[18]                     ; clk          ; clk         ; 20.000       ; -0.073     ; 3.705      ;
; 16.243 ; rst_debounced ; core_ctl:u_core_ctl|ifid_alusrc1[11]                     ; clk          ; clk         ; 20.000       ; -0.073     ; 3.705      ;
; 16.243 ; rst_debounced ; core_ctl:u_core_ctl|ifid_alusrc1[14]                     ; clk          ; clk         ; 20.000       ; -0.074     ; 3.704      ;
; 16.243 ; rst_debounced ; core_ctl:u_core_ctl|ifid_alusrc2[1]                      ; clk          ; clk         ; 20.000       ; -0.074     ; 3.704      ;
; 16.243 ; rst_debounced ; core_ctl:u_core_ctl|ifid_alusrc2[4]                      ; clk          ; clk         ; 20.000       ; -0.075     ; 3.703      ;
; 16.243 ; rst_debounced ; core_ctl:u_core_ctl|ifid_alusrc2[29]                     ; clk          ; clk         ; 20.000       ; -0.079     ; 3.699      ;
; 16.243 ; rst_debounced ; core_ctl:u_core_ctl|ifid_alusrc2[15]                     ; clk          ; clk         ; 20.000       ; -0.074     ; 3.704      ;
; 16.243 ; rst_debounced ; core_ctl:u_core_ctl|ifid_alusrc2[26]                     ; clk          ; clk         ; 20.000       ; -0.079     ; 3.699      ;
; 16.243 ; rst_debounced ; core_ctl:u_core_ctl|ifid_alusrc2[30]                     ; clk          ; clk         ; 20.000       ; -0.079     ; 3.699      ;
; 16.243 ; rst_debounced ; core_ctl:u_core_ctl|ifid_alusrc2[27]                     ; clk          ; clk         ; 20.000       ; -0.079     ; 3.699      ;
; 16.243 ; rst_debounced ; core_ctl:u_core_ctl|ifid_alusrc2[28]                     ; clk          ; clk         ; 20.000       ; -0.079     ; 3.699      ;
; 16.243 ; rst_debounced ; core_ctl:u_core_ctl|ifid_alusrc2[31]                     ; clk          ; clk         ; 20.000       ; -0.079     ; 3.699      ;
; 16.243 ; rst_debounced ; core_ctl:u_core_ctl|ifid_alusrc2[12]                     ; clk          ; clk         ; 20.000       ; -0.074     ; 3.704      ;
; 16.243 ; rst_debounced ; core_ctl:u_core_ctl|ifid_alusrc2[5]                      ; clk          ; clk         ; 20.000       ; -0.075     ; 3.703      ;
; 16.243 ; rst_debounced ; core_ctl:u_core_ctl|ifid_alusrc2[6]                      ; clk          ; clk         ; 20.000       ; -0.079     ; 3.699      ;
; 16.243 ; rst_debounced ; core_ctl:u_core_ctl|ifid_alusrc2[9]                      ; clk          ; clk         ; 20.000       ; -0.079     ; 3.699      ;
; 16.243 ; rst_debounced ; core_ctl:u_core_ctl|ifid_ctl_peripsen                    ; clk          ; clk         ; 20.000       ; -0.079     ; 3.699      ;
; 16.243 ; rst_debounced ; core_ctl:u_core_ctl|exe_nextpc[12]                       ; clk          ; clk         ; 20.000       ; -0.077     ; 3.701      ;
; 16.243 ; rst_debounced ; core_ctl:u_core_ctl|exe_nextpc[29]                       ; clk          ; clk         ; 20.000       ; -0.077     ; 3.701      ;
; 16.243 ; rst_debounced ; core_ctl:u_core_ctl|exe_nextpc[23]                       ; clk          ; clk         ; 20.000       ; -0.079     ; 3.699      ;
; 16.243 ; rst_debounced ; core_ctl:u_core_ctl|exe_csraddr[0]                       ; clk          ; clk         ; 20.000       ; -0.076     ; 3.702      ;
; 16.243 ; rst_debounced ; core_ctl:u_core_ctl|ifid_csr[28]                         ; clk          ; clk         ; 20.000       ; -0.079     ; 3.699      ;
; 16.243 ; rst_debounced ; core_ctl:u_core_ctl|ifid_csr[26]                         ; clk          ; clk         ; 20.000       ; -0.079     ; 3.699      ;
; 16.243 ; rst_debounced ; core_ctl:u_core_ctl|ifid_csr[27]                         ; clk          ; clk         ; 20.000       ; -0.079     ; 3.699      ;
; 16.243 ; rst_debounced ; core_ctl:u_core_ctl|ifid_csr[6]                          ; clk          ; clk         ; 20.000       ; -0.079     ; 3.699      ;
; 16.243 ; rst_debounced ; core_ctl:u_core_ctl|ifid_csr[31]                         ; clk          ; clk         ; 20.000       ; -0.079     ; 3.699      ;
; 16.243 ; rst_debounced ; core_ctl:u_core_ctl|ifid_regdata2[31]                    ; clk          ; clk         ; 20.000       ; -0.079     ; 3.699      ;
; 16.243 ; rst_debounced ; core_ctl:u_core_ctl|ifid_regdata2[28]                    ; clk          ; clk         ; 20.000       ; -0.079     ; 3.699      ;
; 16.243 ; rst_debounced ; core_ctl:u_core_ctl|ifid_regdata2[26]                    ; clk          ; clk         ; 20.000       ; -0.079     ; 3.699      ;
; 16.243 ; rst_debounced ; core_ctl:u_core_ctl|ifid_regdata2[27]                    ; clk          ; clk         ; 20.000       ; -0.079     ; 3.699      ;
; 16.243 ; rst_debounced ; core_ctl:u_core_ctl|ifid_regdata2[30]                    ; clk          ; clk         ; 20.000       ; -0.079     ; 3.699      ;
; 16.243 ; rst_debounced ; core_ctl:u_core_ctl|ifid_regdata2[6]                     ; clk          ; clk         ; 20.000       ; -0.079     ; 3.699      ;
; 16.243 ; rst_debounced ; core_ctl:u_core_ctl|regfile:u_regfile|regfile[15][22]    ; clk          ; clk         ; 20.000       ; -0.079     ; 3.699      ;
; 16.243 ; rst_debounced ; core_ctl:u_core_ctl|exe_nextpc[7]                        ; clk          ; clk         ; 20.000       ; -0.079     ; 3.699      ;
; 16.243 ; rst_debounced ; core_ctl:u_core_ctl|exe_nextpc[4]                        ; clk          ; clk         ; 20.000       ; -0.075     ; 3.703      ;
; 16.243 ; rst_debounced ; core_ctl:u_core_ctl|regfile_csr:u_regfile_csr|csr[5][15] ; clk          ; clk         ; 20.000       ; -0.079     ; 3.699      ;
; 16.243 ; rst_debounced ; core_ctl:u_core_ctl|regfile_csr:u_regfile_csr|csr[5][28] ; clk          ; clk         ; 20.000       ; -0.079     ; 3.699      ;
; 16.243 ; rst_debounced ; core_ctl:u_core_ctl|regfile_csr:u_regfile_csr|csr[5][5]  ; clk          ; clk         ; 20.000       ; -0.079     ; 3.699      ;
; 16.243 ; rst_debounced ; core_ctl:u_core_ctl|regfile_csr:u_regfile_csr|csr[5][23] ; clk          ; clk         ; 20.000       ; -0.079     ; 3.699      ;
; 16.243 ; rst_debounced ; core_ctl:u_core_ctl|regfile_csr:u_regfile_csr|csr[5][7]  ; clk          ; clk         ; 20.000       ; -0.079     ; 3.699      ;
; 16.243 ; rst_debounced ; core_ctl:u_core_ctl|regfile_csr:u_regfile_csr|csr[5][19] ; clk          ; clk         ; 20.000       ; -0.079     ; 3.699      ;
; 16.243 ; rst_debounced ; core_ctl:u_core_ctl|regfile_csr:u_regfile_csr|csr[5][25] ; clk          ; clk         ; 20.000       ; -0.079     ; 3.699      ;
; 16.243 ; rst_debounced ; core_ctl:u_core_ctl|regfile_csr:u_regfile_csr|csr[5][17] ; clk          ; clk         ; 20.000       ; -0.079     ; 3.699      ;
; 16.243 ; rst_debounced ; core_ctl:u_core_ctl|regfile_csr:u_regfile_csr|csr[5][22] ; clk          ; clk         ; 20.000       ; -0.079     ; 3.699      ;
; 16.243 ; rst_debounced ; core_ctl:u_core_ctl|regfile_csr:u_regfile_csr|csr[5][26] ; clk          ; clk         ; 20.000       ; -0.079     ; 3.699      ;
; 16.243 ; rst_debounced ; core_ctl:u_core_ctl|regfile_csr:u_regfile_csr|csr[5][13] ; clk          ; clk         ; 20.000       ; -0.079     ; 3.699      ;
; 16.243 ; rst_debounced ; core_ctl:u_core_ctl|regfile_csr:u_regfile_csr|csr[5][14] ; clk          ; clk         ; 20.000       ; -0.079     ; 3.699      ;
; 16.243 ; rst_debounced ; core_ctl:u_core_ctl|regfile_csr:u_regfile_csr|csr[5][31] ; clk          ; clk         ; 20.000       ; -0.079     ; 3.699      ;
; 16.243 ; rst_debounced ; core_ctl:u_core_ctl|regfile_csr:u_regfile_csr|csr[5][8]  ; clk          ; clk         ; 20.000       ; -0.079     ; 3.699      ;
; 16.243 ; rst_debounced ; core_ctl:u_core_ctl|regfile_csr:u_regfile_csr|csr[5][4]  ; clk          ; clk         ; 20.000       ; -0.079     ; 3.699      ;
; 16.243 ; rst_debounced ; core_ctl:u_core_ctl|exe_nextpc[2]                        ; clk          ; clk         ; 20.000       ; -0.077     ; 3.701      ;
; 16.243 ; rst_debounced ; core_ctl:u_core_ctl|exe_nextpc[3]                        ; clk          ; clk         ; 20.000       ; -0.077     ; 3.701      ;
; 16.243 ; rst_debounced ; core_ctl:u_core_ctl|exe_nextpc[1]                        ; clk          ; clk         ; 20.000       ; -0.077     ; 3.701      ;
; 16.243 ; rst_debounced ; core_ctl:u_core_ctl|exe_alures[1]                        ; clk          ; clk         ; 20.000       ; -0.074     ; 3.704      ;
; 16.243 ; rst_debounced ; core_ctl:u_core_ctl|exe_alures[23]                       ; clk          ; clk         ; 20.000       ; -0.079     ; 3.699      ;
; 16.243 ; rst_debounced ; core_ctl:u_core_ctl|exe_alures[7]                        ; clk          ; clk         ; 20.000       ; -0.079     ; 3.699      ;
; 16.243 ; rst_debounced ; core_ctl:u_core_ctl|exe_alures[31]                       ; clk          ; clk         ; 20.000       ; -0.074     ; 3.704      ;
; 16.243 ; rst_debounced ; core_ctl:u_core_ctl|exe_alures[24]                       ; clk          ; clk         ; 20.000       ; -0.078     ; 3.700      ;
; 16.243 ; rst_debounced ; core_ctl:u_core_ctl|exe_alures[29]                       ; clk          ; clk         ; 20.000       ; -0.077     ; 3.701      ;
; 16.243 ; rst_debounced ; core_ctl:u_core_ctl|exe_alures[2]                        ; clk          ; clk         ; 20.000       ; -0.075     ; 3.703      ;
; 16.243 ; rst_debounced ; core_ctl:u_core_ctl|exe_alures[4]                        ; clk          ; clk         ; 20.000       ; -0.075     ; 3.703      ;
; 16.243 ; rst_debounced ; core_ctl:u_core_ctl|exe_upper[13]                        ; clk          ; clk         ; 20.000       ; -0.075     ; 3.703      ;
; 16.243 ; rst_debounced ; core_ctl:u_core_ctl|exe_csraddr[2]                       ; clk          ; clk         ; 20.000       ; -0.075     ; 3.703      ;
; 16.243 ; rst_debounced ; core_ctl:u_core_ctl|exe_ctl_wb[0]                        ; clk          ; clk         ; 20.000       ; -0.079     ; 3.699      ;
; 16.243 ; rst_debounced ; core_ctl:u_core_ctl|exe_ctl_regw                         ; clk          ; clk         ; 20.000       ; -0.072     ; 3.706      ;
; 16.243 ; rst_debounced ; core_ctl:u_core_ctl|perips_ctl_wb[0]                     ; clk          ; clk         ; 20.000       ; -0.079     ; 3.699      ;
; 16.243 ; rst_debounced ; core_ctl:u_core_ctl|perips_pc[2]                         ; clk          ; clk         ; 20.000       ; -0.085     ; 3.693      ;
; 16.243 ; rst_debounced ; core_ctl:u_core_ctl|exe_csraddr[9]                       ; clk          ; clk         ; 20.000       ; -0.072     ; 3.706      ;
; 16.243 ; rst_debounced ; core_ctl:u_core_ctl|exe_csraddr[3]                       ; clk          ; clk         ; 20.000       ; -0.074     ; 3.704      ;
; 16.243 ; rst_debounced ; core_ctl:u_core_ctl|perips_pc[12]                        ; clk          ; clk         ; 20.000       ; -0.085     ; 3.693      ;
; 16.243 ; rst_debounced ; core_ctl:u_core_ctl|perips_pc[13]                        ; clk          ; clk         ; 20.000       ; -0.085     ; 3.693      ;
; 16.243 ; rst_debounced ; core_ctl:u_core_ctl|exe_upper[14]                        ; clk          ; clk         ; 20.000       ; -0.074     ; 3.704      ;
; 16.243 ; rst_debounced ; core_ctl:u_core_ctl|exe_pc[14]                           ; clk          ; clk         ; 20.000       ; -0.074     ; 3.704      ;
; 16.243 ; rst_debounced ; core_ctl:u_core_ctl|perips_pc[14]                        ; clk          ; clk         ; 20.000       ; -0.085     ; 3.693      ;
; 16.243 ; rst_debounced ; core_ctl:u_core_ctl|perips_pc[11]                        ; clk          ; clk         ; 20.000       ; -0.085     ; 3.693      ;
; 16.243 ; rst_debounced ; core_ctl:u_core_ctl|exe_csr[4]                           ; clk          ; clk         ; 20.000       ; -0.076     ; 3.702      ;
; 16.243 ; rst_debounced ; core_ctl:u_core_ctl|perips_csr[4]                        ; clk          ; clk         ; 20.000       ; -0.076     ; 3.702      ;
; 16.243 ; rst_debounced ; core_ctl:u_core_ctl|regfile_csr:u_regfile_csr|csr[8][28] ; clk          ; clk         ; 20.000       ; -0.078     ; 3.700      ;
; 16.243 ; rst_debounced ; core_ctl:u_core_ctl|regfile_csr:u_regfile_csr|csr[0][28] ; clk          ; clk         ; 20.000       ; -0.078     ; 3.700      ;
; 16.243 ; rst_debounced ; core_ctl:u_core_ctl|regfile_csr:u_regfile_csr|csr[7][28] ; clk          ; clk         ; 20.000       ; -0.080     ; 3.698      ;
; 16.243 ; rst_debounced ; core_ctl:u_core_ctl|exe_pc[3]                            ; clk          ; clk         ; 20.000       ; -0.074     ; 3.704      ;
; 16.243 ; rst_debounced ; core_ctl:u_core_ctl|perips_pc[3]                         ; clk          ; clk         ; 20.000       ; -0.085     ; 3.693      ;
; 16.243 ; rst_debounced ; core_ctl:u_core_ctl|exe_pc[5]                            ; clk          ; clk         ; 20.000       ; -0.085     ; 3.693      ;
; 16.243 ; rst_debounced ; core_ctl:u_core_ctl|perips_pc[5]                         ; clk          ; clk         ; 20.000       ; -0.085     ; 3.693      ;
; 16.243 ; rst_debounced ; core_ctl:u_core_ctl|perips_pc[4]                         ; clk          ; clk         ; 20.000       ; -0.085     ; 3.693      ;
; 16.243 ; rst_debounced ; core_ctl:u_core_ctl|regfile_csr:u_regfile_csr|csr[0][23] ; clk          ; clk         ; 20.000       ; -0.078     ; 3.700      ;
+--------+---------------+----------------------------------------------------------+--------------+-------------+--------------+------------+------------+


+--------------------------------------------------------------------------------------------------------------------------------------------------------+
; Slow 1200mV 85C Model Removal: 'clk'                                                                                                                   ;
+-------+---------------+----------------------------------------------------------+--------------+-------------+--------------+------------+------------+
; Slack ; From Node     ; To Node                                                  ; Launch Clock ; Latch Clock ; Relationship ; Clock Skew ; Data Delay ;
+-------+---------------+----------------------------------------------------------+--------------+-------------+--------------+------------+------------+
; 3.152 ; rst_debounced ; core_ctl:u_core_ctl|regfile_csr:u_regfile_csr|csr[3][16] ; clk          ; clk         ; 0.000        ; 0.099      ; 3.463      ;
; 3.165 ; rst_debounced ; core_ctl:u_core_ctl|exe_upper[19]                        ; clk          ; clk         ; 0.000        ; 0.102      ; 3.479      ;
; 3.165 ; rst_debounced ; core_ctl:u_core_ctl|exe_upper[17]                        ; clk          ; clk         ; 0.000        ; 0.102      ; 3.479      ;
; 3.165 ; rst_debounced ; core_ctl:u_core_ctl|ifid_pc[20]                          ; clk          ; clk         ; 0.000        ; 0.101      ; 3.478      ;
; 3.165 ; rst_debounced ; core_ctl:u_core_ctl|exe_pc[19]                           ; clk          ; clk         ; 0.000        ; 0.102      ; 3.479      ;
; 3.165 ; rst_debounced ; core_ctl:u_core_ctl|ifid_pc[19]                          ; clk          ; clk         ; 0.000        ; 0.101      ; 3.478      ;
; 3.165 ; rst_debounced ; core_ctl:u_core_ctl|exe_pc[21]                           ; clk          ; clk         ; 0.000        ; 0.102      ; 3.479      ;
; 3.165 ; rst_debounced ; core_ctl:u_core_ctl|ifid_pc[21]                          ; clk          ; clk         ; 0.000        ; 0.101      ; 3.478      ;
; 3.165 ; rst_debounced ; core_ctl:u_core_ctl|ifid_pc[22]                          ; clk          ; clk         ; 0.000        ; 0.101      ; 3.478      ;
; 3.165 ; rst_debounced ; core_ctl:u_core_ctl|ifid_pc[23]                          ; clk          ; clk         ; 0.000        ; 0.101      ; 3.478      ;
; 3.165 ; rst_debounced ; core_ctl:u_core_ctl|ifid_pc[24]                          ; clk          ; clk         ; 0.000        ; 0.101      ; 3.478      ;
; 3.165 ; rst_debounced ; core_ctl:u_core_ctl|exe_pc[23]                           ; clk          ; clk         ; 0.000        ; 0.102      ; 3.479      ;
; 3.165 ; rst_debounced ; core_ctl:u_core_ctl|ifid_pc[26]                          ; clk          ; clk         ; 0.000        ; 0.101      ; 3.478      ;
; 3.165 ; rst_debounced ; core_ctl:u_core_ctl|ifid_pc[18]                          ; clk          ; clk         ; 0.000        ; 0.101      ; 3.478      ;
; 3.165 ; rst_debounced ; core_ctl:u_core_ctl|ifid_pc[28]                          ; clk          ; clk         ; 0.000        ; 0.101      ; 3.478      ;
; 3.165 ; rst_debounced ; core_ctl:u_core_ctl|ifid_pc[27]                          ; clk          ; clk         ; 0.000        ; 0.101      ; 3.478      ;
; 3.165 ; rst_debounced ; core_ctl:u_core_ctl|ifid_pc[29]                          ; clk          ; clk         ; 0.000        ; 0.101      ; 3.478      ;
; 3.165 ; rst_debounced ; core_ctl:u_core_ctl|ifid_pc[31]                          ; clk          ; clk         ; 0.000        ; 0.101      ; 3.478      ;
; 3.165 ; rst_debounced ; core_ctl:u_core_ctl|ifid_pc[17]                          ; clk          ; clk         ; 0.000        ; 0.101      ; 3.478      ;
; 3.165 ; rst_debounced ; core_ctl:u_core_ctl|ifid_pc[16]                          ; clk          ; clk         ; 0.000        ; 0.101      ; 3.478      ;
; 3.165 ; rst_debounced ; core_ctl:u_core_ctl|exe_csr[28]                          ; clk          ; clk         ; 0.000        ; 0.101      ; 3.478      ;
; 3.166 ; rst_debounced ; core_ctl:u_core_ctl|ifid_ctl_alufunc[0]                  ; clk          ; clk         ; 0.000        ; 0.101      ; 3.479      ;
; 3.166 ; rst_debounced ; core_ctl:u_core_ctl|ifid_alusrc1[6]                      ; clk          ; clk         ; 0.000        ; 0.102      ; 3.480      ;
; 3.166 ; rst_debounced ; core_ctl:u_core_ctl|ifid_alusrc1[2]                      ; clk          ; clk         ; 0.000        ; 0.102      ; 3.480      ;
; 3.166 ; rst_debounced ; core_ctl:u_core_ctl|ifid_alusrc1[29]                     ; clk          ; clk         ; 0.000        ; 0.101      ; 3.479      ;
; 3.166 ; rst_debounced ; core_ctl:u_core_ctl|ifid_alusrc1[1]                      ; clk          ; clk         ; 0.000        ; 0.102      ; 3.480      ;
; 3.166 ; rst_debounced ; core_ctl:u_core_ctl|ifid_alusrc1[8]                      ; clk          ; clk         ; 0.000        ; 0.102      ; 3.480      ;
; 3.166 ; rst_debounced ; core_ctl:u_core_ctl|ifid_alusrc1[4]                      ; clk          ; clk         ; 0.000        ; 0.102      ; 3.480      ;
; 3.166 ; rst_debounced ; core_ctl:u_core_ctl|ifid_alusrc1[10]                     ; clk          ; clk         ; 0.000        ; 0.101      ; 3.479      ;
; 3.166 ; rst_debounced ; core_ctl:u_core_ctl|ifid_alusrc1[3]                      ; clk          ; clk         ; 0.000        ; 0.102      ; 3.480      ;
; 3.166 ; rst_debounced ; core_ctl:u_core_ctl|ifid_alusrc1[30]                     ; clk          ; clk         ; 0.000        ; 0.101      ; 3.479      ;
; 3.166 ; rst_debounced ; core_ctl:u_core_ctl|ifid_alusrc1[5]                      ; clk          ; clk         ; 0.000        ; 0.102      ; 3.480      ;
; 3.166 ; rst_debounced ; core_ctl:u_core_ctl|ifid_alusrc1[7]                      ; clk          ; clk         ; 0.000        ; 0.102      ; 3.480      ;
; 3.166 ; rst_debounced ; core_ctl:u_core_ctl|ifid_alusrc1[9]                      ; clk          ; clk         ; 0.000        ; 0.102      ; 3.480      ;
; 3.166 ; rst_debounced ; core_ctl:u_core_ctl|ifid_alusrc1[31]                     ; clk          ; clk         ; 0.000        ; 0.101      ; 3.479      ;
; 3.166 ; rst_debounced ; core_ctl:u_core_ctl|ifid_alusrc1[28]                     ; clk          ; clk         ; 0.000        ; 0.101      ; 3.479      ;
; 3.166 ; rst_debounced ; core_ctl:u_core_ctl|ifid_alusrc1[27]                     ; clk          ; clk         ; 0.000        ; 0.101      ; 3.479      ;
; 3.166 ; rst_debounced ; core_ctl:u_core_ctl|ifid_alusrc2[3]                      ; clk          ; clk         ; 0.000        ; 0.101      ; 3.479      ;
; 3.166 ; rst_debounced ; core_ctl:u_core_ctl|ifid_alusrc2[2]                      ; clk          ; clk         ; 0.000        ; 0.101      ; 3.479      ;
; 3.166 ; rst_debounced ; core_ctl:u_core_ctl|ifid_alusrc2[0]                      ; clk          ; clk         ; 0.000        ; 0.101      ; 3.479      ;
; 3.166 ; rst_debounced ; core_ctl:u_core_ctl|ifid_ctl_csrw                        ; clk          ; clk         ; 0.000        ; 0.100      ; 3.478      ;
; 3.166 ; rst_debounced ; core_ctl:u_core_ctl|ifid_ctl_memw[0]                     ; clk          ; clk         ; 0.000        ; 0.100      ; 3.478      ;
; 3.166 ; rst_debounced ; core_ctl:u_core_ctl|ifid_ctl_memw[1]                     ; clk          ; clk         ; 0.000        ; 0.100      ; 3.478      ;
; 3.166 ; rst_debounced ; core_ctl:u_core_ctl|ifid_ctl_nextfunc[3]                 ; clk          ; clk         ; 0.000        ; 0.100      ; 3.478      ;
; 3.166 ; rst_debounced ; core_ctl:u_core_ctl|exe_nextpc[18]                       ; clk          ; clk         ; 0.000        ; 0.100      ; 3.478      ;
; 3.166 ; rst_debounced ; core_ctl:u_core_ctl|exe_nextpc[31]                       ; clk          ; clk         ; 0.000        ; 0.100      ; 3.478      ;
; 3.166 ; rst_debounced ; core_ctl:u_core_ctl|exe_nextpc[24]                       ; clk          ; clk         ; 0.000        ; 0.100      ; 3.478      ;
; 3.166 ; rst_debounced ; core_ctl:u_core_ctl|exe_nextpc[22]                       ; clk          ; clk         ; 0.000        ; 0.100      ; 3.478      ;
; 3.166 ; rst_debounced ; core_ctl:u_core_ctl|exe_nextpc[19]                       ; clk          ; clk         ; 0.000        ; 0.100      ; 3.478      ;
; 3.166 ; rst_debounced ; core_ctl:u_core_ctl|exe_nextpc[15]                       ; clk          ; clk         ; 0.000        ; 0.101      ; 3.479      ;
; 3.166 ; rst_debounced ; core_ctl:u_core_ctl|exe_nextpc[14]                       ; clk          ; clk         ; 0.000        ; 0.101      ; 3.479      ;
; 3.166 ; rst_debounced ; core_ctl:u_core_ctl|exe_nextpc[13]                       ; clk          ; clk         ; 0.000        ; 0.101      ; 3.479      ;
; 3.166 ; rst_debounced ; core_ctl:u_core_ctl|exe_csraddr[0]                       ; clk          ; clk         ; 0.000        ; 0.099      ; 3.477      ;
; 3.166 ; rst_debounced ; core_ctl:u_core_ctl|exe_nextpc[8]                        ; clk          ; clk         ; 0.000        ; 0.101      ; 3.479      ;
; 3.166 ; rst_debounced ; core_ctl:u_core_ctl|exe_alures[8]                        ; clk          ; clk         ; 0.000        ; 0.101      ; 3.479      ;
; 3.166 ; rst_debounced ; core_ctl:u_core_ctl|exe_alures[13]                       ; clk          ; clk         ; 0.000        ; 0.101      ; 3.479      ;
; 3.166 ; rst_debounced ; core_ctl:u_core_ctl|exe_alures[14]                       ; clk          ; clk         ; 0.000        ; 0.101      ; 3.479      ;
; 3.166 ; rst_debounced ; core_ctl:u_core_ctl|exe_csraddr[7]                       ; clk          ; clk         ; 0.000        ; 0.099      ; 3.477      ;
; 3.166 ; rst_debounced ; core_ctl:u_core_ctl|exe_csraddr[1]                       ; clk          ; clk         ; 0.000        ; 0.099      ; 3.477      ;
; 3.166 ; rst_debounced ; core_ctl:u_core_ctl|exe_csraddr[11]                      ; clk          ; clk         ; 0.000        ; 0.092      ; 3.470      ;
; 3.166 ; rst_debounced ; core_ctl:u_core_ctl|exe_ctl_regw                         ; clk          ; clk         ; 0.000        ; 0.103      ; 3.481      ;
; 3.166 ; rst_debounced ; core_ctl:u_core_ctl|exe_regdest[3]                       ; clk          ; clk         ; 0.000        ; 0.092      ; 3.470      ;
; 3.166 ; rst_debounced ; core_ctl:u_core_ctl|exe_pc[2]                            ; clk          ; clk         ; 0.000        ; 0.092      ; 3.470      ;
; 3.166 ; rst_debounced ; core_ctl:u_core_ctl|exe_csraddr[9]                       ; clk          ; clk         ; 0.000        ; 0.103      ; 3.481      ;
; 3.166 ; rst_debounced ; core_ctl:u_core_ctl|exe_csraddr[8]                       ; clk          ; clk         ; 0.000        ; 0.099      ; 3.477      ;
; 3.166 ; rst_debounced ; core_ctl:u_core_ctl|exe_csraddr[3]                       ; clk          ; clk         ; 0.000        ; 0.101      ; 3.479      ;
; 3.166 ; rst_debounced ; core_ctl:u_core_ctl|exe_csraddr[6]                       ; clk          ; clk         ; 0.000        ; 0.099      ; 3.477      ;
; 3.166 ; rst_debounced ; core_ctl:u_core_ctl|exe_upper[14]                        ; clk          ; clk         ; 0.000        ; 0.101      ; 3.479      ;
; 3.166 ; rst_debounced ; core_ctl:u_core_ctl|exe_pc[14]                           ; clk          ; clk         ; 0.000        ; 0.101      ; 3.479      ;
; 3.166 ; rst_debounced ; core_ctl:u_core_ctl|exe_csr[4]                           ; clk          ; clk         ; 0.000        ; 0.099      ; 3.477      ;
; 3.166 ; rst_debounced ; core_ctl:u_core_ctl|perips_csr[4]                        ; clk          ; clk         ; 0.000        ; 0.099      ; 3.477      ;
; 3.166 ; rst_debounced ; core_ctl:u_core_ctl|exe_pc[3]                            ; clk          ; clk         ; 0.000        ; 0.101      ; 3.479      ;
; 3.166 ; rst_debounced ; core_ctl:u_core_ctl|regfile_csr:u_regfile_csr|csr[2][5]  ; clk          ; clk         ; 0.000        ; 0.089      ; 3.467      ;
; 3.166 ; rst_debounced ; core_ctl:u_core_ctl|regfile_csr:u_regfile_csr|csr[3][23] ; clk          ; clk         ; 0.000        ; 0.089      ; 3.467      ;
; 3.166 ; rst_debounced ; core_ctl:u_core_ctl|regfile_csr:u_regfile_csr|csr[2][23] ; clk          ; clk         ; 0.000        ; 0.089      ; 3.467      ;
; 3.166 ; rst_debounced ; core_ctl:u_core_ctl|exe_pc[6]                            ; clk          ; clk         ; 0.000        ; 0.092      ; 3.470      ;
; 3.166 ; rst_debounced ; core_ctl:u_core_ctl|exe_pc[7]                            ; clk          ; clk         ; 0.000        ; 0.101      ; 3.479      ;
; 3.166 ; rst_debounced ; core_ctl:u_core_ctl|exe_pc[8]                            ; clk          ; clk         ; 0.000        ; 0.101      ; 3.479      ;
; 3.166 ; rst_debounced ; core_ctl:u_core_ctl|exe_pc[9]                            ; clk          ; clk         ; 0.000        ; 0.092      ; 3.470      ;
; 3.166 ; rst_debounced ; core_ctl:u_core_ctl|exe_pc[10]                           ; clk          ; clk         ; 0.000        ; 0.099      ; 3.477      ;
; 3.166 ; rst_debounced ; core_ctl:u_core_ctl|exe_pc[16]                           ; clk          ; clk         ; 0.000        ; 0.101      ; 3.479      ;
; 3.166 ; rst_debounced ; core_ctl:u_core_ctl|exe_pc[17]                           ; clk          ; clk         ; 0.000        ; 0.101      ; 3.479      ;
; 3.166 ; rst_debounced ; core_ctl:u_core_ctl|perips_pc[17]                        ; clk          ; clk         ; 0.000        ; 0.091      ; 3.469      ;
; 3.166 ; rst_debounced ; core_ctl:u_core_ctl|regfile_csr:u_regfile_csr|csr[2][12] ; clk          ; clk         ; 0.000        ; 0.089      ; 3.467      ;
; 3.166 ; rst_debounced ; core_ctl:u_core_ctl|perips_nextpc[18]                    ; clk          ; clk         ; 0.000        ; 0.100      ; 3.478      ;
; 3.166 ; rst_debounced ; core_ctl:u_core_ctl|perips_nextpc[19]                    ; clk          ; clk         ; 0.000        ; 0.100      ; 3.478      ;
; 3.166 ; rst_debounced ; core_ctl:u_core_ctl|perips_pc[19]                        ; clk          ; clk         ; 0.000        ; 0.091      ; 3.469      ;
; 3.166 ; rst_debounced ; core_ctl:u_core_ctl|exe_pc[20]                           ; clk          ; clk         ; 0.000        ; 0.101      ; 3.479      ;
; 3.166 ; rst_debounced ; core_ctl:u_core_ctl|perips_pc[20]                        ; clk          ; clk         ; 0.000        ; 0.091      ; 3.469      ;
; 3.166 ; rst_debounced ; core_ctl:u_core_ctl|perips_pc[21]                        ; clk          ; clk         ; 0.000        ; 0.091      ; 3.469      ;
; 3.166 ; rst_debounced ; core_ctl:u_core_ctl|perips_nextpc[22]                    ; clk          ; clk         ; 0.000        ; 0.100      ; 3.478      ;
; 3.166 ; rst_debounced ; core_ctl:u_core_ctl|exe_pc[22]                           ; clk          ; clk         ; 0.000        ; 0.101      ; 3.479      ;
; 3.166 ; rst_debounced ; core_ctl:u_core_ctl|perips_pc[22]                        ; clk          ; clk         ; 0.000        ; 0.091      ; 3.469      ;
; 3.166 ; rst_debounced ; core_ctl:u_core_ctl|perips_nextpc[24]                    ; clk          ; clk         ; 0.000        ; 0.100      ; 3.478      ;
; 3.166 ; rst_debounced ; core_ctl:u_core_ctl|perips_pc[24]                        ; clk          ; clk         ; 0.000        ; 0.091      ; 3.469      ;
; 3.166 ; rst_debounced ; core_ctl:u_core_ctl|perips_pc[25]                        ; clk          ; clk         ; 0.000        ; 0.091      ; 3.469      ;
; 3.166 ; rst_debounced ; core_ctl:u_core_ctl|perips_pc[23]                        ; clk          ; clk         ; 0.000        ; 0.091      ; 3.469      ;
; 3.166 ; rst_debounced ; core_ctl:u_core_ctl|exe_pc[26]                           ; clk          ; clk         ; 0.000        ; 0.101      ; 3.479      ;
; 3.166 ; rst_debounced ; core_ctl:u_core_ctl|perips_pc[26]                        ; clk          ; clk         ; 0.000        ; 0.091      ; 3.469      ;
; 3.166 ; rst_debounced ; core_ctl:u_core_ctl|regfile_csr:u_regfile_csr|csr[2][16] ; clk          ; clk         ; 0.000        ; 0.089      ; 3.467      ;
+-------+---------------+----------------------------------------------------------+--------------+-------------+--------------+------------+------------+


-----------------------------------------------
; Slow 1200mV 85C Model Metastability Summary ;
-----------------------------------------------
No synchronizer chains to report.


+------------------------------------------------+
; Slow 1200mV 0C Model Fmax Summary              ;
+----------+-----------------+------------+------+
; Fmax     ; Restricted Fmax ; Clock Name ; Note ;
+----------+-----------------+------------+------+
; 56.5 MHz ; 56.5 MHz        ; clk        ;      ;
+----------+-----------------+------------+------+
This panel reports FMAX for every clock in the design, regardless of the user-specified clock periods.  FMAX is only computed for paths where the source and destination registers or ports are driven by the same clock.  Paths of different clocks, including generated clocks, are ignored.  For paths between a clock and its inversion, FMAX is computed as if the rising and falling edges are scaled along with FMAX, such that the duty cycle (in terms of a percentage) is maintained. Altera recommends that you always use clock constraints and other slack reports for sign-off analysis.


+------------------------------------+
; Slow 1200mV 0C Model Setup Summary ;
+-------+-------+--------------------+
; Clock ; Slack ; End Point TNS      ;
+-------+-------+--------------------+
; clk   ; 2.301 ; 0.000              ;
+-------+-------+--------------------+


+-----------------------------------+
; Slow 1200mV 0C Model Hold Summary ;
+-------+-------+-------------------+
; Clock ; Slack ; End Point TNS     ;
+-------+-------+-------------------+
; clk   ; 0.400 ; 0.000             ;
+-------+-------+-------------------+


+---------------------------------------+
; Slow 1200mV 0C Model Recovery Summary ;
+-------+--------+----------------------+
; Clock ; Slack  ; End Point TNS        ;
+-------+--------+----------------------+
; clk   ; 16.543 ; 0.000                ;
+-------+--------+----------------------+


+--------------------------------------+
; Slow 1200mV 0C Model Removal Summary ;
+-------+-------+----------------------+
; Clock ; Slack ; End Point TNS        ;
+-------+-------+----------------------+
; clk   ; 2.826 ; 0.000                ;
+-------+-------+----------------------+


+--------------------------------------------------+
; Slow 1200mV 0C Model Minimum Pulse Width Summary ;
+-------+-------+----------------------------------+
; Clock ; Slack ; End Point TNS                    ;
+-------+-------+----------------------------------+
; clk   ; 9.665 ; 0.000                            ;
+-------+-------+----------------------------------+


+-------------------------------------------------------------------------------------------------------------------------------------------------------------------------------------------------------------------------------------------------------------------------------------------------------------+
; Slow 1200mV 0C Model Setup: 'clk'                                                                                                                                                                                                                                                                           ;
+-------+----------------------------------------------------------------------------------------------------------------------------------------------------------------------------------------+--------------------------------------+--------------+-------------+--------------+------------+------------+
; Slack ; From Node                                                                                                                                                                              ; To Node                              ; Launch Clock ; Latch Clock ; Relationship ; Clock Skew ; Data Delay ;
+-------+----------------------------------------------------------------------------------------------------------------------------------------------------------------------------------------+--------------------------------------+--------------+-------------+--------------+------------+------------+
; 2.301 ; core_ctl:u_core_ctl|core_if:u_core_if|altsyncram:ins_mem_rtl_0|altsyncram_sr81:auto_generated|altsyncram:ram_block1a0|altsyncram_hr93:auto_generated|ram_block1a46~porta_address_reg0  ; core_ctl:u_core_ctl|ifid_alusrc2[4]  ; clk          ; clk         ; 20.000       ; -0.413     ; 17.308     ;
; 2.367 ; core_ctl:u_core_ctl|core_if:u_core_if|altsyncram:ins_mem_rtl_0|altsyncram_sr81:auto_generated|altsyncram:ram_block1a0|altsyncram_hr93:auto_generated|ram_block1a79~porta_address_reg0  ; core_ctl:u_core_ctl|ifid_alusrc2[4]  ; clk          ; clk         ; 20.000       ; -0.419     ; 17.236     ;
; 2.427 ; core_ctl:u_core_ctl|core_if:u_core_if|altsyncram:ins_mem_rtl_0|altsyncram_sr81:auto_generated|altsyncram:ram_block1a0|altsyncram_hr93:auto_generated|ram_block1a111~porta_address_reg0 ; core_ctl:u_core_ctl|ifid_alusrc2[4]  ; clk          ; clk         ; 20.000       ; -0.425     ; 17.170     ;
; 2.535 ; core_ctl:u_core_ctl|core_if:u_core_if|altsyncram:ins_mem_rtl_0|altsyncram_sr81:auto_generated|altsyncram:ram_block1a0|altsyncram_hr93:auto_generated|ram_block1a110~porta_address_reg0 ; core_ctl:u_core_ctl|ifid_alusrc2[4]  ; clk          ; clk         ; 20.000       ; -0.409     ; 17.078     ;
; 2.569 ; core_ctl:u_core_ctl|core_if:u_core_if|altsyncram:ins_mem_rtl_0|altsyncram_sr81:auto_generated|altsyncram:ram_block1a0|altsyncram_hr93:auto_generated|ram_block1a128~porta_address_reg0 ; core_ctl:u_core_ctl|ifid_alusrc2[4]  ; clk          ; clk         ; 20.000       ; -0.419     ; 17.034     ;
; 2.614 ; core_ctl:u_core_ctl|core_if:u_core_if|altsyncram:ins_mem_rtl_0|altsyncram_sr81:auto_generated|altsyncram:ram_block1a0|altsyncram_hr93:auto_generated|ram_block1a14~porta_address_reg0  ; core_ctl:u_core_ctl|ifid_alusrc2[4]  ; clk          ; clk         ; 20.000       ; -0.413     ; 16.995     ;
; 2.681 ; core_ctl:u_core_ctl|core_if:u_core_if|altsyncram:ins_mem_rtl_0|altsyncram_sr81:auto_generated|altsyncram:ram_block1a0|altsyncram_hr93:auto_generated|ram_block1a78~porta_address_reg0  ; core_ctl:u_core_ctl|ifid_alusrc2[4]  ; clk          ; clk         ; 20.000       ; -0.412     ; 16.929     ;
; 2.710 ; core_ctl:u_core_ctl|core_if:u_core_if|altsyncram:ins_mem_rtl_0|altsyncram_sr81:auto_generated|altsyncram:ram_block1a0|altsyncram_hr93:auto_generated|ram_block1a15~porta_address_reg0  ; core_ctl:u_core_ctl|ifid_alusrc2[4]  ; clk          ; clk         ; 20.000       ; -0.422     ; 16.890     ;
; 2.969 ; core_ctl:u_core_ctl|core_if:u_core_if|altsyncram:ins_mem_rtl_0|altsyncram_sr81:auto_generated|altsyncram:ram_block1a0|altsyncram_hr93:auto_generated|ram_block1a135~porta_address_reg0 ; core_ctl:u_core_ctl|ifid_alusrc2[4]  ; clk          ; clk         ; 20.000       ; -0.413     ; 16.640     ;
; 3.186 ; core_ctl:u_core_ctl|core_if:u_core_if|altsyncram:ins_mem_rtl_0|altsyncram_sr81:auto_generated|altsyncram:ram_block1a0|altsyncram_hr93:auto_generated|ram_block1a47~porta_address_reg0  ; core_ctl:u_core_ctl|ifid_alusrc2[4]  ; clk          ; clk         ; 20.000       ; -0.418     ; 16.418     ;
; 3.819 ; core_ctl:u_core_ctl|ifid_alusrc2[0]                                                                                                                                                    ; core_ctl:u_core_ctl|exe_nextpc[25]   ; clk          ; clk         ; 20.000       ; -0.076     ; 16.127     ;
; 3.824 ; core_ctl:u_core_ctl|ifid_alusrc2[0]                                                                                                                                                    ; core_ctl:u_core_ctl|exe_nextpc[9]    ; clk          ; clk         ; 20.000       ; -0.076     ; 16.122     ;
; 3.948 ; core_ctl:u_core_ctl|ifid_alusrc2[0]                                                                                                                                                    ; core_ctl:u_core_ctl|exe_nextpc[23]   ; clk          ; clk         ; 20.000       ; -0.078     ; 15.996     ;
; 3.974 ; core_ctl:u_core_ctl|ifid_alusrc2[0]                                                                                                                                                    ; core_ctl:u_core_ctl|exe_nextpc[7]    ; clk          ; clk         ; 20.000       ; -0.078     ; 15.970     ;
; 3.977 ; core_ctl:u_core_ctl|ifid_alusrc2[0]                                                                                                                                                    ; core_ctl:u_core_ctl|exe_nextpc[4]    ; clk          ; clk         ; 20.000       ; -0.074     ; 15.971     ;
; 4.056 ; core_ctl:u_core_ctl|ifid_alusrc1[10]                                                                                                                                                   ; core_ctl:u_core_ctl|exe_nextpc[25]   ; clk          ; clk         ; 20.000       ; -0.076     ; 15.890     ;
; 4.058 ; core_ctl:u_core_ctl|ifid_alusrc2[0]                                                                                                                                                    ; core_ctl:u_core_ctl|exe_nextpc[22]   ; clk          ; clk         ; 20.000       ; -0.075     ; 15.889     ;
; 4.061 ; core_ctl:u_core_ctl|ifid_alusrc1[10]                                                                                                                                                   ; core_ctl:u_core_ctl|exe_nextpc[9]    ; clk          ; clk         ; 20.000       ; -0.076     ; 15.885     ;
; 4.071 ; core_ctl:u_core_ctl|core_if:u_core_if|altsyncram:ins_mem_rtl_0|altsyncram_sr81:auto_generated|altsyncram:ram_block1a0|altsyncram_hr93:auto_generated|ram_block1a79~porta_address_reg0  ; core_ctl:u_core_ctl|ifid_alusrc2[15] ; clk          ; clk         ; 20.000       ; -0.418     ; 15.533     ;
; 4.098 ; core_ctl:u_core_ctl|core_if:u_core_if|altsyncram:ins_mem_rtl_0|altsyncram_sr81:auto_generated|altsyncram:ram_block1a0|altsyncram_hr93:auto_generated|ram_block1a111~porta_address_reg0 ; core_ctl:u_core_ctl|ifid_alusrc2[15] ; clk          ; clk         ; 20.000       ; -0.424     ; 15.500     ;
; 4.120 ; core_ctl:u_core_ctl|ifid_alusrc2[0]                                                                                                                                                    ; core_ctl:u_core_ctl|exe_nextpc[11]   ; clk          ; clk         ; 20.000       ; -0.078     ; 15.824     ;
; 4.125 ; core_ctl:u_core_ctl|ifid_alusrc1[8]                                                                                                                                                    ; core_ctl:u_core_ctl|exe_nextpc[25]   ; clk          ; clk         ; 20.000       ; -0.077     ; 15.820     ;
; 4.130 ; core_ctl:u_core_ctl|ifid_alusrc1[8]                                                                                                                                                    ; core_ctl:u_core_ctl|exe_nextpc[9]    ; clk          ; clk         ; 20.000       ; -0.077     ; 15.815     ;
; 4.140 ; core_ctl:u_core_ctl|ifid_alusrc2[0]                                                                                                                                                    ; core_ctl:u_core_ctl|exe_nextpc[20]   ; clk          ; clk         ; 20.000       ; -0.077     ; 15.805     ;
; 4.151 ; core_ctl:u_core_ctl|ifid_alusrc1[0]                                                                                                                                                    ; core_ctl:u_core_ctl|exe_nextpc[25]   ; clk          ; clk         ; 20.000       ; -0.075     ; 15.796     ;
; 4.151 ; core_ctl:u_core_ctl|ifid_alusrc2[0]                                                                                                                                                    ; core_ctl:u_core_ctl|exe_nextpc[10]   ; clk          ; clk         ; 20.000       ; -0.076     ; 15.795     ;
; 4.156 ; core_ctl:u_core_ctl|ifid_alusrc1[0]                                                                                                                                                    ; core_ctl:u_core_ctl|exe_nextpc[9]    ; clk          ; clk         ; 20.000       ; -0.075     ; 15.791     ;
; 4.160 ; core_ctl:u_core_ctl|ifid_alusrc2[0]                                                                                                                                                    ; core_ctl:u_core_ctl|exe_nextpc[30]   ; clk          ; clk         ; 20.000       ; -0.074     ; 15.788     ;
; 4.170 ; core_ctl:u_core_ctl|core_if:u_core_if|altsyncram:ins_mem_rtl_0|altsyncram_sr81:auto_generated|altsyncram:ram_block1a0|altsyncram_hr93:auto_generated|ram_block1a78~porta_address_reg0  ; core_ctl:u_core_ctl|ifid_alusrc2[8]  ; clk          ; clk         ; 20.000       ; -0.413     ; 15.439     ;
; 4.182 ; core_ctl:u_core_ctl|ifid_alusrc2[0]                                                                                                                                                    ; core_ctl:u_core_ctl|exe_nextpc[29]   ; clk          ; clk         ; 20.000       ; -0.075     ; 15.765     ;
; 4.185 ; core_ctl:u_core_ctl|ifid_alusrc1[10]                                                                                                                                                   ; core_ctl:u_core_ctl|exe_nextpc[23]   ; clk          ; clk         ; 20.000       ; -0.078     ; 15.759     ;
; 4.194 ; core_ctl:u_core_ctl|ifid_alusrc2[0]                                                                                                                                                    ; core_ctl:u_core_ctl|exe_nextpc[17]   ; clk          ; clk         ; 20.000       ; -0.076     ; 15.752     ;
; 4.194 ; core_ctl:u_core_ctl|ifid_alusrc2[0]                                                                                                                                                    ; core_ctl:u_core_ctl|exe_nextpc[6]    ; clk          ; clk         ; 20.000       ; -0.076     ; 15.752     ;
; 4.209 ; core_ctl:u_core_ctl|ifid_alusrc2[0]                                                                                                                                                    ; core_ctl:u_core_ctl|exe_nextpc[19]   ; clk          ; clk         ; 20.000       ; -0.075     ; 15.738     ;
; 4.211 ; core_ctl:u_core_ctl|ifid_alusrc1[10]                                                                                                                                                   ; core_ctl:u_core_ctl|exe_nextpc[7]    ; clk          ; clk         ; 20.000       ; -0.078     ; 15.733     ;
; 4.214 ; core_ctl:u_core_ctl|ifid_alusrc1[10]                                                                                                                                                   ; core_ctl:u_core_ctl|exe_nextpc[4]    ; clk          ; clk         ; 20.000       ; -0.074     ; 15.734     ;
; 4.220 ; core_ctl:u_core_ctl|ifid_alusrc1[25]                                                                                                                                                   ; core_ctl:u_core_ctl|exe_nextpc[25]   ; clk          ; clk         ; 20.000       ; -0.088     ; 15.714     ;
; 4.225 ; core_ctl:u_core_ctl|ifid_alusrc1[25]                                                                                                                                                   ; core_ctl:u_core_ctl|exe_nextpc[9]    ; clk          ; clk         ; 20.000       ; -0.088     ; 15.709     ;
; 4.244 ; core_ctl:u_core_ctl|ifid_alusrc1[9]                                                                                                                                                    ; core_ctl:u_core_ctl|exe_nextpc[25]   ; clk          ; clk         ; 20.000       ; -0.077     ; 15.701     ;
; 4.249 ; core_ctl:u_core_ctl|ifid_alusrc1[9]                                                                                                                                                    ; core_ctl:u_core_ctl|exe_nextpc[9]    ; clk          ; clk         ; 20.000       ; -0.077     ; 15.696     ;
; 4.254 ; core_ctl:u_core_ctl|ifid_alusrc1[8]                                                                                                                                                    ; core_ctl:u_core_ctl|exe_nextpc[23]   ; clk          ; clk         ; 20.000       ; -0.079     ; 15.689     ;
; 4.276 ; core_ctl:u_core_ctl|core_if:u_core_if|altsyncram:ins_mem_rtl_0|altsyncram_sr81:auto_generated|altsyncram:ram_block1a0|altsyncram_hr93:auto_generated|ram_block1a110~porta_address_reg0 ; core_ctl:u_core_ctl|ifid_alusrc2[8]  ; clk          ; clk         ; 20.000       ; -0.410     ; 15.336     ;
; 4.278 ; core_ctl:u_core_ctl|ifid_alusrc2[0]                                                                                                                                                    ; core_ctl:u_core_ctl|exe_nextpc[5]    ; clk          ; clk         ; 20.000       ; -0.076     ; 15.668     ;
; 4.280 ; core_ctl:u_core_ctl|ifid_alusrc1[0]                                                                                                                                                    ; core_ctl:u_core_ctl|exe_nextpc[23]   ; clk          ; clk         ; 20.000       ; -0.077     ; 15.665     ;
; 4.280 ; core_ctl:u_core_ctl|ifid_alusrc1[8]                                                                                                                                                    ; core_ctl:u_core_ctl|exe_nextpc[7]    ; clk          ; clk         ; 20.000       ; -0.079     ; 15.663     ;
; 4.283 ; core_ctl:u_core_ctl|ifid_alusrc1[8]                                                                                                                                                    ; core_ctl:u_core_ctl|exe_nextpc[4]    ; clk          ; clk         ; 20.000       ; -0.075     ; 15.664     ;
; 4.292 ; core_ctl:u_core_ctl|core_if:u_core_if|altsyncram:ins_mem_rtl_0|altsyncram_sr81:auto_generated|altsyncram:ram_block1a0|altsyncram_hr93:auto_generated|ram_block1a46~porta_address_reg0  ; core_ctl:u_core_ctl|ifid_alusrc2[8]  ; clk          ; clk         ; 20.000       ; -0.414     ; 15.316     ;
; 4.295 ; core_ctl:u_core_ctl|ifid_alusrc1[10]                                                                                                                                                   ; core_ctl:u_core_ctl|exe_nextpc[22]   ; clk          ; clk         ; 20.000       ; -0.075     ; 15.652     ;
; 4.306 ; core_ctl:u_core_ctl|ifid_alusrc1[0]                                                                                                                                                    ; core_ctl:u_core_ctl|exe_nextpc[7]    ; clk          ; clk         ; 20.000       ; -0.077     ; 15.639     ;
; 4.309 ; core_ctl:u_core_ctl|ifid_alusrc1[0]                                                                                                                                                    ; core_ctl:u_core_ctl|exe_nextpc[4]    ; clk          ; clk         ; 20.000       ; -0.073     ; 15.640     ;
; 4.335 ; core_ctl:u_core_ctl|ifid_alusrc2[0]                                                                                                                                                    ; core_ctl:u_core_ctl|exe_nextpc[26]   ; clk          ; clk         ; 20.000       ; -0.077     ; 15.610     ;
; 4.336 ; core_ctl:u_core_ctl|ifid_alusrc2[0]                                                                                                                                                    ; core_ctl:u_core_ctl|exe_nextpc[16]   ; clk          ; clk         ; 20.000       ; -0.077     ; 15.609     ;
; 4.357 ; core_ctl:u_core_ctl|ifid_alusrc1[10]                                                                                                                                                   ; core_ctl:u_core_ctl|exe_nextpc[11]   ; clk          ; clk         ; 20.000       ; -0.078     ; 15.587     ;
; 4.364 ; core_ctl:u_core_ctl|ifid_alusrc1[8]                                                                                                                                                    ; core_ctl:u_core_ctl|exe_nextpc[22]   ; clk          ; clk         ; 20.000       ; -0.076     ; 15.582     ;
; 4.365 ; core_ctl:u_core_ctl|ifid_alusrc2[0]                                                                                                                                                    ; core_ctl:u_core_ctl|exe_nextpc[13]   ; clk          ; clk         ; 20.000       ; -0.074     ; 15.583     ;
; 4.368 ; core_ctl:u_core_ctl|ifid_alusrc2[0]                                                                                                                                                    ; core_ctl:u_core_ctl|exe_nextpc[15]   ; clk          ; clk         ; 20.000       ; -0.074     ; 15.580     ;
; 4.370 ; core_ctl:u_core_ctl|ifid_alusrc2[0]                                                                                                                                                    ; core_ctl:u_core_ctl|exe_nextpc[8]    ; clk          ; clk         ; 20.000       ; -0.074     ; 15.578     ;
; 4.371 ; core_ctl:u_core_ctl|ifid_alusrc2[0]                                                                                                                                                    ; core_ctl:u_core_ctl|exe_nextpc[14]   ; clk          ; clk         ; 20.000       ; -0.074     ; 15.577     ;
; 4.373 ; core_ctl:u_core_ctl|ifid_alusrc1[9]                                                                                                                                                    ; core_ctl:u_core_ctl|exe_nextpc[23]   ; clk          ; clk         ; 20.000       ; -0.079     ; 15.570     ;
; 4.375 ; core_ctl:u_core_ctl|ifid_alusrc1[25]                                                                                                                                                   ; core_ctl:u_core_ctl|exe_nextpc[7]    ; clk          ; clk         ; 20.000       ; -0.090     ; 15.557     ;
; 4.377 ; core_ctl:u_core_ctl|ifid_alusrc1[10]                                                                                                                                                   ; core_ctl:u_core_ctl|exe_nextpc[20]   ; clk          ; clk         ; 20.000       ; -0.077     ; 15.568     ;
; 4.378 ; core_ctl:u_core_ctl|ifid_alusrc1[25]                                                                                                                                                   ; core_ctl:u_core_ctl|exe_nextpc[4]    ; clk          ; clk         ; 20.000       ; -0.086     ; 15.558     ;
; 4.383 ; core_ctl:u_core_ctl|ifid_alusrc2[0]                                                                                                                                                    ; core_ctl:u_core_ctl|exe_nextpc[31]   ; clk          ; clk         ; 20.000       ; -0.075     ; 15.564     ;
; 4.386 ; core_ctl:u_core_ctl|ifid_alusrc2[0]                                                                                                                                                    ; core_ctl:u_core_ctl|exe_nextpc[18]   ; clk          ; clk         ; 20.000       ; -0.075     ; 15.561     ;
; 4.386 ; core_ctl:u_core_ctl|ifid_alusrc2[0]                                                                                                                                                    ; core_ctl:u_core_ctl|exe_nextpc[24]   ; clk          ; clk         ; 20.000       ; -0.075     ; 15.561     ;
; 4.388 ; core_ctl:u_core_ctl|ifid_alusrc1[10]                                                                                                                                                   ; core_ctl:u_core_ctl|exe_nextpc[10]   ; clk          ; clk         ; 20.000       ; -0.076     ; 15.558     ;
; 4.389 ; core_ctl:u_core_ctl|ifid_alusrc1[7]                                                                                                                                                    ; core_ctl:u_core_ctl|exe_nextpc[25]   ; clk          ; clk         ; 20.000       ; -0.077     ; 15.556     ;
; 4.390 ; core_ctl:u_core_ctl|ifid_alusrc1[0]                                                                                                                                                    ; core_ctl:u_core_ctl|exe_nextpc[22]   ; clk          ; clk         ; 20.000       ; -0.074     ; 15.558     ;
; 4.394 ; core_ctl:u_core_ctl|ifid_alusrc1[7]                                                                                                                                                    ; core_ctl:u_core_ctl|exe_nextpc[9]    ; clk          ; clk         ; 20.000       ; -0.077     ; 15.551     ;
; 4.397 ; core_ctl:u_core_ctl|ifid_alusrc1[10]                                                                                                                                                   ; core_ctl:u_core_ctl|exe_nextpc[30]   ; clk          ; clk         ; 20.000       ; -0.074     ; 15.551     ;
; 4.399 ; core_ctl:u_core_ctl|ifid_alusrc1[9]                                                                                                                                                    ; core_ctl:u_core_ctl|exe_nextpc[7]    ; clk          ; clk         ; 20.000       ; -0.079     ; 15.544     ;
; 4.402 ; core_ctl:u_core_ctl|ifid_alusrc1[9]                                                                                                                                                    ; core_ctl:u_core_ctl|exe_nextpc[4]    ; clk          ; clk         ; 20.000       ; -0.075     ; 15.545     ;
; 4.419 ; core_ctl:u_core_ctl|ifid_alusrc1[10]                                                                                                                                                   ; core_ctl:u_core_ctl|exe_nextpc[29]   ; clk          ; clk         ; 20.000       ; -0.075     ; 15.528     ;
; 4.426 ; core_ctl:u_core_ctl|ifid_alusrc1[8]                                                                                                                                                    ; core_ctl:u_core_ctl|exe_nextpc[11]   ; clk          ; clk         ; 20.000       ; -0.079     ; 15.517     ;
; 4.428 ; core_ctl:u_core_ctl|ifid_alusrc1[25]                                                                                                                                                   ; core_ctl:u_core_ctl|exe_nextpc[23]   ; clk          ; clk         ; 20.000       ; -0.090     ; 15.504     ;
; 4.429 ; core_ctl:u_core_ctl|core_if:u_core_if|altsyncram:ins_mem_rtl_0|altsyncram_sr81:auto_generated|altsyncram:ram_block1a0|altsyncram_hr93:auto_generated|ram_block1a79~porta_address_reg0  ; core_ctl:u_core_ctl|ifid_alusrc2[29] ; clk          ; clk         ; 20.000       ; -0.424     ; 15.169     ;
; 4.431 ; core_ctl:u_core_ctl|ifid_alusrc1[10]                                                                                                                                                   ; core_ctl:u_core_ctl|exe_nextpc[17]   ; clk          ; clk         ; 20.000       ; -0.076     ; 15.515     ;
; 4.431 ; core_ctl:u_core_ctl|ifid_alusrc1[10]                                                                                                                                                   ; core_ctl:u_core_ctl|exe_nextpc[6]    ; clk          ; clk         ; 20.000       ; -0.076     ; 15.515     ;
; 4.442 ; core_ctl:u_core_ctl|ifid_alusrc2[0]                                                                                                                                                    ; core_ctl:u_core_ctl|exe_nextpc[28]   ; clk          ; clk         ; 20.000       ; -0.075     ; 15.505     ;
; 4.444 ; core_ctl:u_core_ctl|ifid_alusrc2[0]                                                                                                                                                    ; core_ctl:u_core_ctl|exe_nextpc[21]   ; clk          ; clk         ; 20.000       ; -0.075     ; 15.503     ;
; 4.446 ; core_ctl:u_core_ctl|ifid_alusrc1[8]                                                                                                                                                    ; core_ctl:u_core_ctl|exe_nextpc[20]   ; clk          ; clk         ; 20.000       ; -0.078     ; 15.498     ;
; 4.446 ; core_ctl:u_core_ctl|ifid_alusrc1[10]                                                                                                                                                   ; core_ctl:u_core_ctl|exe_nextpc[19]   ; clk          ; clk         ; 20.000       ; -0.075     ; 15.501     ;
; 4.451 ; core_ctl:u_core_ctl|ifid_alusrc2[1]                                                                                                                                                    ; core_ctl:u_core_ctl|exe_nextpc[25]   ; clk          ; clk         ; 20.000       ; -0.076     ; 15.495     ;
; 4.452 ; core_ctl:u_core_ctl|ifid_alusrc1[0]                                                                                                                                                    ; core_ctl:u_core_ctl|exe_nextpc[11]   ; clk          ; clk         ; 20.000       ; -0.077     ; 15.493     ;
; 4.456 ; core_ctl:u_core_ctl|core_if:u_core_if|altsyncram:ins_mem_rtl_0|altsyncram_sr81:auto_generated|altsyncram:ram_block1a0|altsyncram_hr93:auto_generated|ram_block1a111~porta_address_reg0 ; core_ctl:u_core_ctl|ifid_alusrc2[29] ; clk          ; clk         ; 20.000       ; -0.430     ; 15.136     ;
; 4.456 ; core_ctl:u_core_ctl|ifid_alusrc2[1]                                                                                                                                                    ; core_ctl:u_core_ctl|exe_nextpc[9]    ; clk          ; clk         ; 20.000       ; -0.076     ; 15.490     ;
; 4.457 ; core_ctl:u_core_ctl|ifid_alusrc1[8]                                                                                                                                                    ; core_ctl:u_core_ctl|exe_nextpc[10]   ; clk          ; clk         ; 20.000       ; -0.077     ; 15.488     ;
; 4.459 ; core_ctl:u_core_ctl|ifid_alusrc1[25]                                                                                                                                                   ; core_ctl:u_core_ctl|exe_nextpc[22]   ; clk          ; clk         ; 20.000       ; -0.087     ; 15.476     ;
; 4.466 ; core_ctl:u_core_ctl|ifid_alusrc1[8]                                                                                                                                                    ; core_ctl:u_core_ctl|exe_nextpc[30]   ; clk          ; clk         ; 20.000       ; -0.075     ; 15.481     ;
; 4.472 ; core_ctl:u_core_ctl|ifid_alusrc1[0]                                                                                                                                                    ; core_ctl:u_core_ctl|exe_nextpc[20]   ; clk          ; clk         ; 20.000       ; -0.076     ; 15.474     ;
; 4.482 ; core_ctl:u_core_ctl|ifid_alusrc1[11]                                                                                                                                                   ; core_ctl:u_core_ctl|exe_nextpc[25]   ; clk          ; clk         ; 20.000       ; -0.077     ; 15.463     ;
; 4.483 ; core_ctl:u_core_ctl|ifid_alusrc1[0]                                                                                                                                                    ; core_ctl:u_core_ctl|exe_nextpc[10]   ; clk          ; clk         ; 20.000       ; -0.075     ; 15.464     ;
; 4.483 ; core_ctl:u_core_ctl|ifid_alusrc1[9]                                                                                                                                                    ; core_ctl:u_core_ctl|exe_nextpc[22]   ; clk          ; clk         ; 20.000       ; -0.076     ; 15.463     ;
; 4.487 ; core_ctl:u_core_ctl|ifid_alusrc1[11]                                                                                                                                                   ; core_ctl:u_core_ctl|exe_nextpc[9]    ; clk          ; clk         ; 20.000       ; -0.077     ; 15.458     ;
; 4.488 ; core_ctl:u_core_ctl|ifid_alusrc1[8]                                                                                                                                                    ; core_ctl:u_core_ctl|exe_nextpc[29]   ; clk          ; clk         ; 20.000       ; -0.076     ; 15.458     ;
; 4.492 ; core_ctl:u_core_ctl|ifid_alusrc1[0]                                                                                                                                                    ; core_ctl:u_core_ctl|exe_nextpc[30]   ; clk          ; clk         ; 20.000       ; -0.073     ; 15.457     ;
; 4.500 ; core_ctl:u_core_ctl|ifid_alusrc1[8]                                                                                                                                                    ; core_ctl:u_core_ctl|exe_nextpc[17]   ; clk          ; clk         ; 20.000       ; -0.077     ; 15.445     ;
; 4.500 ; core_ctl:u_core_ctl|ifid_alusrc1[8]                                                                                                                                                    ; core_ctl:u_core_ctl|exe_nextpc[6]    ; clk          ; clk         ; 20.000       ; -0.077     ; 15.445     ;
; 4.503 ; core_ctl:u_core_ctl|core_if:u_core_if|altsyncram:ins_mem_rtl_0|altsyncram_sr81:auto_generated|altsyncram:ram_block1a0|altsyncram_hr93:auto_generated|ram_block1a79~porta_address_reg0  ; core_ctl:u_core_ctl|ifid_alusrc2[21] ; clk          ; clk         ; 20.000       ; -0.420     ; 15.099     ;
; 4.504 ; core_ctl:u_core_ctl|ifid_alusrc2[0]                                                                                                                                                    ; core_ctl:u_core_ctl|exe_nextpc[12]   ; clk          ; clk         ; 20.000       ; -0.075     ; 15.443     ;
+-------+----------------------------------------------------------------------------------------------------------------------------------------------------------------------------------------+--------------------------------------+--------------+-------------+--------------+------------+------------+


+-----------------------------------------------------------------------------------------------------------------------------------------------------------------------------------------------------------------------------------------------------------------------------------------------------------------------------------------------------------------------+
; Slow 1200mV 0C Model Hold: 'clk'                                                                                                                                                                                                                                                                                                                                      ;
+-------+------------------------------------------------------------------------------------------------+----------------------------------------------------------------------------------------------------------------------------------------------------------------------------------------+--------------+-------------+--------------+------------+------------+
; Slack ; From Node                                                                                      ; To Node                                                                                                                                                                                ; Launch Clock ; Latch Clock ; Relationship ; Clock Skew ; Data Delay ;
+-------+------------------------------------------------------------------------------------------------+----------------------------------------------------------------------------------------------------------------------------------------------------------------------------------------+--------------+-------------+--------------+------------+------------+
; 0.400 ; core_ctl:u_core_ctl|if_pc[29]                                                                  ; core_ctl:u_core_ctl|if_pc[29]                                                                                                                                                          ; clk          ; clk         ; 0.000        ; 0.074      ; 0.669      ;
; 0.400 ; core_ctl:u_core_ctl|if_pc[22]                                                                  ; core_ctl:u_core_ctl|if_pc[22]                                                                                                                                                          ; clk          ; clk         ; 0.000        ; 0.074      ; 0.669      ;
; 0.400 ; core_ctl:u_core_ctl|if_pc[20]                                                                  ; core_ctl:u_core_ctl|if_pc[20]                                                                                                                                                          ; clk          ; clk         ; 0.000        ; 0.074      ; 0.669      ;
; 0.400 ; core_ctl:u_core_ctl|if_pc[18]                                                                  ; core_ctl:u_core_ctl|if_pc[18]                                                                                                                                                          ; clk          ; clk         ; 0.000        ; 0.074      ; 0.669      ;
; 0.400 ; core_ctl:u_core_ctl|if_pc[1]                                                                   ; core_ctl:u_core_ctl|if_pc[1]                                                                                                                                                           ; clk          ; clk         ; 0.000        ; 0.074      ; 0.669      ;
; 0.400 ; core_ctl:u_core_ctl|if_pc[16]                                                                  ; core_ctl:u_core_ctl|if_pc[16]                                                                                                                                                          ; clk          ; clk         ; 0.000        ; 0.074      ; 0.669      ;
; 0.400 ; core_ctl:u_core_ctl|if_pc[10]                                                                  ; core_ctl:u_core_ctl|if_pc[10]                                                                                                                                                          ; clk          ; clk         ; 0.000        ; 0.074      ; 0.669      ;
; 0.400 ; core_ctl:u_core_ctl|if_pc[2]                                                                   ; core_ctl:u_core_ctl|if_pc[2]                                                                                                                                                           ; clk          ; clk         ; 0.000        ; 0.074      ; 0.669      ;
; 0.401 ; rst_debounced                                                                                  ; rst_debounced                                                                                                                                                                          ; clk          ; clk         ; 0.000        ; 0.073      ; 0.669      ;
; 0.401 ; core_ctl:u_core_ctl|core_perips:u_core_perips|axil_uart:u_axil_uart|tx_out                     ; core_ctl:u_core_ctl|core_perips:u_core_perips|axil_uart:u_axil_uart|tx_out                                                                                                             ; clk          ; clk         ; 0.000        ; 0.073      ; 0.669      ;
; 0.401 ; core_ctl:u_core_ctl|core_perips:u_core_perips|axil_uart:u_axil_uart|rx_valid                   ; core_ctl:u_core_ctl|core_perips:u_core_perips|axil_uart:u_axil_uart|rx_valid                                                                                                           ; clk          ; clk         ; 0.000        ; 0.073      ; 0.669      ;
; 0.401 ; core_ctl:u_core_ctl|core_perips:u_core_perips|axil_uart:u_axil_uart|tx_state.TX_IDLE           ; core_ctl:u_core_ctl|core_perips:u_core_perips|axil_uart:u_axil_uart|tx_state.TX_IDLE                                                                                                   ; clk          ; clk         ; 0.000        ; 0.073      ; 0.669      ;
; 0.401 ; core_ctl:u_core_ctl|core_perips:u_core_perips|axil_uart:u_axil_uart|tx_state.TX_DATA           ; core_ctl:u_core_ctl|core_perips:u_core_perips|axil_uart:u_axil_uart|tx_state.TX_DATA                                                                                                   ; clk          ; clk         ; 0.000        ; 0.073      ; 0.669      ;
; 0.401 ; core_ctl:u_core_ctl|core_perips:u_core_perips|axil_uart:u_axil_uart|tx_state.TX_STOP           ; core_ctl:u_core_ctl|core_perips:u_core_perips|axil_uart:u_axil_uart|tx_state.TX_STOP                                                                                                   ; clk          ; clk         ; 0.000        ; 0.073      ; 0.669      ;
; 0.401 ; core_ctl:u_core_ctl|core_perips:u_core_perips|axil_uart:u_axil_uart|tx_state.TX_START          ; core_ctl:u_core_ctl|core_perips:u_core_perips|axil_uart:u_axil_uart|tx_state.TX_START                                                                                                  ; clk          ; clk         ; 0.000        ; 0.073      ; 0.669      ;
; 0.401 ; core_ctl:u_core_ctl|core_perips:u_core_perips|axil_uart:u_axil_uart|tx_bit_count[2]            ; core_ctl:u_core_ctl|core_perips:u_core_perips|axil_uart:u_axil_uart|tx_bit_count[2]                                                                                                    ; clk          ; clk         ; 0.000        ; 0.073      ; 0.669      ;
; 0.401 ; core_ctl:u_core_ctl|core_perips:u_core_perips|axil_uart:u_axil_uart|tx_bit_count[1]            ; core_ctl:u_core_ctl|core_perips:u_core_perips|axil_uart:u_axil_uart|tx_bit_count[1]                                                                                                    ; clk          ; clk         ; 0.000        ; 0.073      ; 0.669      ;
; 0.401 ; core_ctl:u_core_ctl|core_perips:u_core_perips|axil_uart:u_axil_uart|tx_bit_count[3]            ; core_ctl:u_core_ctl|core_perips:u_core_perips|axil_uart:u_axil_uart|tx_bit_count[3]                                                                                                    ; clk          ; clk         ; 0.000        ; 0.073      ; 0.669      ;
; 0.401 ; core_ctl:u_core_ctl|core_perips:u_core_perips|axil_uart:u_axil_uart|tx_empty                   ; core_ctl:u_core_ctl|core_perips:u_core_perips|axil_uart:u_axil_uart|tx_empty                                                                                                           ; clk          ; clk         ; 0.000        ; 0.073      ; 0.669      ;
; 0.401 ; core_ctl:u_core_ctl|core_perips:u_core_perips|axil_uart:u_axil_uart|rx_bit_count[1]            ; core_ctl:u_core_ctl|core_perips:u_core_perips|axil_uart:u_axil_uart|rx_bit_count[1]                                                                                                    ; clk          ; clk         ; 0.000        ; 0.073      ; 0.669      ;
; 0.401 ; core_ctl:u_core_ctl|core_perips:u_core_perips|axil_uart:u_axil_uart|rx_bit_count[2]            ; core_ctl:u_core_ctl|core_perips:u_core_perips|axil_uart:u_axil_uart|rx_bit_count[2]                                                                                                    ; clk          ; clk         ; 0.000        ; 0.073      ; 0.669      ;
; 0.401 ; core_ctl:u_core_ctl|core_perips:u_core_perips|axil_uart:u_axil_uart|rx_bit_count[3]            ; core_ctl:u_core_ctl|core_perips:u_core_perips|axil_uart:u_axil_uart|rx_bit_count[3]                                                                                                    ; clk          ; clk         ; 0.000        ; 0.073      ; 0.669      ;
; 0.401 ; core_ctl:u_core_ctl|core_perips:u_core_perips|axil_uart:u_axil_uart|rx_sample_count[1]         ; core_ctl:u_core_ctl|core_perips:u_core_perips|axil_uart:u_axil_uart|rx_sample_count[1]                                                                                                 ; clk          ; clk         ; 0.000        ; 0.073      ; 0.669      ;
; 0.401 ; core_ctl:u_core_ctl|core_perips:u_core_perips|axil_uart:u_axil_uart|rx_sample_count[3]         ; core_ctl:u_core_ctl|core_perips:u_core_perips|axil_uart:u_axil_uart|rx_sample_count[3]                                                                                                 ; clk          ; clk         ; 0.000        ; 0.073      ; 0.669      ;
; 0.401 ; core_ctl:u_core_ctl|core_perips:u_core_perips|axil_uart:u_axil_uart|rx_sample_count[2]         ; core_ctl:u_core_ctl|core_perips:u_core_perips|axil_uart:u_axil_uart|rx_sample_count[2]                                                                                                 ; clk          ; clk         ; 0.000        ; 0.073      ; 0.669      ;
; 0.401 ; core_ctl:u_core_ctl|core_perips:u_core_perips|axil_uart:u_axil_uart|write_addr_pending         ; core_ctl:u_core_ctl|core_perips:u_core_perips|axil_uart:u_axil_uart|write_addr_pending                                                                                                 ; clk          ; clk         ; 0.000        ; 0.073      ; 0.669      ;
; 0.401 ; core_ctl:u_core_ctl|core_perips:u_core_perips|axil_uart:u_axil_uart|s_axil_bvalid_reg          ; core_ctl:u_core_ctl|core_perips:u_core_perips|axil_uart:u_axil_uart|s_axil_bvalid_reg                                                                                                  ; clk          ; clk         ; 0.000        ; 0.073      ; 0.669      ;
; 0.401 ; core_ctl:u_core_ctl|core_perips:u_core_perips|axil_master:u_axil_master|m_axil_bready          ; core_ctl:u_core_ctl|core_perips:u_core_perips|axil_master:u_axil_master|m_axil_bready                                                                                                  ; clk          ; clk         ; 0.000        ; 0.073      ; 0.669      ;
; 0.401 ; core_ctl:u_core_ctl|core_perips:u_core_perips|axil_gpio:u_axil_gpio|s_axil_bvalid_reg          ; core_ctl:u_core_ctl|core_perips:u_core_perips|axil_gpio:u_axil_gpio|s_axil_bvalid_reg                                                                                                  ; clk          ; clk         ; 0.000        ; 0.073      ; 0.669      ;
; 0.401 ; core_ctl:u_core_ctl|core_perips:u_core_perips|axil_gpio:u_axil_gpio|axi_awready_flag           ; core_ctl:u_core_ctl|core_perips:u_core_perips|axil_gpio:u_axil_gpio|axi_awready_flag                                                                                                   ; clk          ; clk         ; 0.000        ; 0.073      ; 0.669      ;
; 0.401 ; core_ctl:u_core_ctl|core_perips:u_core_perips|axil_master:u_axil_master|m_axil_awvalid         ; core_ctl:u_core_ctl|core_perips:u_core_perips|axil_master:u_axil_master|m_axil_awvalid                                                                                                 ; clk          ; clk         ; 0.000        ; 0.073      ; 0.669      ;
; 0.401 ; core_ctl:u_core_ctl|core_perips:u_core_perips|axil_master:u_axil_master|m_axil_wstrb[1]        ; core_ctl:u_core_ctl|core_perips:u_core_perips|axil_master:u_axil_master|m_axil_wstrb[1]                                                                                                ; clk          ; clk         ; 0.000        ; 0.073      ; 0.669      ;
; 0.401 ; core_ctl:u_core_ctl|perips_pending                                                             ; core_ctl:u_core_ctl|perips_pending                                                                                                                                                     ; clk          ; clk         ; 0.000        ; 0.073      ; 0.669      ;
; 0.401 ; core_ctl:u_core_ctl|if_pc[15]                                                                  ; core_ctl:u_core_ctl|if_pc[15]                                                                                                                                                          ; clk          ; clk         ; 0.000        ; 0.073      ; 0.669      ;
; 0.401 ; core_ctl:u_core_ctl|if_pc[0]                                                                   ; core_ctl:u_core_ctl|if_pc[0]                                                                                                                                                           ; clk          ; clk         ; 0.000        ; 0.073      ; 0.669      ;
; 0.401 ; core_ctl:u_core_ctl|if_pc[27]                                                                  ; core_ctl:u_core_ctl|if_pc[27]                                                                                                                                                          ; clk          ; clk         ; 0.000        ; 0.073      ; 0.669      ;
; 0.401 ; core_ctl:u_core_ctl|if_pc[28]                                                                  ; core_ctl:u_core_ctl|if_pc[28]                                                                                                                                                          ; clk          ; clk         ; 0.000        ; 0.073      ; 0.669      ;
; 0.401 ; core_ctl:u_core_ctl|if_pc[25]                                                                  ; core_ctl:u_core_ctl|if_pc[25]                                                                                                                                                          ; clk          ; clk         ; 0.000        ; 0.073      ; 0.669      ;
; 0.401 ; core_ctl:u_core_ctl|if_pc[24]                                                                  ; core_ctl:u_core_ctl|if_pc[24]                                                                                                                                                          ; clk          ; clk         ; 0.000        ; 0.073      ; 0.669      ;
; 0.401 ; core_ctl:u_core_ctl|if_pc[23]                                                                  ; core_ctl:u_core_ctl|if_pc[23]                                                                                                                                                          ; clk          ; clk         ; 0.000        ; 0.073      ; 0.669      ;
; 0.401 ; core_ctl:u_core_ctl|if_pc[21]                                                                  ; core_ctl:u_core_ctl|if_pc[21]                                                                                                                                                          ; clk          ; clk         ; 0.000        ; 0.073      ; 0.669      ;
; 0.401 ; core_ctl:u_core_ctl|if_pc[19]                                                                  ; core_ctl:u_core_ctl|if_pc[19]                                                                                                                                                          ; clk          ; clk         ; 0.000        ; 0.073      ; 0.669      ;
; 0.401 ; core_ctl:u_core_ctl|if_pc[17]                                                                  ; core_ctl:u_core_ctl|if_pc[17]                                                                                                                                                          ; clk          ; clk         ; 0.000        ; 0.073      ; 0.669      ;
; 0.401 ; core_ctl:u_core_ctl|if_pc[14]                                                                  ; core_ctl:u_core_ctl|if_pc[14]                                                                                                                                                          ; clk          ; clk         ; 0.000        ; 0.073      ; 0.669      ;
; 0.401 ; core_ctl:u_core_ctl|if_pc[13]                                                                  ; core_ctl:u_core_ctl|if_pc[13]                                                                                                                                                          ; clk          ; clk         ; 0.000        ; 0.073      ; 0.669      ;
; 0.401 ; core_ctl:u_core_ctl|if_pc[12]                                                                  ; core_ctl:u_core_ctl|if_pc[12]                                                                                                                                                          ; clk          ; clk         ; 0.000        ; 0.073      ; 0.669      ;
; 0.402 ; core_ctl:u_core_ctl|core_perips:u_core_perips|axil_uart:u_axil_uart|tx_shift_reg[7]            ; core_ctl:u_core_ctl|core_perips:u_core_perips|axil_uart:u_axil_uart|tx_shift_reg[7]                                                                                                    ; clk          ; clk         ; 0.000        ; 0.072      ; 0.669      ;
; 0.402 ; core_ctl:u_core_ctl|core_perips:u_core_perips|axil_uart:u_axil_uart|tx_busy                    ; core_ctl:u_core_ctl|core_perips:u_core_perips|axil_uart:u_axil_uart|tx_busy                                                                                                            ; clk          ; clk         ; 0.000        ; 0.072      ; 0.669      ;
; 0.402 ; core_ctl:u_core_ctl|core_perips:u_core_perips|axil_uart:u_axil_uart|tx_sample_count[3]         ; core_ctl:u_core_ctl|core_perips:u_core_perips|axil_uart:u_axil_uart|tx_sample_count[3]                                                                                                 ; clk          ; clk         ; 0.000        ; 0.072      ; 0.669      ;
; 0.402 ; core_ctl:u_core_ctl|core_perips:u_core_perips|axil_uart:u_axil_uart|tx_sample_count[1]         ; core_ctl:u_core_ctl|core_perips:u_core_perips|axil_uart:u_axil_uart|tx_sample_count[1]                                                                                                 ; clk          ; clk         ; 0.000        ; 0.072      ; 0.669      ;
; 0.402 ; core_ctl:u_core_ctl|core_perips:u_core_perips|axil_uart:u_axil_uart|tx_sample_count[2]         ; core_ctl:u_core_ctl|core_perips:u_core_perips|axil_uart:u_axil_uart|tx_sample_count[2]                                                                                                 ; clk          ; clk         ; 0.000        ; 0.072      ; 0.669      ;
; 0.402 ; core_ctl:u_core_ctl|core_perips:u_core_perips|axil_uart:u_axil_uart|rx_state.RX_START          ; core_ctl:u_core_ctl|core_perips:u_core_perips|axil_uart:u_axil_uart|rx_state.RX_START                                                                                                  ; clk          ; clk         ; 0.000        ; 0.072      ; 0.669      ;
; 0.402 ; core_ctl:u_core_ctl|core_perips:u_core_perips|axil_uart:u_axil_uart|rx_state.RX_STOP           ; core_ctl:u_core_ctl|core_perips:u_core_perips|axil_uart:u_axil_uart|rx_state.RX_STOP                                                                                                   ; clk          ; clk         ; 0.000        ; 0.072      ; 0.669      ;
; 0.402 ; core_ctl:u_core_ctl|core_perips:u_core_perips|axil_uart:u_axil_uart|rx_error                   ; core_ctl:u_core_ctl|core_perips:u_core_perips|axil_uart:u_axil_uart|rx_error                                                                                                           ; clk          ; clk         ; 0.000        ; 0.072      ; 0.669      ;
; 0.402 ; core_ctl:u_core_ctl|core_perips:u_core_perips|axil_master:u_axil_master|state.STATE_IDLE       ; core_ctl:u_core_ctl|core_perips:u_core_perips|axil_master:u_axil_master|state.STATE_IDLE                                                                                               ; clk          ; clk         ; 0.000        ; 0.072      ; 0.669      ;
; 0.402 ; core_ctl:u_core_ctl|core_perips:u_core_perips|axil_master:u_axil_master|state.STATE_WRITE_RESP ; core_ctl:u_core_ctl|core_perips:u_core_perips|axil_master:u_axil_master|state.STATE_WRITE_RESP                                                                                         ; clk          ; clk         ; 0.000        ; 0.072      ; 0.669      ;
; 0.402 ; core_ctl:u_core_ctl|core_perips:u_core_perips|axil_master:u_axil_master|state.STATE_READ_DATA  ; core_ctl:u_core_ctl|core_perips:u_core_perips|axil_master:u_axil_master|state.STATE_READ_DATA                                                                                          ; clk          ; clk         ; 0.000        ; 0.072      ; 0.669      ;
; 0.402 ; core_ctl:u_core_ctl|core_perips:u_core_perips|axil_master:u_axil_master|m_axil_rready          ; core_ctl:u_core_ctl|core_perips:u_core_perips|axil_master:u_axil_master|m_axil_rready                                                                                                  ; clk          ; clk         ; 0.000        ; 0.072      ; 0.669      ;
; 0.402 ; core_ctl:u_core_ctl|core_perips:u_core_perips|axil_master:u_axil_master|m_axil_arvalid         ; core_ctl:u_core_ctl|core_perips:u_core_perips|axil_master:u_axil_master|m_axil_arvalid                                                                                                 ; clk          ; clk         ; 0.000        ; 0.072      ; 0.669      ;
; 0.402 ; core_ctl:u_core_ctl|perips_token                                                               ; core_ctl:u_core_ctl|perips_token                                                                                                                                                       ; clk          ; clk         ; 0.000        ; 0.072      ; 0.669      ;
; 0.402 ; core_ctl:u_core_ctl|exe_token                                                                  ; core_ctl:u_core_ctl|exe_token                                                                                                                                                          ; clk          ; clk         ; 0.000        ; 0.072      ; 0.669      ;
; 0.402 ; core_ctl:u_core_ctl|ifid_token                                                                 ; core_ctl:u_core_ctl|ifid_token                                                                                                                                                         ; clk          ; clk         ; 0.000        ; 0.072      ; 0.669      ;
; 0.402 ; core_ctl:u_core_ctl|wb_token                                                                   ; core_ctl:u_core_ctl|wb_token                                                                                                                                                           ; clk          ; clk         ; 0.000        ; 0.072      ; 0.669      ;
; 0.402 ; core_ctl:u_core_ctl|wb_pending                                                                 ; core_ctl:u_core_ctl|wb_pending                                                                                                                                                         ; clk          ; clk         ; 0.000        ; 0.072      ; 0.669      ;
; 0.402 ; core_ctl:u_core_ctl|if_token                                                                   ; core_ctl:u_core_ctl|if_token                                                                                                                                                           ; clk          ; clk         ; 0.000        ; 0.072      ; 0.669      ;
; 0.402 ; core_ctl:u_core_ctl|if_pc[31]                                                                  ; core_ctl:u_core_ctl|if_pc[31]                                                                                                                                                          ; clk          ; clk         ; 0.000        ; 0.072      ; 0.669      ;
; 0.402 ; core_ctl:u_core_ctl|if_pc[30]                                                                  ; core_ctl:u_core_ctl|if_pc[30]                                                                                                                                                          ; clk          ; clk         ; 0.000        ; 0.072      ; 0.669      ;
; 0.402 ; core_ctl:u_core_ctl|if_pc[26]                                                                  ; core_ctl:u_core_ctl|if_pc[26]                                                                                                                                                          ; clk          ; clk         ; 0.000        ; 0.072      ; 0.669      ;
; 0.402 ; core_ctl:u_core_ctl|if_pc[9]                                                                   ; core_ctl:u_core_ctl|if_pc[9]                                                                                                                                                           ; clk          ; clk         ; 0.000        ; 0.072      ; 0.669      ;
; 0.402 ; core_ctl:u_core_ctl|if_pc[8]                                                                   ; core_ctl:u_core_ctl|if_pc[8]                                                                                                                                                           ; clk          ; clk         ; 0.000        ; 0.072      ; 0.669      ;
; 0.402 ; core_ctl:u_core_ctl|if_pc[7]                                                                   ; core_ctl:u_core_ctl|if_pc[7]                                                                                                                                                           ; clk          ; clk         ; 0.000        ; 0.072      ; 0.669      ;
; 0.402 ; core_ctl:u_core_ctl|if_pc[6]                                                                   ; core_ctl:u_core_ctl|if_pc[6]                                                                                                                                                           ; clk          ; clk         ; 0.000        ; 0.072      ; 0.669      ;
; 0.402 ; core_ctl:u_core_ctl|if_pc[5]                                                                   ; core_ctl:u_core_ctl|if_pc[5]                                                                                                                                                           ; clk          ; clk         ; 0.000        ; 0.072      ; 0.669      ;
; 0.402 ; core_ctl:u_core_ctl|if_pc[4]                                                                   ; core_ctl:u_core_ctl|if_pc[4]                                                                                                                                                           ; clk          ; clk         ; 0.000        ; 0.072      ; 0.669      ;
; 0.402 ; core_ctl:u_core_ctl|if_pc[3]                                                                   ; core_ctl:u_core_ctl|if_pc[3]                                                                                                                                                           ; clk          ; clk         ; 0.000        ; 0.072      ; 0.669      ;
; 0.402 ; core_ctl:u_core_ctl|if_pc[11]                                                                  ; core_ctl:u_core_ctl|if_pc[11]                                                                                                                                                          ; clk          ; clk         ; 0.000        ; 0.072      ; 0.669      ;
; 0.402 ; core_ctl:u_core_ctl|regfile_csr:u_regfile_csr|csr[0][7]                                        ; core_ctl:u_core_ctl|regfile_csr:u_regfile_csr|csr[0][7]                                                                                                                                ; clk          ; clk         ; 0.000        ; 0.072      ; 0.669      ;
; 0.402 ; core_ctl:u_core_ctl|regfile_csr:u_regfile_csr|csr[0][3]                                        ; core_ctl:u_core_ctl|regfile_csr:u_regfile_csr|csr[0][3]                                                                                                                                ; clk          ; clk         ; 0.000        ; 0.072      ; 0.669      ;
; 0.402 ; core_ctl:u_core_ctl|core_perips:u_core_perips|axil_gpio:u_axil_gpio|s_axil_rvalid_reg          ; core_ctl:u_core_ctl|core_perips:u_core_perips|axil_gpio:u_axil_gpio|s_axil_rvalid_reg                                                                                                  ; clk          ; clk         ; 0.000        ; 0.072      ; 0.669      ;
; 0.416 ; core_ctl:u_core_ctl|core_perips:u_core_perips|axil_uart:u_axil_uart|tx_bit_count[0]            ; core_ctl:u_core_ctl|core_perips:u_core_perips|axil_uart:u_axil_uart|tx_bit_count[0]                                                                                                    ; clk          ; clk         ; 0.000        ; 0.073      ; 0.684      ;
; 0.416 ; core_ctl:u_core_ctl|core_perips:u_core_perips|axil_uart:u_axil_uart|rx_bit_count[0]            ; core_ctl:u_core_ctl|core_perips:u_core_perips|axil_uart:u_axil_uart|rx_bit_count[0]                                                                                                    ; clk          ; clk         ; 0.000        ; 0.073      ; 0.684      ;
; 0.416 ; core_ctl:u_core_ctl|core_perips:u_core_perips|axil_uart:u_axil_uart|rx_sample_count[0]         ; core_ctl:u_core_ctl|core_perips:u_core_perips|axil_uart:u_axil_uart|rx_sample_count[0]                                                                                                 ; clk          ; clk         ; 0.000        ; 0.073      ; 0.684      ;
; 0.417 ; core_ctl:u_core_ctl|core_perips:u_core_perips|axil_uart:u_axil_uart|tx_sample_count[0]         ; core_ctl:u_core_ctl|core_perips:u_core_perips|axil_uart:u_axil_uart|tx_sample_count[0]                                                                                                 ; clk          ; clk         ; 0.000        ; 0.072      ; 0.684      ;
; 0.426 ; core_ctl:u_core_ctl|wb_pc[11]                                                                  ; core_ctl:u_core_ctl|core_if:u_core_if|altsyncram:ins_mem_rtl_0|altsyncram_sr81:auto_generated|altsyncram:ram_block1a0|altsyncram_hr93:auto_generated|ram_block1a7~porta_address_reg0   ; clk          ; clk         ; 0.000        ; 0.420      ; 1.076      ;
; 0.448 ; core_ctl:u_core_ctl|wb_pc[2]                                                                   ; core_ctl:u_core_ctl|core_if:u_core_if|altsyncram:ins_mem_rtl_0|altsyncram_sr81:auto_generated|altsyncram:ram_block1a0|altsyncram_hr93:auto_generated|ram_block1a103~porta_address_reg0 ; clk          ; clk         ; 0.000        ; 0.418      ; 1.096      ;
; 0.453 ; core_ctl:u_core_ctl|core_perips:u_core_perips|axil_uart:u_axil_uart|rx_sample_count[1]         ; core_ctl:u_core_ctl|core_perips:u_core_perips|axil_uart:u_axil_uart|rx_sample_count[2]                                                                                                 ; clk          ; clk         ; 0.000        ; 0.073      ; 0.721      ;
; 0.454 ; core_ctl:u_core_ctl|core_perips:u_core_perips|axil_uart:u_axil_uart|rx_bit_count[1]            ; core_ctl:u_core_ctl|core_perips:u_core_perips|axil_uart:u_axil_uart|rx_bit_count[2]                                                                                                    ; clk          ; clk         ; 0.000        ; 0.073      ; 0.722      ;
; 0.456 ; core_ctl:u_core_ctl|wb_pc[8]                                                                   ; core_ctl:u_core_ctl|core_if:u_core_if|altsyncram:ins_mem_rtl_0|altsyncram_sr81:auto_generated|altsyncram:ram_block1a0|altsyncram_hr93:auto_generated|ram_block1a7~porta_address_reg0   ; clk          ; clk         ; 0.000        ; 0.425      ; 1.111      ;
; 0.463 ; core_ctl:u_core_ctl|core_perips:u_core_perips|axil_uart:u_axil_uart|tx_bit_count[0]            ; core_ctl:u_core_ctl|core_perips:u_core_perips|axil_uart:u_axil_uart|tx_bit_count[1]                                                                                                    ; clk          ; clk         ; 0.000        ; 0.073      ; 0.731      ;
; 0.465 ; core_ctl:u_core_ctl|core_perips:u_core_perips|axil_uart:u_axil_uart|tx_sample_count[0]         ; core_ctl:u_core_ctl|core_perips:u_core_perips|axil_uart:u_axil_uart|tx_sample_count[2]                                                                                                 ; clk          ; clk         ; 0.000        ; 0.072      ; 0.732      ;
; 0.466 ; core_ctl:u_core_ctl|core_perips:u_core_perips|axil_uart:u_axil_uart|rx_bit_count[0]            ; core_ctl:u_core_ctl|core_perips:u_core_perips|axil_uart:u_axil_uart|rx_bit_count[1]                                                                                                    ; clk          ; clk         ; 0.000        ; 0.073      ; 0.734      ;
; 0.468 ; core_ctl:u_core_ctl|exe_csr[2]                                                                 ; core_ctl:u_core_ctl|perips_csr[2]                                                                                                                                                      ; clk          ; clk         ; 0.000        ; 0.074      ; 0.737      ;
; 0.469 ; core_ctl:u_core_ctl|exe_csr[17]                                                                ; core_ctl:u_core_ctl|perips_csr[17]                                                                                                                                                     ; clk          ; clk         ; 0.000        ; 0.073      ; 0.737      ;
; 0.469 ; core_ctl:u_core_ctl|core_perips:u_core_perips|axil_uart:u_axil_uart|write_data_reg[6]          ; core_ctl:u_core_ctl|core_perips:u_core_perips|axil_uart:u_axil_uart|tx_data[6]                                                                                                         ; clk          ; clk         ; 0.000        ; 0.072      ; 0.736      ;
; 0.469 ; core_ctl:u_core_ctl|wb_pc[15]                                                                  ; core_ctl:u_core_ctl|if_pc[15]                                                                                                                                                          ; clk          ; clk         ; 0.000        ; 0.073      ; 0.737      ;
; 0.470 ; core_ctl:u_core_ctl|exe_csr[18]                                                                ; core_ctl:u_core_ctl|perips_csr[18]                                                                                                                                                     ; clk          ; clk         ; 0.000        ; 0.073      ; 0.738      ;
; 0.470 ; core_ctl:u_core_ctl|exe_csr[4]                                                                 ; core_ctl:u_core_ctl|perips_csr[4]                                                                                                                                                      ; clk          ; clk         ; 0.000        ; 0.074      ; 0.739      ;
; 0.470 ; core_ctl:u_core_ctl|exe_csr[25]                                                                ; core_ctl:u_core_ctl|perips_csr[25]                                                                                                                                                     ; clk          ; clk         ; 0.000        ; 0.073      ; 0.738      ;
; 0.470 ; core_ctl:u_core_ctl|exe_csr[6]                                                                 ; core_ctl:u_core_ctl|perips_csr[6]                                                                                                                                                      ; clk          ; clk         ; 0.000        ; 0.073      ; 0.738      ;
; 0.470 ; core_ctl:u_core_ctl|core_perips:u_core_perips|clint_busy_r                                     ; core_ctl:u_core_ctl|core_perips:u_core_perips|clint_done_r                                                                                                                             ; clk          ; clk         ; 0.000        ; 0.073      ; 0.738      ;
+-------+------------------------------------------------------------------------------------------------+----------------------------------------------------------------------------------------------------------------------------------------------------------------------------------------+--------------+-------------+--------------+------------+------------+


+-----------------------------------------------------------------------------------------------------------------------------------------+
; Slow 1200mV 0C Model Recovery: 'clk'                                                                                                    ;
+--------+---------------+------------------------------------------+--------------+-------------+--------------+------------+------------+
; Slack  ; From Node     ; To Node                                  ; Launch Clock ; Latch Clock ; Relationship ; Clock Skew ; Data Delay ;
+--------+---------------+------------------------------------------+--------------+-------------+--------------+------------+------------+
; 16.543 ; rst_debounced ; core_ctl:u_core_ctl|ifid_ctl_alufunc[3]  ; clk          ; clk         ; 20.000       ; -0.065     ; 3.414      ;
; 16.543 ; rst_debounced ; core_ctl:u_core_ctl|ifid_ctl_alufunc[1]  ; clk          ; clk         ; 20.000       ; -0.066     ; 3.413      ;
; 16.543 ; rst_debounced ; core_ctl:u_core_ctl|ifid_ctl_alufunc[2]  ; clk          ; clk         ; 20.000       ; -0.066     ; 3.413      ;
; 16.543 ; rst_debounced ; core_ctl:u_core_ctl|ifid_alusrc1[6]      ; clk          ; clk         ; 20.000       ; -0.064     ; 3.415      ;
; 16.543 ; rst_debounced ; core_ctl:u_core_ctl|ifid_alusrc1[29]     ; clk          ; clk         ; 20.000       ; -0.065     ; 3.414      ;
; 16.543 ; rst_debounced ; core_ctl:u_core_ctl|ifid_alusrc1[8]      ; clk          ; clk         ; 20.000       ; -0.064     ; 3.415      ;
; 16.543 ; rst_debounced ; core_ctl:u_core_ctl|ifid_alusrc1[4]      ; clk          ; clk         ; 20.000       ; -0.064     ; 3.415      ;
; 16.543 ; rst_debounced ; core_ctl:u_core_ctl|ifid_alusrc1[10]     ; clk          ; clk         ; 20.000       ; -0.065     ; 3.414      ;
; 16.543 ; rst_debounced ; core_ctl:u_core_ctl|ifid_alusrc1[3]      ; clk          ; clk         ; 20.000       ; -0.064     ; 3.415      ;
; 16.543 ; rst_debounced ; core_ctl:u_core_ctl|ifid_alusrc1[30]     ; clk          ; clk         ; 20.000       ; -0.065     ; 3.414      ;
; 16.543 ; rst_debounced ; core_ctl:u_core_ctl|ifid_alusrc1[5]      ; clk          ; clk         ; 20.000       ; -0.064     ; 3.415      ;
; 16.543 ; rst_debounced ; core_ctl:u_core_ctl|ifid_alusrc1[13]     ; clk          ; clk         ; 20.000       ; -0.064     ; 3.415      ;
; 16.543 ; rst_debounced ; core_ctl:u_core_ctl|ifid_alusrc1[19]     ; clk          ; clk         ; 20.000       ; -0.063     ; 3.416      ;
; 16.543 ; rst_debounced ; core_ctl:u_core_ctl|ifid_alusrc1[12]     ; clk          ; clk         ; 20.000       ; -0.064     ; 3.415      ;
; 16.543 ; rst_debounced ; core_ctl:u_core_ctl|ifid_alusrc1[16]     ; clk          ; clk         ; 20.000       ; -0.063     ; 3.416      ;
; 16.543 ; rst_debounced ; core_ctl:u_core_ctl|ifid_alusrc1[17]     ; clk          ; clk         ; 20.000       ; -0.063     ; 3.416      ;
; 16.543 ; rst_debounced ; core_ctl:u_core_ctl|ifid_alusrc1[15]     ; clk          ; clk         ; 20.000       ; -0.064     ; 3.415      ;
; 16.543 ; rst_debounced ; core_ctl:u_core_ctl|ifid_alusrc1[7]      ; clk          ; clk         ; 20.000       ; -0.064     ; 3.415      ;
; 16.543 ; rst_debounced ; core_ctl:u_core_ctl|ifid_alusrc1[9]      ; clk          ; clk         ; 20.000       ; -0.064     ; 3.415      ;
; 16.543 ; rst_debounced ; core_ctl:u_core_ctl|ifid_alusrc1[18]     ; clk          ; clk         ; 20.000       ; -0.063     ; 3.416      ;
; 16.543 ; rst_debounced ; core_ctl:u_core_ctl|ifid_alusrc1[31]     ; clk          ; clk         ; 20.000       ; -0.065     ; 3.414      ;
; 16.543 ; rst_debounced ; core_ctl:u_core_ctl|ifid_alusrc1[28]     ; clk          ; clk         ; 20.000       ; -0.065     ; 3.414      ;
; 16.543 ; rst_debounced ; core_ctl:u_core_ctl|ifid_alusrc1[11]     ; clk          ; clk         ; 20.000       ; -0.063     ; 3.416      ;
; 16.543 ; rst_debounced ; core_ctl:u_core_ctl|ifid_alusrc1[27]     ; clk          ; clk         ; 20.000       ; -0.065     ; 3.414      ;
; 16.543 ; rst_debounced ; core_ctl:u_core_ctl|ifid_alusrc1[14]     ; clk          ; clk         ; 20.000       ; -0.064     ; 3.415      ;
; 16.543 ; rst_debounced ; core_ctl:u_core_ctl|ifid_alusrc2[3]      ; clk          ; clk         ; 20.000       ; -0.065     ; 3.414      ;
; 16.543 ; rst_debounced ; core_ctl:u_core_ctl|ifid_alusrc2[2]      ; clk          ; clk         ; 20.000       ; -0.065     ; 3.414      ;
; 16.543 ; rst_debounced ; core_ctl:u_core_ctl|ifid_alusrc2[0]      ; clk          ; clk         ; 20.000       ; -0.065     ; 3.414      ;
; 16.543 ; rst_debounced ; core_ctl:u_core_ctl|ifid_alusrc2[4]      ; clk          ; clk         ; 20.000       ; -0.065     ; 3.414      ;
; 16.543 ; rst_debounced ; core_ctl:u_core_ctl|ifid_ctl_csrw        ; clk          ; clk         ; 20.000       ; -0.066     ; 3.413      ;
; 16.543 ; rst_debounced ; core_ctl:u_core_ctl|ifid_alusrc2[29]     ; clk          ; clk         ; 20.000       ; -0.070     ; 3.409      ;
; 16.543 ; rst_debounced ; core_ctl:u_core_ctl|ifid_alusrc2[15]     ; clk          ; clk         ; 20.000       ; -0.064     ; 3.415      ;
; 16.543 ; rst_debounced ; core_ctl:u_core_ctl|ifid_alusrc2[23]     ; clk          ; clk         ; 20.000       ; -0.066     ; 3.413      ;
; 16.543 ; rst_debounced ; core_ctl:u_core_ctl|ifid_alusrc2[16]     ; clk          ; clk         ; 20.000       ; -0.066     ; 3.413      ;
; 16.543 ; rst_debounced ; core_ctl:u_core_ctl|ifid_alusrc2[18]     ; clk          ; clk         ; 20.000       ; -0.066     ; 3.413      ;
; 16.543 ; rst_debounced ; core_ctl:u_core_ctl|ifid_alusrc2[19]     ; clk          ; clk         ; 20.000       ; -0.066     ; 3.413      ;
; 16.543 ; rst_debounced ; core_ctl:u_core_ctl|ifid_alusrc2[20]     ; clk          ; clk         ; 20.000       ; -0.066     ; 3.413      ;
; 16.543 ; rst_debounced ; core_ctl:u_core_ctl|ifid_alusrc2[21]     ; clk          ; clk         ; 20.000       ; -0.066     ; 3.413      ;
; 16.543 ; rst_debounced ; core_ctl:u_core_ctl|ifid_alusrc2[25]     ; clk          ; clk         ; 20.000       ; -0.066     ; 3.413      ;
; 16.543 ; rst_debounced ; core_ctl:u_core_ctl|ifid_alusrc2[22]     ; clk          ; clk         ; 20.000       ; -0.066     ; 3.413      ;
; 16.543 ; rst_debounced ; core_ctl:u_core_ctl|ifid_alusrc2[24]     ; clk          ; clk         ; 20.000       ; -0.066     ; 3.413      ;
; 16.543 ; rst_debounced ; core_ctl:u_core_ctl|ifid_alusrc2[26]     ; clk          ; clk         ; 20.000       ; -0.070     ; 3.409      ;
; 16.543 ; rst_debounced ; core_ctl:u_core_ctl|ifid_alusrc2[17]     ; clk          ; clk         ; 20.000       ; -0.066     ; 3.413      ;
; 16.543 ; rst_debounced ; core_ctl:u_core_ctl|ifid_alusrc2[30]     ; clk          ; clk         ; 20.000       ; -0.070     ; 3.409      ;
; 16.543 ; rst_debounced ; core_ctl:u_core_ctl|ifid_alusrc2[27]     ; clk          ; clk         ; 20.000       ; -0.070     ; 3.409      ;
; 16.543 ; rst_debounced ; core_ctl:u_core_ctl|ifid_alusrc2[28]     ; clk          ; clk         ; 20.000       ; -0.070     ; 3.409      ;
; 16.543 ; rst_debounced ; core_ctl:u_core_ctl|ifid_alusrc2[13]     ; clk          ; clk         ; 20.000       ; -0.066     ; 3.413      ;
; 16.543 ; rst_debounced ; core_ctl:u_core_ctl|ifid_alusrc2[14]     ; clk          ; clk         ; 20.000       ; -0.066     ; 3.413      ;
; 16.543 ; rst_debounced ; core_ctl:u_core_ctl|ifid_alusrc2[31]     ; clk          ; clk         ; 20.000       ; -0.070     ; 3.409      ;
; 16.543 ; rst_debounced ; core_ctl:u_core_ctl|ifid_alusrc2[12]     ; clk          ; clk         ; 20.000       ; -0.064     ; 3.415      ;
; 16.543 ; rst_debounced ; core_ctl:u_core_ctl|ifid_alusrc2[5]      ; clk          ; clk         ; 20.000       ; -0.065     ; 3.414      ;
; 16.543 ; rst_debounced ; core_ctl:u_core_ctl|ifid_alusrc2[6]      ; clk          ; clk         ; 20.000       ; -0.070     ; 3.409      ;
; 16.543 ; rst_debounced ; core_ctl:u_core_ctl|ifid_alusrc2[9]      ; clk          ; clk         ; 20.000       ; -0.070     ; 3.409      ;
; 16.543 ; rst_debounced ; core_ctl:u_core_ctl|ifid_ctl_memw[0]     ; clk          ; clk         ; 20.000       ; -0.066     ; 3.413      ;
; 16.543 ; rst_debounced ; core_ctl:u_core_ctl|ifid_ctl_memw[1]     ; clk          ; clk         ; 20.000       ; -0.066     ; 3.413      ;
; 16.543 ; rst_debounced ; core_ctl:u_core_ctl|ifid_ctl_nextfunc[3] ; clk          ; clk         ; 20.000       ; -0.066     ; 3.413      ;
; 16.543 ; rst_debounced ; core_ctl:u_core_ctl|ifid_ctl_peripsen    ; clk          ; clk         ; 20.000       ; -0.070     ; 3.409      ;
; 16.543 ; rst_debounced ; core_ctl:u_core_ctl|exe_nextpc[18]       ; clk          ; clk         ; 20.000       ; -0.066     ; 3.413      ;
; 16.543 ; rst_debounced ; core_ctl:u_core_ctl|exe_nextpc[20]       ; clk          ; clk         ; 20.000       ; -0.068     ; 3.411      ;
; 16.543 ; rst_debounced ; core_ctl:u_core_ctl|exe_nextpc[25]       ; clk          ; clk         ; 20.000       ; -0.067     ; 3.412      ;
; 16.543 ; rst_debounced ; core_ctl:u_core_ctl|exe_nextpc[27]       ; clk          ; clk         ; 20.000       ; -0.066     ; 3.413      ;
; 16.543 ; rst_debounced ; core_ctl:u_core_ctl|exe_nextpc[31]       ; clk          ; clk         ; 20.000       ; -0.066     ; 3.413      ;
; 16.543 ; rst_debounced ; core_ctl:u_core_ctl|exe_nextpc[28]       ; clk          ; clk         ; 20.000       ; -0.066     ; 3.413      ;
; 16.543 ; rst_debounced ; core_ctl:u_core_ctl|exe_nextpc[24]       ; clk          ; clk         ; 20.000       ; -0.066     ; 3.413      ;
; 16.543 ; rst_debounced ; core_ctl:u_core_ctl|exe_nextpc[23]       ; clk          ; clk         ; 20.000       ; -0.069     ; 3.410      ;
; 16.543 ; rst_debounced ; core_ctl:u_core_ctl|exe_nextpc[22]       ; clk          ; clk         ; 20.000       ; -0.066     ; 3.413      ;
; 16.543 ; rst_debounced ; core_ctl:u_core_ctl|exe_nextpc[21]       ; clk          ; clk         ; 20.000       ; -0.066     ; 3.413      ;
; 16.543 ; rst_debounced ; core_ctl:u_core_ctl|exe_nextpc[19]       ; clk          ; clk         ; 20.000       ; -0.066     ; 3.413      ;
; 16.543 ; rst_debounced ; core_ctl:u_core_ctl|exe_nextpc[15]       ; clk          ; clk         ; 20.000       ; -0.065     ; 3.414      ;
; 16.543 ; rst_debounced ; core_ctl:u_core_ctl|exe_nextpc[14]       ; clk          ; clk         ; 20.000       ; -0.065     ; 3.414      ;
; 16.543 ; rst_debounced ; core_ctl:u_core_ctl|exe_nextpc[13]       ; clk          ; clk         ; 20.000       ; -0.065     ; 3.414      ;
; 16.543 ; rst_debounced ; core_ctl:u_core_ctl|exe_csraddr[0]       ; clk          ; clk         ; 20.000       ; -0.069     ; 3.410      ;
; 16.543 ; rst_debounced ; core_ctl:u_core_ctl|ifid_csr[29]         ; clk          ; clk         ; 20.000       ; -0.077     ; 3.402      ;
; 16.543 ; rst_debounced ; core_ctl:u_core_ctl|ifid_csr[28]         ; clk          ; clk         ; 20.000       ; -0.070     ; 3.409      ;
; 16.543 ; rst_debounced ; core_ctl:u_core_ctl|ifid_csr[5]          ; clk          ; clk         ; 20.000       ; -0.078     ; 3.401      ;
; 16.543 ; rst_debounced ; core_ctl:u_core_ctl|ifid_csr[23]         ; clk          ; clk         ; 20.000       ; -0.066     ; 3.413      ;
; 16.543 ; rst_debounced ; core_ctl:u_core_ctl|ifid_csr[18]         ; clk          ; clk         ; 20.000       ; -0.066     ; 3.413      ;
; 16.543 ; rst_debounced ; core_ctl:u_core_ctl|ifid_csr[20]         ; clk          ; clk         ; 20.000       ; -0.066     ; 3.413      ;
; 16.543 ; rst_debounced ; core_ctl:u_core_ctl|ifid_csr[25]         ; clk          ; clk         ; 20.000       ; -0.066     ; 3.413      ;
; 16.543 ; rst_debounced ; core_ctl:u_core_ctl|ifid_csr[17]         ; clk          ; clk         ; 20.000       ; -0.066     ; 3.413      ;
; 16.543 ; rst_debounced ; core_ctl:u_core_ctl|ifid_csr[22]         ; clk          ; clk         ; 20.000       ; -0.066     ; 3.413      ;
; 16.543 ; rst_debounced ; core_ctl:u_core_ctl|ifid_csr[21]         ; clk          ; clk         ; 20.000       ; -0.066     ; 3.413      ;
; 16.543 ; rst_debounced ; core_ctl:u_core_ctl|ifid_csr[26]         ; clk          ; clk         ; 20.000       ; -0.070     ; 3.409      ;
; 16.543 ; rst_debounced ; core_ctl:u_core_ctl|ifid_csr[19]         ; clk          ; clk         ; 20.000       ; -0.066     ; 3.413      ;
; 16.543 ; rst_debounced ; core_ctl:u_core_ctl|ifid_csr[16]         ; clk          ; clk         ; 20.000       ; -0.066     ; 3.413      ;
; 16.543 ; rst_debounced ; core_ctl:u_core_ctl|ifid_csr[30]         ; clk          ; clk         ; 20.000       ; -0.078     ; 3.401      ;
; 16.543 ; rst_debounced ; core_ctl:u_core_ctl|ifid_csr[27]         ; clk          ; clk         ; 20.000       ; -0.070     ; 3.409      ;
; 16.543 ; rst_debounced ; core_ctl:u_core_ctl|ifid_csr[14]         ; clk          ; clk         ; 20.000       ; -0.066     ; 3.413      ;
; 16.543 ; rst_debounced ; core_ctl:u_core_ctl|ifid_csr[6]          ; clk          ; clk         ; 20.000       ; -0.070     ; 3.409      ;
; 16.543 ; rst_debounced ; core_ctl:u_core_ctl|ifid_csr[31]         ; clk          ; clk         ; 20.000       ; -0.070     ; 3.409      ;
; 16.543 ; rst_debounced ; core_ctl:u_core_ctl|ifid_csr[24]         ; clk          ; clk         ; 20.000       ; -0.066     ; 3.413      ;
; 16.543 ; rst_debounced ; core_ctl:u_core_ctl|ifid_csr[8]          ; clk          ; clk         ; 20.000       ; -0.078     ; 3.401      ;
; 16.543 ; rst_debounced ; core_ctl:u_core_ctl|ifid_csr[4]          ; clk          ; clk         ; 20.000       ; -0.078     ; 3.401      ;
; 16.543 ; rst_debounced ; core_ctl:u_core_ctl|ifid_regdata2[4]     ; clk          ; clk         ; 20.000       ; -0.078     ; 3.401      ;
; 16.543 ; rst_debounced ; core_ctl:u_core_ctl|ifid_regdata2[31]    ; clk          ; clk         ; 20.000       ; -0.070     ; 3.409      ;
; 16.543 ; rst_debounced ; core_ctl:u_core_ctl|ifid_regdata2[16]    ; clk          ; clk         ; 20.000       ; -0.066     ; 3.413      ;
; 16.543 ; rst_debounced ; core_ctl:u_core_ctl|ifid_regdata2[28]    ; clk          ; clk         ; 20.000       ; -0.070     ; 3.409      ;
; 16.543 ; rst_debounced ; core_ctl:u_core_ctl|ifid_regdata2[13]    ; clk          ; clk         ; 20.000       ; -0.066     ; 3.413      ;
; 16.543 ; rst_debounced ; core_ctl:u_core_ctl|ifid_regdata2[18]    ; clk          ; clk         ; 20.000       ; -0.066     ; 3.413      ;
; 16.543 ; rst_debounced ; core_ctl:u_core_ctl|ifid_regdata2[26]    ; clk          ; clk         ; 20.000       ; -0.070     ; 3.409      ;
+--------+---------------+------------------------------------------+--------------+-------------+--------------+------------+------------+


+--------------------------------------------------------------------------------------------------------------------------------------------------------+
; Slow 1200mV 0C Model Removal: 'clk'                                                                                                                    ;
+-------+---------------+----------------------------------------------------------+--------------+-------------+--------------+------------+------------+
; Slack ; From Node     ; To Node                                                  ; Launch Clock ; Latch Clock ; Relationship ; Clock Skew ; Data Delay ;
+-------+---------------+----------------------------------------------------------+--------------+-------------+--------------+------------+------------+
; 2.826 ; rst_debounced ; core_ctl:u_core_ctl|regfile_csr:u_regfile_csr|csr[3][16] ; clk          ; clk         ; 0.000        ; 0.090      ; 3.111      ;
; 2.836 ; rst_debounced ; core_ctl:u_core_ctl|exe_upper[19]                        ; clk          ; clk         ; 0.000        ; 0.093      ; 3.124      ;
; 2.836 ; rst_debounced ; core_ctl:u_core_ctl|exe_upper[17]                        ; clk          ; clk         ; 0.000        ; 0.093      ; 3.124      ;
; 2.836 ; rst_debounced ; core_ctl:u_core_ctl|exe_pc[19]                           ; clk          ; clk         ; 0.000        ; 0.093      ; 3.124      ;
; 2.836 ; rst_debounced ; core_ctl:u_core_ctl|exe_pc[21]                           ; clk          ; clk         ; 0.000        ; 0.093      ; 3.124      ;
; 2.836 ; rst_debounced ; core_ctl:u_core_ctl|exe_pc[23]                           ; clk          ; clk         ; 0.000        ; 0.093      ; 3.124      ;
; 2.837 ; rst_debounced ; core_ctl:u_core_ctl|ifid_ctl_alufunc[3]                  ; clk          ; clk         ; 0.000        ; 0.091      ; 3.123      ;
; 2.837 ; rst_debounced ; core_ctl:u_core_ctl|ifid_ctl_alufunc[1]                  ; clk          ; clk         ; 0.000        ; 0.091      ; 3.123      ;
; 2.837 ; rst_debounced ; core_ctl:u_core_ctl|ifid_ctl_alufunc[2]                  ; clk          ; clk         ; 0.000        ; 0.091      ; 3.123      ;
; 2.837 ; rst_debounced ; core_ctl:u_core_ctl|ifid_ctl_alufunc[0]                  ; clk          ; clk         ; 0.000        ; 0.092      ; 3.124      ;
; 2.837 ; rst_debounced ; core_ctl:u_core_ctl|ifid_alusrc1[6]                      ; clk          ; clk         ; 0.000        ; 0.093      ; 3.125      ;
; 2.837 ; rst_debounced ; core_ctl:u_core_ctl|ifid_alusrc1[2]                      ; clk          ; clk         ; 0.000        ; 0.093      ; 3.125      ;
; 2.837 ; rst_debounced ; core_ctl:u_core_ctl|ifid_alusrc1[29]                     ; clk          ; clk         ; 0.000        ; 0.092      ; 3.124      ;
; 2.837 ; rst_debounced ; core_ctl:u_core_ctl|ifid_alusrc1[1]                      ; clk          ; clk         ; 0.000        ; 0.093      ; 3.125      ;
; 2.837 ; rst_debounced ; core_ctl:u_core_ctl|ifid_alusrc1[8]                      ; clk          ; clk         ; 0.000        ; 0.093      ; 3.125      ;
; 2.837 ; rst_debounced ; core_ctl:u_core_ctl|ifid_alusrc1[4]                      ; clk          ; clk         ; 0.000        ; 0.093      ; 3.125      ;
; 2.837 ; rst_debounced ; core_ctl:u_core_ctl|ifid_alusrc1[10]                     ; clk          ; clk         ; 0.000        ; 0.092      ; 3.124      ;
; 2.837 ; rst_debounced ; core_ctl:u_core_ctl|ifid_alusrc1[3]                      ; clk          ; clk         ; 0.000        ; 0.093      ; 3.125      ;
; 2.837 ; rst_debounced ; core_ctl:u_core_ctl|ifid_alusrc1[23]                     ; clk          ; clk         ; 0.000        ; 0.092      ; 3.124      ;
; 2.837 ; rst_debounced ; core_ctl:u_core_ctl|ifid_alusrc1[30]                     ; clk          ; clk         ; 0.000        ; 0.092      ; 3.124      ;
; 2.837 ; rst_debounced ; core_ctl:u_core_ctl|ifid_alusrc1[5]                      ; clk          ; clk         ; 0.000        ; 0.093      ; 3.125      ;
; 2.837 ; rst_debounced ; core_ctl:u_core_ctl|ifid_alusrc1[13]                     ; clk          ; clk         ; 0.000        ; 0.093      ; 3.125      ;
; 2.837 ; rst_debounced ; core_ctl:u_core_ctl|ifid_alusrc1[20]                     ; clk          ; clk         ; 0.000        ; 0.092      ; 3.124      ;
; 2.837 ; rst_debounced ; core_ctl:u_core_ctl|ifid_alusrc1[12]                     ; clk          ; clk         ; 0.000        ; 0.093      ; 3.125      ;
; 2.837 ; rst_debounced ; core_ctl:u_core_ctl|ifid_alusrc1[15]                     ; clk          ; clk         ; 0.000        ; 0.093      ; 3.125      ;
; 2.837 ; rst_debounced ; core_ctl:u_core_ctl|ifid_alusrc1[7]                      ; clk          ; clk         ; 0.000        ; 0.093      ; 3.125      ;
; 2.837 ; rst_debounced ; core_ctl:u_core_ctl|ifid_alusrc1[9]                      ; clk          ; clk         ; 0.000        ; 0.093      ; 3.125      ;
; 2.837 ; rst_debounced ; core_ctl:u_core_ctl|ifid_alusrc1[21]                     ; clk          ; clk         ; 0.000        ; 0.092      ; 3.124      ;
; 2.837 ; rst_debounced ; core_ctl:u_core_ctl|ifid_alusrc1[22]                     ; clk          ; clk         ; 0.000        ; 0.092      ; 3.124      ;
; 2.837 ; rst_debounced ; core_ctl:u_core_ctl|ifid_alusrc1[31]                     ; clk          ; clk         ; 0.000        ; 0.092      ; 3.124      ;
; 2.837 ; rst_debounced ; core_ctl:u_core_ctl|ifid_alusrc1[28]                     ; clk          ; clk         ; 0.000        ; 0.092      ; 3.124      ;
; 2.837 ; rst_debounced ; core_ctl:u_core_ctl|ifid_alusrc1[27]                     ; clk          ; clk         ; 0.000        ; 0.092      ; 3.124      ;
; 2.837 ; rst_debounced ; core_ctl:u_core_ctl|ifid_alusrc1[14]                     ; clk          ; clk         ; 0.000        ; 0.093      ; 3.125      ;
; 2.837 ; rst_debounced ; core_ctl:u_core_ctl|ifid_alusrc2[3]                      ; clk          ; clk         ; 0.000        ; 0.092      ; 3.124      ;
; 2.837 ; rst_debounced ; core_ctl:u_core_ctl|ifid_alusrc2[2]                      ; clk          ; clk         ; 0.000        ; 0.092      ; 3.124      ;
; 2.837 ; rst_debounced ; core_ctl:u_core_ctl|ifid_alusrc2[1]                      ; clk          ; clk         ; 0.000        ; 0.092      ; 3.124      ;
; 2.837 ; rst_debounced ; core_ctl:u_core_ctl|ifid_alusrc2[0]                      ; clk          ; clk         ; 0.000        ; 0.092      ; 3.124      ;
; 2.837 ; rst_debounced ; core_ctl:u_core_ctl|ifid_alusrc2[4]                      ; clk          ; clk         ; 0.000        ; 0.091      ; 3.123      ;
; 2.837 ; rst_debounced ; core_ctl:u_core_ctl|ifid_ctl_csrw                        ; clk          ; clk         ; 0.000        ; 0.091      ; 3.123      ;
; 2.837 ; rst_debounced ; core_ctl:u_core_ctl|ifid_alusrc2[15]                     ; clk          ; clk         ; 0.000        ; 0.093      ; 3.125      ;
; 2.837 ; rst_debounced ; core_ctl:u_core_ctl|ifid_alusrc2[23]                     ; clk          ; clk         ; 0.000        ; 0.090      ; 3.122      ;
; 2.837 ; rst_debounced ; core_ctl:u_core_ctl|ifid_alusrc2[16]                     ; clk          ; clk         ; 0.000        ; 0.091      ; 3.123      ;
; 2.837 ; rst_debounced ; core_ctl:u_core_ctl|ifid_alusrc2[18]                     ; clk          ; clk         ; 0.000        ; 0.091      ; 3.123      ;
; 2.837 ; rst_debounced ; core_ctl:u_core_ctl|ifid_alusrc2[19]                     ; clk          ; clk         ; 0.000        ; 0.091      ; 3.123      ;
; 2.837 ; rst_debounced ; core_ctl:u_core_ctl|ifid_alusrc2[20]                     ; clk          ; clk         ; 0.000        ; 0.090      ; 3.122      ;
; 2.837 ; rst_debounced ; core_ctl:u_core_ctl|ifid_alusrc2[21]                     ; clk          ; clk         ; 0.000        ; 0.090      ; 3.122      ;
; 2.837 ; rst_debounced ; core_ctl:u_core_ctl|ifid_alusrc2[25]                     ; clk          ; clk         ; 0.000        ; 0.091      ; 3.123      ;
; 2.837 ; rst_debounced ; core_ctl:u_core_ctl|ifid_alusrc2[22]                     ; clk          ; clk         ; 0.000        ; 0.090      ; 3.122      ;
; 2.837 ; rst_debounced ; core_ctl:u_core_ctl|ifid_alusrc2[24]                     ; clk          ; clk         ; 0.000        ; 0.090      ; 3.122      ;
; 2.837 ; rst_debounced ; core_ctl:u_core_ctl|ifid_alusrc2[17]                     ; clk          ; clk         ; 0.000        ; 0.090      ; 3.122      ;
; 2.837 ; rst_debounced ; core_ctl:u_core_ctl|ifid_alusrc2[13]                     ; clk          ; clk         ; 0.000        ; 0.090      ; 3.122      ;
; 2.837 ; rst_debounced ; core_ctl:u_core_ctl|ifid_alusrc2[14]                     ; clk          ; clk         ; 0.000        ; 0.090      ; 3.122      ;
; 2.837 ; rst_debounced ; core_ctl:u_core_ctl|ifid_alusrc2[12]                     ; clk          ; clk         ; 0.000        ; 0.093      ; 3.125      ;
; 2.837 ; rst_debounced ; core_ctl:u_core_ctl|ifid_alusrc2[5]                      ; clk          ; clk         ; 0.000        ; 0.091      ; 3.123      ;
; 2.837 ; rst_debounced ; core_ctl:u_core_ctl|ifid_alusrc2[7]                      ; clk          ; clk         ; 0.000        ; 0.090      ; 3.122      ;
; 2.837 ; rst_debounced ; core_ctl:u_core_ctl|ifid_alusrc2[8]                      ; clk          ; clk         ; 0.000        ; 0.090      ; 3.122      ;
; 2.837 ; rst_debounced ; core_ctl:u_core_ctl|ifid_alusrc2[10]                     ; clk          ; clk         ; 0.000        ; 0.090      ; 3.122      ;
; 2.837 ; rst_debounced ; core_ctl:u_core_ctl|ifid_alusrc2[11]                     ; clk          ; clk         ; 0.000        ; 0.090      ; 3.122      ;
; 2.837 ; rst_debounced ; core_ctl:u_core_ctl|ifid_ctl_memw[0]                     ; clk          ; clk         ; 0.000        ; 0.091      ; 3.123      ;
; 2.837 ; rst_debounced ; core_ctl:u_core_ctl|ifid_ctl_memw[1]                     ; clk          ; clk         ; 0.000        ; 0.091      ; 3.123      ;
; 2.837 ; rst_debounced ; core_ctl:u_core_ctl|ifid_ctl_nextfunc[3]                 ; clk          ; clk         ; 0.000        ; 0.091      ; 3.123      ;
; 2.837 ; rst_debounced ; core_ctl:u_core_ctl|exe_nextpc[12]                       ; clk          ; clk         ; 0.000        ; 0.090      ; 3.122      ;
; 2.837 ; rst_debounced ; core_ctl:u_core_ctl|exe_nextpc[18]                       ; clk          ; clk         ; 0.000        ; 0.091      ; 3.123      ;
; 2.837 ; rst_debounced ; core_ctl:u_core_ctl|exe_nextpc[25]                       ; clk          ; clk         ; 0.000        ; 0.090      ; 3.122      ;
; 2.837 ; rst_debounced ; core_ctl:u_core_ctl|exe_nextpc[27]                       ; clk          ; clk         ; 0.000        ; 0.091      ; 3.123      ;
; 2.837 ; rst_debounced ; core_ctl:u_core_ctl|exe_nextpc[31]                       ; clk          ; clk         ; 0.000        ; 0.091      ; 3.123      ;
; 2.837 ; rst_debounced ; core_ctl:u_core_ctl|exe_nextpc[28]                       ; clk          ; clk         ; 0.000        ; 0.091      ; 3.123      ;
; 2.837 ; rst_debounced ; core_ctl:u_core_ctl|exe_nextpc[24]                       ; clk          ; clk         ; 0.000        ; 0.091      ; 3.123      ;
; 2.837 ; rst_debounced ; core_ctl:u_core_ctl|exe_nextpc[22]                       ; clk          ; clk         ; 0.000        ; 0.091      ; 3.123      ;
; 2.837 ; rst_debounced ; core_ctl:u_core_ctl|exe_nextpc[21]                       ; clk          ; clk         ; 0.000        ; 0.091      ; 3.123      ;
; 2.837 ; rst_debounced ; core_ctl:u_core_ctl|exe_nextpc[19]                       ; clk          ; clk         ; 0.000        ; 0.091      ; 3.123      ;
; 2.837 ; rst_debounced ; core_ctl:u_core_ctl|exe_nextpc[15]                       ; clk          ; clk         ; 0.000        ; 0.092      ; 3.124      ;
; 2.837 ; rst_debounced ; core_ctl:u_core_ctl|exe_nextpc[14]                       ; clk          ; clk         ; 0.000        ; 0.092      ; 3.124      ;
; 2.837 ; rst_debounced ; core_ctl:u_core_ctl|exe_nextpc[13]                       ; clk          ; clk         ; 0.000        ; 0.092      ; 3.124      ;
; 2.837 ; rst_debounced ; core_ctl:u_core_ctl|ifid_csr[23]                         ; clk          ; clk         ; 0.000        ; 0.090      ; 3.122      ;
; 2.837 ; rst_debounced ; core_ctl:u_core_ctl|ifid_csr[7]                          ; clk          ; clk         ; 0.000        ; 0.090      ; 3.122      ;
; 2.837 ; rst_debounced ; core_ctl:u_core_ctl|ifid_csr[18]                         ; clk          ; clk         ; 0.000        ; 0.091      ; 3.123      ;
; 2.837 ; rst_debounced ; core_ctl:u_core_ctl|ifid_csr[20]                         ; clk          ; clk         ; 0.000        ; 0.090      ; 3.122      ;
; 2.837 ; rst_debounced ; core_ctl:u_core_ctl|ifid_csr[25]                         ; clk          ; clk         ; 0.000        ; 0.091      ; 3.123      ;
; 2.837 ; rst_debounced ; core_ctl:u_core_ctl|ifid_csr[17]                         ; clk          ; clk         ; 0.000        ; 0.090      ; 3.122      ;
; 2.837 ; rst_debounced ; core_ctl:u_core_ctl|ifid_csr[22]                         ; clk          ; clk         ; 0.000        ; 0.090      ; 3.122      ;
; 2.837 ; rst_debounced ; core_ctl:u_core_ctl|ifid_csr[21]                         ; clk          ; clk         ; 0.000        ; 0.090      ; 3.122      ;
; 2.837 ; rst_debounced ; core_ctl:u_core_ctl|ifid_csr[19]                         ; clk          ; clk         ; 0.000        ; 0.091      ; 3.123      ;
; 2.837 ; rst_debounced ; core_ctl:u_core_ctl|ifid_csr[16]                         ; clk          ; clk         ; 0.000        ; 0.091      ; 3.123      ;
; 2.837 ; rst_debounced ; core_ctl:u_core_ctl|ifid_csr[14]                         ; clk          ; clk         ; 0.000        ; 0.090      ; 3.122      ;
; 2.837 ; rst_debounced ; core_ctl:u_core_ctl|ifid_csr[24]                         ; clk          ; clk         ; 0.000        ; 0.090      ; 3.122      ;
; 2.837 ; rst_debounced ; core_ctl:u_core_ctl|ifid_csr[10]                         ; clk          ; clk         ; 0.000        ; 0.090      ; 3.122      ;
; 2.837 ; rst_debounced ; core_ctl:u_core_ctl|ifid_regdata2[7]                     ; clk          ; clk         ; 0.000        ; 0.090      ; 3.122      ;
; 2.837 ; rst_debounced ; core_ctl:u_core_ctl|ifid_regdata2[16]                    ; clk          ; clk         ; 0.000        ; 0.091      ; 3.123      ;
; 2.837 ; rst_debounced ; core_ctl:u_core_ctl|ifid_regdata2[13]                    ; clk          ; clk         ; 0.000        ; 0.090      ; 3.122      ;
; 2.837 ; rst_debounced ; core_ctl:u_core_ctl|ifid_regdata2[18]                    ; clk          ; clk         ; 0.000        ; 0.091      ; 3.123      ;
; 2.837 ; rst_debounced ; core_ctl:u_core_ctl|ifid_regdata2[25]                    ; clk          ; clk         ; 0.000        ; 0.091      ; 3.123      ;
; 2.837 ; rst_debounced ; core_ctl:u_core_ctl|ifid_regdata2[17]                    ; clk          ; clk         ; 0.000        ; 0.090      ; 3.122      ;
; 2.837 ; rst_debounced ; core_ctl:u_core_ctl|ifid_regdata2[10]                    ; clk          ; clk         ; 0.000        ; 0.090      ; 3.122      ;
; 2.837 ; rst_debounced ; core_ctl:u_core_ctl|ifid_regdata2[24]                    ; clk          ; clk         ; 0.000        ; 0.090      ; 3.122      ;
; 2.837 ; rst_debounced ; core_ctl:u_core_ctl|ifid_regdata2[19]                    ; clk          ; clk         ; 0.000        ; 0.091      ; 3.123      ;
; 2.837 ; rst_debounced ; core_ctl:u_core_ctl|ifid_regdata2[20]                    ; clk          ; clk         ; 0.000        ; 0.090      ; 3.122      ;
; 2.837 ; rst_debounced ; core_ctl:u_core_ctl|ifid_regdata2[21]                    ; clk          ; clk         ; 0.000        ; 0.090      ; 3.122      ;
; 2.837 ; rst_debounced ; core_ctl:u_core_ctl|ifid_regdata2[22]                    ; clk          ; clk         ; 0.000        ; 0.090      ; 3.122      ;
; 2.837 ; rst_debounced ; core_ctl:u_core_ctl|ifid_regdata2[14]                    ; clk          ; clk         ; 0.000        ; 0.090      ; 3.122      ;
+-------+---------------+----------------------------------------------------------+--------------+-------------+--------------+------------+------------+


----------------------------------------------
; Slow 1200mV 0C Model Metastability Summary ;
----------------------------------------------
No synchronizer chains to report.


+------------------------------------+
; Fast 1200mV 0C Model Setup Summary ;
+-------+--------+-------------------+
; Clock ; Slack  ; End Point TNS     ;
+-------+--------+-------------------+
; clk   ; 11.922 ; 0.000             ;
+-------+--------+-------------------+


+-----------------------------------+
; Fast 1200mV 0C Model Hold Summary ;
+-------+-------+-------------------+
; Clock ; Slack ; End Point TNS     ;
+-------+-------+-------------------+
; clk   ; 0.159 ; 0.000             ;
+-------+-------+-------------------+


+---------------------------------------+
; Fast 1200mV 0C Model Recovery Summary ;
+-------+--------+----------------------+
; Clock ; Slack  ; End Point TNS        ;
+-------+--------+----------------------+
; clk   ; 18.248 ; 0.000                ;
+-------+--------+----------------------+


+--------------------------------------+
; Fast 1200mV 0C Model Removal Summary ;
+-------+-------+----------------------+
; Clock ; Slack ; End Point TNS        ;
+-------+-------+----------------------+
; clk   ; 1.383 ; 0.000                ;
+-------+-------+----------------------+


+--------------------------------------------------+
; Fast 1200mV 0C Model Minimum Pulse Width Summary ;
+-------+-------+----------------------------------+
; Clock ; Slack ; End Point TNS                    ;
+-------+-------+----------------------------------+
; clk   ; 9.370 ; 0.000                            ;
+-------+-------+----------------------------------+


+---------------------------------------------------------------------------------------------------------------------------------------------------------------------------------------------------------------------------------------------------------------------------------------------------------------+
; Fast 1200mV 0C Model Setup: 'clk'                                                                                                                                                                                                                                                                             ;
+--------+----------------------------------------------------------------------------------------------------------------------------------------------------------------------------------------+---------------------------------------+--------------+-------------+--------------+------------+------------+
; Slack  ; From Node                                                                                                                                                                              ; To Node                               ; Launch Clock ; Latch Clock ; Relationship ; Clock Skew ; Data Delay ;
+--------+----------------------------------------------------------------------------------------------------------------------------------------------------------------------------------------+---------------------------------------+--------------+-------------+--------------+------------+------------+
; 11.922 ; core_ctl:u_core_ctl|core_if:u_core_if|altsyncram:ins_mem_rtl_0|altsyncram_sr81:auto_generated|altsyncram:ram_block1a0|altsyncram_hr93:auto_generated|ram_block1a46~porta_address_reg0  ; core_ctl:u_core_ctl|ifid_alusrc2[4]   ; clk          ; clk         ; 20.000       ; -0.215     ; 7.870      ;
; 11.950 ; core_ctl:u_core_ctl|core_if:u_core_if|altsyncram:ins_mem_rtl_0|altsyncram_sr81:auto_generated|altsyncram:ram_block1a0|altsyncram_hr93:auto_generated|ram_block1a79~porta_address_reg0  ; core_ctl:u_core_ctl|ifid_alusrc2[4]   ; clk          ; clk         ; 20.000       ; -0.219     ; 7.838      ;
; 11.998 ; core_ctl:u_core_ctl|core_if:u_core_if|altsyncram:ins_mem_rtl_0|altsyncram_sr81:auto_generated|altsyncram:ram_block1a0|altsyncram_hr93:auto_generated|ram_block1a128~porta_address_reg0 ; core_ctl:u_core_ctl|ifid_alusrc2[4]   ; clk          ; clk         ; 20.000       ; -0.220     ; 7.789      ;
; 11.998 ; core_ctl:u_core_ctl|core_if:u_core_if|altsyncram:ins_mem_rtl_0|altsyncram_sr81:auto_generated|altsyncram:ram_block1a0|altsyncram_hr93:auto_generated|ram_block1a111~porta_address_reg0 ; core_ctl:u_core_ctl|ifid_alusrc2[4]   ; clk          ; clk         ; 20.000       ; -0.222     ; 7.787      ;
; 12.039 ; core_ctl:u_core_ctl|core_if:u_core_if|altsyncram:ins_mem_rtl_0|altsyncram_sr81:auto_generated|altsyncram:ram_block1a0|altsyncram_hr93:auto_generated|ram_block1a110~porta_address_reg0 ; core_ctl:u_core_ctl|ifid_alusrc2[4]   ; clk          ; clk         ; 20.000       ; -0.212     ; 7.756      ;
; 12.053 ; core_ctl:u_core_ctl|core_if:u_core_if|altsyncram:ins_mem_rtl_0|altsyncram_sr81:auto_generated|altsyncram:ram_block1a0|altsyncram_hr93:auto_generated|ram_block1a14~porta_address_reg0  ; core_ctl:u_core_ctl|ifid_alusrc2[4]   ; clk          ; clk         ; 20.000       ; -0.216     ; 7.738      ;
; 12.083 ; core_ctl:u_core_ctl|core_if:u_core_if|altsyncram:ins_mem_rtl_0|altsyncram_sr81:auto_generated|altsyncram:ram_block1a0|altsyncram_hr93:auto_generated|ram_block1a78~porta_address_reg0  ; core_ctl:u_core_ctl|ifid_alusrc2[4]   ; clk          ; clk         ; 20.000       ; -0.214     ; 7.710      ;
; 12.129 ; core_ctl:u_core_ctl|core_if:u_core_if|altsyncram:ins_mem_rtl_0|altsyncram_sr81:auto_generated|altsyncram:ram_block1a0|altsyncram_hr93:auto_generated|ram_block1a15~porta_address_reg0  ; core_ctl:u_core_ctl|ifid_alusrc2[4]   ; clk          ; clk         ; 20.000       ; -0.219     ; 7.659      ;
; 12.201 ; core_ctl:u_core_ctl|core_if:u_core_if|altsyncram:ins_mem_rtl_0|altsyncram_sr81:auto_generated|altsyncram:ram_block1a0|altsyncram_hr93:auto_generated|ram_block1a135~porta_address_reg0 ; core_ctl:u_core_ctl|ifid_alusrc2[4]   ; clk          ; clk         ; 20.000       ; -0.216     ; 7.590      ;
; 12.354 ; core_ctl:u_core_ctl|core_if:u_core_if|altsyncram:ins_mem_rtl_0|altsyncram_sr81:auto_generated|altsyncram:ram_block1a0|altsyncram_hr93:auto_generated|ram_block1a47~porta_address_reg0  ; core_ctl:u_core_ctl|ifid_alusrc2[4]   ; clk          ; clk         ; 20.000       ; -0.219     ; 7.434      ;
; 12.591 ; core_ctl:u_core_ctl|core_if:u_core_if|altsyncram:ins_mem_rtl_0|altsyncram_sr81:auto_generated|altsyncram:ram_block1a0|altsyncram_hr93:auto_generated|ram_block1a111~porta_address_reg0 ; core_ctl:u_core_ctl|ifid_alusrc2[15]  ; clk          ; clk         ; 20.000       ; -0.220     ; 7.196      ;
; 12.628 ; core_ctl:u_core_ctl|core_if:u_core_if|altsyncram:ins_mem_rtl_0|altsyncram_sr81:auto_generated|altsyncram:ram_block1a0|altsyncram_hr93:auto_generated|ram_block1a79~porta_address_reg0  ; core_ctl:u_core_ctl|ifid_alusrc2[15]  ; clk          ; clk         ; 20.000       ; -0.217     ; 7.162      ;
; 12.739 ; core_ctl:u_core_ctl|ifid_alusrc2[0]                                                                                                                                                    ; core_ctl:u_core_ctl|exe_nextpc[25]    ; clk          ; clk         ; 20.000       ; -0.040     ; 7.228      ;
; 12.754 ; core_ctl:u_core_ctl|ifid_alusrc1[25]                                                                                                                                                   ; core_ctl:u_core_ctl|exe_nextpc[25]    ; clk          ; clk         ; 20.000       ; -0.046     ; 7.207      ;
; 12.759 ; core_ctl:u_core_ctl|ifid_alusrc2[0]                                                                                                                                                    ; core_ctl:u_core_ctl|exe_nextpc[9]     ; clk          ; clk         ; 20.000       ; -0.040     ; 7.208      ;
; 12.768 ; core_ctl:u_core_ctl|core_if:u_core_if|altsyncram:ins_mem_rtl_0|altsyncram_sr81:auto_generated|altsyncram:ram_block1a0|altsyncram_hr93:auto_generated|ram_block1a135~porta_address_reg0 ; core_ctl:u_core_ctl|ifid_alusrc2[15]  ; clk          ; clk         ; 20.000       ; -0.214     ; 7.025      ;
; 12.774 ; core_ctl:u_core_ctl|ifid_alusrc1[25]                                                                                                                                                   ; core_ctl:u_core_ctl|exe_nextpc[9]     ; clk          ; clk         ; 20.000       ; -0.046     ; 7.187      ;
; 12.791 ; core_ctl:u_core_ctl|core_if:u_core_if|altsyncram:ins_mem_rtl_0|altsyncram_sr81:auto_generated|altsyncram:ram_block1a0|altsyncram_hr93:auto_generated|ram_block1a79~porta_address_reg0  ; core_ctl:u_core_ctl|ifid_alusrc2[21]  ; clk          ; clk         ; 20.000       ; -0.220     ; 6.996      ;
; 12.808 ; core_ctl:u_core_ctl|ifid_alusrc1[0]                                                                                                                                                    ; core_ctl:u_core_ctl|exe_nextpc[25]    ; clk          ; clk         ; 20.000       ; -0.038     ; 7.161      ;
; 12.813 ; core_ctl:u_core_ctl|core_if:u_core_if|altsyncram:ins_mem_rtl_0|altsyncram_sr81:auto_generated|altsyncram:ram_block1a0|altsyncram_hr93:auto_generated|ram_block1a78~porta_address_reg0  ; core_ctl:u_core_ctl|ifid_alusrc2[8]   ; clk          ; clk         ; 20.000       ; -0.215     ; 6.979      ;
; 12.819 ; core_ctl:u_core_ctl|ifid_alusrc2[0]                                                                                                                                                    ; core_ctl:u_core_ctl|exe_nextpc[7]     ; clk          ; clk         ; 20.000       ; -0.042     ; 7.146      ;
; 12.828 ; core_ctl:u_core_ctl|ifid_alusrc1[0]                                                                                                                                                    ; core_ctl:u_core_ctl|exe_nextpc[9]     ; clk          ; clk         ; 20.000       ; -0.038     ; 7.141      ;
; 12.829 ; core_ctl:u_core_ctl|ifid_alusrc2[0]                                                                                                                                                    ; core_ctl:u_core_ctl|exe_nextpc[22]    ; clk          ; clk         ; 20.000       ; -0.038     ; 7.140      ;
; 12.832 ; core_ctl:u_core_ctl|ifid_alusrc2[0]                                                                                                                                                    ; core_ctl:u_core_ctl|exe_nextpc[4]     ; clk          ; clk         ; 20.000       ; -0.038     ; 7.137      ;
; 12.834 ; core_ctl:u_core_ctl|ifid_alusrc1[25]                                                                                                                                                   ; core_ctl:u_core_ctl|exe_nextpc[7]     ; clk          ; clk         ; 20.000       ; -0.048     ; 7.125      ;
; 12.839 ; core_ctl:u_core_ctl|core_if:u_core_if|altsyncram:ins_mem_rtl_0|altsyncram_sr81:auto_generated|altsyncram:ram_block1a0|altsyncram_hr93:auto_generated|ram_block1a15~porta_address_reg0  ; core_ctl:u_core_ctl|ifid_alusrc2[15]  ; clk          ; clk         ; 20.000       ; -0.217     ; 6.951      ;
; 12.839 ; core_ctl:u_core_ctl|core_if:u_core_if|altsyncram:ins_mem_rtl_0|altsyncram_sr81:auto_generated|altsyncram:ram_block1a0|altsyncram_hr93:auto_generated|ram_block1a111~porta_address_reg0 ; core_ctl:u_core_ctl|ifid_alusrc2[21]  ; clk          ; clk         ; 20.000       ; -0.223     ; 6.945      ;
; 12.844 ; core_ctl:u_core_ctl|ifid_alusrc1[25]                                                                                                                                                   ; core_ctl:u_core_ctl|exe_nextpc[22]    ; clk          ; clk         ; 20.000       ; -0.044     ; 7.119      ;
; 12.845 ; core_ctl:u_core_ctl|ifid_alusrc1[10]                                                                                                                                                   ; core_ctl:u_core_ctl|exe_nextpc[25]    ; clk          ; clk         ; 20.000       ; -0.040     ; 7.122      ;
; 12.847 ; core_ctl:u_core_ctl|ifid_alusrc1[25]                                                                                                                                                   ; core_ctl:u_core_ctl|exe_nextpc[4]     ; clk          ; clk         ; 20.000       ; -0.044     ; 7.116      ;
; 12.852 ; core_ctl:u_core_ctl|ifid_alusrc2[0]                                                                                                                                                    ; core_ctl:u_core_ctl|exe_nextpc[23]    ; clk          ; clk         ; 20.000       ; -0.042     ; 7.113      ;
; 12.858 ; core_ctl:u_core_ctl|ifid_alusrc1[8]                                                                                                                                                    ; core_ctl:u_core_ctl|exe_nextpc[25]    ; clk          ; clk         ; 20.000       ; -0.041     ; 7.108      ;
; 12.862 ; core_ctl:u_core_ctl|ifid_alusrc2[0]                                                                                                                                                    ; core_ctl:u_core_ctl|exe_nextpc[11]    ; clk          ; clk         ; 20.000       ; -0.042     ; 7.103      ;
; 12.864 ; core_ctl:u_core_ctl|core_if:u_core_if|altsyncram:ins_mem_rtl_0|altsyncram_sr81:auto_generated|altsyncram:ram_block1a0|altsyncram_hr93:auto_generated|ram_block1a46~porta_address_reg0  ; core_ctl:u_core_ctl|ifid_alusrc2[8]   ; clk          ; clk         ; 20.000       ; -0.216     ; 6.927      ;
; 12.865 ; core_ctl:u_core_ctl|ifid_alusrc1[10]                                                                                                                                                   ; core_ctl:u_core_ctl|exe_nextpc[9]     ; clk          ; clk         ; 20.000       ; -0.040     ; 7.102      ;
; 12.877 ; core_ctl:u_core_ctl|ifid_alusrc1[25]                                                                                                                                                   ; core_ctl:u_core_ctl|exe_nextpc[11]    ; clk          ; clk         ; 20.000       ; -0.048     ; 7.082      ;
; 12.878 ; core_ctl:u_core_ctl|ifid_alusrc1[8]                                                                                                                                                    ; core_ctl:u_core_ctl|exe_nextpc[9]     ; clk          ; clk         ; 20.000       ; -0.041     ; 7.088      ;
; 12.881 ; core_ctl:u_core_ctl|ifid_alusrc2[0]                                                                                                                                                    ; core_ctl:u_core_ctl|exe_nextpc[10]    ; clk          ; clk         ; 20.000       ; -0.040     ; 7.086      ;
; 12.884 ; core_ctl:u_core_ctl|ifid_alusrc1[25]                                                                                                                                                   ; core_ctl:u_core_ctl|exe_nextpc[23]    ; clk          ; clk         ; 20.000       ; -0.048     ; 7.075      ;
; 12.887 ; core_ctl:u_core_ctl|core_if:u_core_if|altsyncram:ins_mem_rtl_0|altsyncram_sr81:auto_generated|altsyncram:ram_block1a0|altsyncram_hr93:auto_generated|ram_block1a110~porta_address_reg0 ; core_ctl:u_core_ctl|ifid_alusrc2[8]   ; clk          ; clk         ; 20.000       ; -0.213     ; 6.907      ;
; 12.888 ; core_ctl:u_core_ctl|ifid_alusrc1[0]                                                                                                                                                    ; core_ctl:u_core_ctl|exe_nextpc[7]     ; clk          ; clk         ; 20.000       ; -0.040     ; 7.079      ;
; 12.890 ; core_ctl:u_core_ctl|ifid_alusrc2[3]                                                                                                                                                    ; core_ctl:u_core_ctl|exe_nextpc[25]    ; clk          ; clk         ; 20.000       ; -0.040     ; 7.077      ;
; 12.894 ; core_ctl:u_core_ctl|core_if:u_core_if|altsyncram:ins_mem_rtl_0|altsyncram_sr81:auto_generated|altsyncram:ram_block1a0|altsyncram_hr93:auto_generated|ram_block1a111~porta_address_reg0 ; core_ctl:u_core_ctl|ifid_alusrc2[29]  ; clk          ; clk         ; 20.000       ; -0.224     ; 6.889      ;
; 12.896 ; core_ctl:u_core_ctl|ifid_alusrc1[25]                                                                                                                                                   ; core_ctl:u_core_ctl|exe_nextpc[10]    ; clk          ; clk         ; 20.000       ; -0.046     ; 7.065      ;
; 12.898 ; core_ctl:u_core_ctl|ifid_alusrc1[0]                                                                                                                                                    ; core_ctl:u_core_ctl|exe_nextpc[22]    ; clk          ; clk         ; 20.000       ; -0.036     ; 7.073      ;
; 12.899 ; core_ctl:u_core_ctl|core_if:u_core_if|altsyncram:ins_mem_rtl_0|altsyncram_sr81:auto_generated|altsyncram:ram_block1a0|altsyncram_hr93:auto_generated|ram_block1a47~porta_address_reg0  ; core_ctl:u_core_ctl|ifid_alusrc2[15]  ; clk          ; clk         ; 20.000       ; -0.217     ; 6.891      ;
; 12.901 ; core_ctl:u_core_ctl|ifid_alusrc1[0]                                                                                                                                                    ; core_ctl:u_core_ctl|exe_nextpc[4]     ; clk          ; clk         ; 20.000       ; -0.036     ; 7.070      ;
; 12.903 ; core_ctl:u_core_ctl|ifid_alusrc2[0]                                                                                                                                                    ; core_ctl:u_core_ctl|exe_nextpc[20]    ; clk          ; clk         ; 20.000       ; -0.041     ; 7.063      ;
; 12.903 ; core_ctl:u_core_ctl|ifid_alusrc2[0]                                                                                                                                                    ; core_ctl:u_core_ctl|exe_nextpc[17]    ; clk          ; clk         ; 20.000       ; -0.040     ; 7.064      ;
; 12.903 ; core_ctl:u_core_ctl|ifid_alusrc2[0]                                                                                                                                                    ; core_ctl:u_core_ctl|exe_nextpc[6]     ; clk          ; clk         ; 20.000       ; -0.040     ; 7.064      ;
; 12.910 ; core_ctl:u_core_ctl|ifid_alusrc2[3]                                                                                                                                                    ; core_ctl:u_core_ctl|exe_nextpc[9]     ; clk          ; clk         ; 20.000       ; -0.040     ; 7.057      ;
; 12.915 ; core_ctl:u_core_ctl|ifid_alusrc2[0]                                                                                                                                                    ; core_ctl:u_core_ctl|exe_nextpc[29]    ; clk          ; clk         ; 20.000       ; -0.039     ; 7.053      ;
; 12.918 ; core_ctl:u_core_ctl|ifid_alusrc1[25]                                                                                                                                                   ; core_ctl:u_core_ctl|exe_nextpc[20]    ; clk          ; clk         ; 20.000       ; -0.047     ; 7.042      ;
; 12.918 ; core_ctl:u_core_ctl|ifid_alusrc1[25]                                                                                                                                                   ; core_ctl:u_core_ctl|exe_nextpc[17]    ; clk          ; clk         ; 20.000       ; -0.046     ; 7.043      ;
; 12.918 ; core_ctl:u_core_ctl|ifid_alusrc1[25]                                                                                                                                                   ; core_ctl:u_core_ctl|exe_nextpc[6]     ; clk          ; clk         ; 20.000       ; -0.046     ; 7.043      ;
; 12.918 ; core_ctl:u_core_ctl|ifid_alusrc1[24]                                                                                                                                                   ; core_ctl:u_core_ctl|exe_nextpc[25]    ; clk          ; clk         ; 20.000       ; -0.042     ; 7.047      ;
; 12.921 ; core_ctl:u_core_ctl|ifid_alusrc1[0]                                                                                                                                                    ; core_ctl:u_core_ctl|exe_nextpc[23]    ; clk          ; clk         ; 20.000       ; -0.040     ; 7.046      ;
; 12.922 ; core_ctl:u_core_ctl|ifid_alusrc1[9]                                                                                                                                                    ; core_ctl:u_core_ctl|exe_nextpc[25]    ; clk          ; clk         ; 20.000       ; -0.041     ; 7.044      ;
; 12.925 ; core_ctl:u_core_ctl|ifid_alusrc2[0]                                                                                                                                                    ; core_ctl:u_core_ctl|exe_nextpc[19]    ; clk          ; clk         ; 20.000       ; -0.038     ; 7.044      ;
; 12.925 ; core_ctl:u_core_ctl|ifid_alusrc1[10]                                                                                                                                                   ; core_ctl:u_core_ctl|exe_nextpc[7]     ; clk          ; clk         ; 20.000       ; -0.042     ; 7.040      ;
; 12.930 ; core_ctl:u_core_ctl|ifid_alusrc1[25]                                                                                                                                                   ; core_ctl:u_core_ctl|exe_nextpc[29]    ; clk          ; clk         ; 20.000       ; -0.045     ; 7.032      ;
; 12.931 ; core_ctl:u_core_ctl|ifid_alusrc1[0]                                                                                                                                                    ; core_ctl:u_core_ctl|exe_nextpc[11]    ; clk          ; clk         ; 20.000       ; -0.040     ; 7.036      ;
; 12.931 ; core_ctl:u_core_ctl|core_if:u_core_if|altsyncram:ins_mem_rtl_0|altsyncram_sr81:auto_generated|altsyncram:ram_block1a0|altsyncram_hr93:auto_generated|ram_block1a79~porta_address_reg0  ; core_ctl:u_core_ctl|ifid_alusrc2[29]  ; clk          ; clk         ; 20.000       ; -0.221     ; 6.855      ;
; 12.933 ; core_ctl:u_core_ctl|ifid_alusrc2[0]                                                                                                                                                    ; core_ctl:u_core_ctl|exe_nextpc[30]    ; clk          ; clk         ; 20.000       ; -0.038     ; 7.036      ;
; 12.935 ; core_ctl:u_core_ctl|ifid_alusrc1[10]                                                                                                                                                   ; core_ctl:u_core_ctl|exe_nextpc[22]    ; clk          ; clk         ; 20.000       ; -0.038     ; 7.034      ;
; 12.938 ; core_ctl:u_core_ctl|ifid_alusrc1[24]                                                                                                                                                   ; core_ctl:u_core_ctl|exe_nextpc[9]     ; clk          ; clk         ; 20.000       ; -0.042     ; 7.027      ;
; 12.938 ; core_ctl:u_core_ctl|ifid_alusrc2[0]                                                                                                                                                    ; core_ctl:u_core_ctl|exe_nextpc[5]     ; clk          ; clk         ; 20.000       ; -0.040     ; 7.029      ;
; 12.938 ; core_ctl:u_core_ctl|ifid_alusrc1[8]                                                                                                                                                    ; core_ctl:u_core_ctl|exe_nextpc[7]     ; clk          ; clk         ; 20.000       ; -0.043     ; 7.026      ;
; 12.938 ; core_ctl:u_core_ctl|ifid_alusrc1[10]                                                                                                                                                   ; core_ctl:u_core_ctl|exe_nextpc[4]     ; clk          ; clk         ; 20.000       ; -0.038     ; 7.031      ;
; 12.940 ; core_ctl:u_core_ctl|core_if:u_core_if|altsyncram:ins_mem_rtl_0|altsyncram_sr81:auto_generated|altsyncram:ram_block1a0|altsyncram_hr93:auto_generated|ram_block1a128~porta_address_reg0 ; core_ctl:u_core_ctl|ifid_alusrc2[8]   ; clk          ; clk         ; 20.000       ; -0.221     ; 6.846      ;
; 12.942 ; core_ctl:u_core_ctl|ifid_alusrc1[9]                                                                                                                                                    ; core_ctl:u_core_ctl|exe_nextpc[9]     ; clk          ; clk         ; 20.000       ; -0.041     ; 7.024      ;
; 12.948 ; core_ctl:u_core_ctl|ifid_alusrc1[8]                                                                                                                                                    ; core_ctl:u_core_ctl|exe_nextpc[22]    ; clk          ; clk         ; 20.000       ; -0.039     ; 7.020      ;
; 12.950 ; core_ctl:u_core_ctl|ifid_alusrc1[0]                                                                                                                                                    ; core_ctl:u_core_ctl|exe_nextpc[10]    ; clk          ; clk         ; 20.000       ; -0.038     ; 7.019      ;
; 12.951 ; core_ctl:u_core_ctl|ifid_alusrc1[8]                                                                                                                                                    ; core_ctl:u_core_ctl|exe_nextpc[4]     ; clk          ; clk         ; 20.000       ; -0.039     ; 7.017      ;
; 12.957 ; core_ctl:u_core_ctl|ifid_alusrc1[25]                                                                                                                                                   ; core_ctl:u_core_ctl|exe_nextpc[19]    ; clk          ; clk         ; 20.000       ; -0.044     ; 7.006      ;
; 12.958 ; core_ctl:u_core_ctl|ifid_alusrc1[10]                                                                                                                                                   ; core_ctl:u_core_ctl|exe_nextpc[23]    ; clk          ; clk         ; 20.000       ; -0.042     ; 7.007      ;
; 12.962 ; core_ctl:u_core_ctl|core_if:u_core_if|altsyncram:ins_mem_rtl_0|altsyncram_sr81:auto_generated|altsyncram:ram_block1a0|altsyncram_hr93:auto_generated|ram_block1a79~porta_address_reg0  ; core_ctl:u_core_ctl|ifid_regdata2[21] ; clk          ; clk         ; 20.000       ; -0.220     ; 6.825      ;
; 12.965 ; core_ctl:u_core_ctl|ifid_alusrc1[25]                                                                                                                                                   ; core_ctl:u_core_ctl|exe_nextpc[30]    ; clk          ; clk         ; 20.000       ; -0.044     ; 6.998      ;
; 12.966 ; core_ctl:u_core_ctl|core_if:u_core_if|altsyncram:ins_mem_rtl_0|altsyncram_sr81:auto_generated|altsyncram:ram_block1a0|altsyncram_hr93:auto_generated|address_reg_a[1]                  ; core_ctl:u_core_ctl|ifid_alusrc2[4]   ; clk          ; clk         ; 20.000       ; -0.026     ; 7.015      ;
; 12.968 ; core_ctl:u_core_ctl|ifid_alusrc1[10]                                                                                                                                                   ; core_ctl:u_core_ctl|exe_nextpc[11]    ; clk          ; clk         ; 20.000       ; -0.042     ; 6.997      ;
; 12.970 ; core_ctl:u_core_ctl|ifid_alusrc1[25]                                                                                                                                                   ; core_ctl:u_core_ctl|exe_nextpc[5]     ; clk          ; clk         ; 20.000       ; -0.046     ; 6.991      ;
; 12.970 ; core_ctl:u_core_ctl|core_if:u_core_if|altsyncram:ins_mem_rtl_0|altsyncram_sr81:auto_generated|altsyncram:ram_block1a0|altsyncram_hr93:auto_generated|ram_block1a15~porta_address_reg0  ; core_ctl:u_core_ctl|ifid_alusrc2[21]  ; clk          ; clk         ; 20.000       ; -0.220     ; 6.817      ;
; 12.970 ; core_ctl:u_core_ctl|ifid_alusrc2[3]                                                                                                                                                    ; core_ctl:u_core_ctl|exe_nextpc[7]     ; clk          ; clk         ; 20.000       ; -0.042     ; 6.995      ;
; 12.971 ; core_ctl:u_core_ctl|ifid_alusrc2[0]                                                                                                                                                    ; core_ctl:u_core_ctl|exe_nextpc[16]    ; clk          ; clk         ; 20.000       ; -0.041     ; 6.995      ;
; 12.971 ; core_ctl:u_core_ctl|ifid_alusrc1[8]                                                                                                                                                    ; core_ctl:u_core_ctl|exe_nextpc[23]    ; clk          ; clk         ; 20.000       ; -0.043     ; 6.993      ;
; 12.972 ; core_ctl:u_core_ctl|ifid_alusrc1[0]                                                                                                                                                    ; core_ctl:u_core_ctl|exe_nextpc[20]    ; clk          ; clk         ; 20.000       ; -0.039     ; 6.996      ;
; 12.972 ; core_ctl:u_core_ctl|ifid_alusrc1[0]                                                                                                                                                    ; core_ctl:u_core_ctl|exe_nextpc[17]    ; clk          ; clk         ; 20.000       ; -0.038     ; 6.997      ;
; 12.972 ; core_ctl:u_core_ctl|ifid_alusrc1[0]                                                                                                                                                    ; core_ctl:u_core_ctl|exe_nextpc[6]     ; clk          ; clk         ; 20.000       ; -0.038     ; 6.997      ;
; 12.974 ; core_ctl:u_core_ctl|ifid_alusrc2[0]                                                                                                                                                    ; core_ctl:u_core_ctl|exe_nextpc[26]    ; clk          ; clk         ; 20.000       ; -0.041     ; 6.992      ;
; 12.977 ; core_ctl:u_core_ctl|ifid_alusrc1[7]                                                                                                                                                    ; core_ctl:u_core_ctl|exe_nextpc[25]    ; clk          ; clk         ; 20.000       ; -0.041     ; 6.989      ;
; 12.980 ; core_ctl:u_core_ctl|ifid_alusrc1[26]                                                                                                                                                   ; core_ctl:u_core_ctl|exe_nextpc[25]    ; clk          ; clk         ; 20.000       ; -0.046     ; 6.981      ;
; 12.980 ; core_ctl:u_core_ctl|ifid_alusrc2[3]                                                                                                                                                    ; core_ctl:u_core_ctl|exe_nextpc[22]    ; clk          ; clk         ; 20.000       ; -0.038     ; 6.989      ;
; 12.981 ; core_ctl:u_core_ctl|ifid_alusrc1[8]                                                                                                                                                    ; core_ctl:u_core_ctl|exe_nextpc[11]    ; clk          ; clk         ; 20.000       ; -0.043     ; 6.983      ;
; 12.982 ; core_ctl:u_core_ctl|ifid_alusrc1[11]                                                                                                                                                   ; core_ctl:u_core_ctl|exe_nextpc[25]    ; clk          ; clk         ; 20.000       ; -0.042     ; 6.983      ;
; 12.983 ; core_ctl:u_core_ctl|ifid_alusrc2[3]                                                                                                                                                    ; core_ctl:u_core_ctl|exe_nextpc[4]     ; clk          ; clk         ; 20.000       ; -0.038     ; 6.986      ;
; 12.984 ; core_ctl:u_core_ctl|ifid_alusrc1[0]                                                                                                                                                    ; core_ctl:u_core_ctl|exe_nextpc[29]    ; clk          ; clk         ; 20.000       ; -0.037     ; 6.986      ;
; 12.985 ; core_ctl:u_core_ctl|core_if:u_core_if|altsyncram:ins_mem_rtl_0|altsyncram_sr81:auto_generated|altsyncram:ram_block1a0|altsyncram_hr93:auto_generated|ram_block1a46~porta_address_reg0  ; core_ctl:u_core_ctl|ifid_alusrc2[21]  ; clk          ; clk         ; 20.000       ; -0.216     ; 6.806      ;
; 12.986 ; core_ctl:u_core_ctl|ifid_alusrc1[25]                                                                                                                                                   ; core_ctl:u_core_ctl|exe_nextpc[16]    ; clk          ; clk         ; 20.000       ; -0.047     ; 6.974      ;
; 12.986 ; core_ctl:u_core_ctl|ifid_alusrc2[0]                                                                                                                                                    ; core_ctl:u_core_ctl|exe_nextpc[13]    ; clk          ; clk         ; 20.000       ; -0.037     ; 6.984      ;
; 12.986 ; core_ctl:u_core_ctl|ifid_alusrc2[0]                                                                                                                                                    ; core_ctl:u_core_ctl|exe_nextpc[15]    ; clk          ; clk         ; 20.000       ; -0.037     ; 6.984      ;
+--------+----------------------------------------------------------------------------------------------------------------------------------------------------------------------------------------+---------------------------------------+--------------+-------------+--------------+------------+------------+


+-----------------------------------------------------------------------------------------------------------------------------------------------------------------------------------------------------------------------------------------------------------------------------------------------------------------------------------------------------------------------+
; Fast 1200mV 0C Model Hold: 'clk'                                                                                                                                                                                                                                                                                                                                      ;
+-------+------------------------------------------------------------------------------------------------+----------------------------------------------------------------------------------------------------------------------------------------------------------------------------------------+--------------+-------------+--------------+------------+------------+
; Slack ; From Node                                                                                      ; To Node                                                                                                                                                                                ; Launch Clock ; Latch Clock ; Relationship ; Clock Skew ; Data Delay ;
+-------+------------------------------------------------------------------------------------------------+----------------------------------------------------------------------------------------------------------------------------------------------------------------------------------------+--------------+-------------+--------------+------------+------------+
; 0.159 ; core_ctl:u_core_ctl|wb_pc[11]                                                                  ; core_ctl:u_core_ctl|core_if:u_core_if|altsyncram:ins_mem_rtl_0|altsyncram_sr81:auto_generated|altsyncram:ram_block1a0|altsyncram_hr93:auto_generated|ram_block1a7~porta_address_reg0   ; clk          ; clk         ; 0.000        ; 0.221      ; 0.484      ;
; 0.168 ; core_ctl:u_core_ctl|wb_pc[8]                                                                   ; core_ctl:u_core_ctl|core_if:u_core_if|altsyncram:ins_mem_rtl_0|altsyncram_sr81:auto_generated|altsyncram:ram_block1a0|altsyncram_hr93:auto_generated|ram_block1a7~porta_address_reg0   ; clk          ; clk         ; 0.000        ; 0.226      ; 0.498      ;
; 0.177 ; core_ctl:u_core_ctl|wb_pc[2]                                                                   ; core_ctl:u_core_ctl|core_if:u_core_if|altsyncram:ins_mem_rtl_0|altsyncram_sr81:auto_generated|altsyncram:ram_block1a0|altsyncram_hr93:auto_generated|ram_block1a103~porta_address_reg0 ; clk          ; clk         ; 0.000        ; 0.219      ; 0.500      ;
; 0.180 ; core_ctl:u_core_ctl|wb_pc[8]                                                                   ; core_ctl:u_core_ctl|core_if:u_core_if|altsyncram:ins_mem_rtl_0|altsyncram_sr81:auto_generated|altsyncram:ram_block1a0|altsyncram_hr93:auto_generated|ram_block1a103~porta_address_reg0 ; clk          ; clk         ; 0.000        ; 0.224      ; 0.508      ;
; 0.184 ; core_ctl:u_core_ctl|wb_pc[2]                                                                   ; core_ctl:u_core_ctl|core_if:u_core_if|altsyncram:ins_mem_rtl_0|altsyncram_sr81:auto_generated|altsyncram:ram_block1a0|altsyncram_hr93:auto_generated|ram_block1a71~porta_address_reg0  ; clk          ; clk         ; 0.000        ; 0.218      ; 0.506      ;
; 0.186 ; rst_debounced                                                                                  ; rst_debounced                                                                                                                                                                          ; clk          ; clk         ; 0.000        ; 0.037      ; 0.307      ;
; 0.186 ; core_ctl:u_core_ctl|core_perips:u_core_perips|axil_uart:u_axil_uart|tx_out                     ; core_ctl:u_core_ctl|core_perips:u_core_perips|axil_uart:u_axil_uart|tx_out                                                                                                             ; clk          ; clk         ; 0.000        ; 0.037      ; 0.307      ;
; 0.186 ; core_ctl:u_core_ctl|core_perips:u_core_perips|axil_uart:u_axil_uart|rx_valid                   ; core_ctl:u_core_ctl|core_perips:u_core_perips|axil_uart:u_axil_uart|rx_valid                                                                                                           ; clk          ; clk         ; 0.000        ; 0.037      ; 0.307      ;
; 0.186 ; core_ctl:u_core_ctl|core_perips:u_core_perips|axil_uart:u_axil_uart|rx_sample_count[1]         ; core_ctl:u_core_ctl|core_perips:u_core_perips|axil_uart:u_axil_uart|rx_sample_count[1]                                                                                                 ; clk          ; clk         ; 0.000        ; 0.037      ; 0.307      ;
; 0.186 ; core_ctl:u_core_ctl|core_perips:u_core_perips|axil_uart:u_axil_uart|rx_sample_count[3]         ; core_ctl:u_core_ctl|core_perips:u_core_perips|axil_uart:u_axil_uart|rx_sample_count[3]                                                                                                 ; clk          ; clk         ; 0.000        ; 0.037      ; 0.307      ;
; 0.186 ; core_ctl:u_core_ctl|core_perips:u_core_perips|axil_uart:u_axil_uart|rx_sample_count[2]         ; core_ctl:u_core_ctl|core_perips:u_core_perips|axil_uart:u_axil_uart|rx_sample_count[2]                                                                                                 ; clk          ; clk         ; 0.000        ; 0.037      ; 0.307      ;
; 0.186 ; core_ctl:u_core_ctl|core_perips:u_core_perips|axil_uart:u_axil_uart|write_addr_pending         ; core_ctl:u_core_ctl|core_perips:u_core_perips|axil_uart:u_axil_uart|write_addr_pending                                                                                                 ; clk          ; clk         ; 0.000        ; 0.037      ; 0.307      ;
; 0.186 ; core_ctl:u_core_ctl|core_perips:u_core_perips|axil_uart:u_axil_uart|s_axil_bvalid_reg          ; core_ctl:u_core_ctl|core_perips:u_core_perips|axil_uart:u_axil_uart|s_axil_bvalid_reg                                                                                                  ; clk          ; clk         ; 0.000        ; 0.037      ; 0.307      ;
; 0.186 ; core_ctl:u_core_ctl|core_perips:u_core_perips|axil_master:u_axil_master|m_axil_bready          ; core_ctl:u_core_ctl|core_perips:u_core_perips|axil_master:u_axil_master|m_axil_bready                                                                                                  ; clk          ; clk         ; 0.000        ; 0.037      ; 0.307      ;
; 0.186 ; core_ctl:u_core_ctl|core_perips:u_core_perips|axil_gpio:u_axil_gpio|s_axil_bvalid_reg          ; core_ctl:u_core_ctl|core_perips:u_core_perips|axil_gpio:u_axil_gpio|s_axil_bvalid_reg                                                                                                  ; clk          ; clk         ; 0.000        ; 0.037      ; 0.307      ;
; 0.186 ; core_ctl:u_core_ctl|core_perips:u_core_perips|axil_gpio:u_axil_gpio|axi_awready_flag           ; core_ctl:u_core_ctl|core_perips:u_core_perips|axil_gpio:u_axil_gpio|axi_awready_flag                                                                                                   ; clk          ; clk         ; 0.000        ; 0.037      ; 0.307      ;
; 0.186 ; core_ctl:u_core_ctl|core_perips:u_core_perips|axil_master:u_axil_master|m_axil_awvalid         ; core_ctl:u_core_ctl|core_perips:u_core_perips|axil_master:u_axil_master|m_axil_awvalid                                                                                                 ; clk          ; clk         ; 0.000        ; 0.037      ; 0.307      ;
; 0.186 ; core_ctl:u_core_ctl|if_pc[15]                                                                  ; core_ctl:u_core_ctl|if_pc[15]                                                                                                                                                          ; clk          ; clk         ; 0.000        ; 0.037      ; 0.307      ;
; 0.186 ; core_ctl:u_core_ctl|if_pc[0]                                                                   ; core_ctl:u_core_ctl|if_pc[0]                                                                                                                                                           ; clk          ; clk         ; 0.000        ; 0.037      ; 0.307      ;
; 0.186 ; core_ctl:u_core_ctl|if_pc[27]                                                                  ; core_ctl:u_core_ctl|if_pc[27]                                                                                                                                                          ; clk          ; clk         ; 0.000        ; 0.037      ; 0.307      ;
; 0.186 ; core_ctl:u_core_ctl|if_pc[29]                                                                  ; core_ctl:u_core_ctl|if_pc[29]                                                                                                                                                          ; clk          ; clk         ; 0.000        ; 0.037      ; 0.307      ;
; 0.186 ; core_ctl:u_core_ctl|if_pc[28]                                                                  ; core_ctl:u_core_ctl|if_pc[28]                                                                                                                                                          ; clk          ; clk         ; 0.000        ; 0.037      ; 0.307      ;
; 0.186 ; core_ctl:u_core_ctl|if_pc[25]                                                                  ; core_ctl:u_core_ctl|if_pc[25]                                                                                                                                                          ; clk          ; clk         ; 0.000        ; 0.037      ; 0.307      ;
; 0.186 ; core_ctl:u_core_ctl|if_pc[24]                                                                  ; core_ctl:u_core_ctl|if_pc[24]                                                                                                                                                          ; clk          ; clk         ; 0.000        ; 0.037      ; 0.307      ;
; 0.186 ; core_ctl:u_core_ctl|if_pc[23]                                                                  ; core_ctl:u_core_ctl|if_pc[23]                                                                                                                                                          ; clk          ; clk         ; 0.000        ; 0.037      ; 0.307      ;
; 0.186 ; core_ctl:u_core_ctl|if_pc[22]                                                                  ; core_ctl:u_core_ctl|if_pc[22]                                                                                                                                                          ; clk          ; clk         ; 0.000        ; 0.037      ; 0.307      ;
; 0.186 ; core_ctl:u_core_ctl|if_pc[21]                                                                  ; core_ctl:u_core_ctl|if_pc[21]                                                                                                                                                          ; clk          ; clk         ; 0.000        ; 0.037      ; 0.307      ;
; 0.186 ; core_ctl:u_core_ctl|if_pc[19]                                                                  ; core_ctl:u_core_ctl|if_pc[19]                                                                                                                                                          ; clk          ; clk         ; 0.000        ; 0.037      ; 0.307      ;
; 0.186 ; core_ctl:u_core_ctl|if_pc[20]                                                                  ; core_ctl:u_core_ctl|if_pc[20]                                                                                                                                                          ; clk          ; clk         ; 0.000        ; 0.037      ; 0.307      ;
; 0.186 ; core_ctl:u_core_ctl|if_pc[18]                                                                  ; core_ctl:u_core_ctl|if_pc[18]                                                                                                                                                          ; clk          ; clk         ; 0.000        ; 0.037      ; 0.307      ;
; 0.186 ; core_ctl:u_core_ctl|if_pc[17]                                                                  ; core_ctl:u_core_ctl|if_pc[17]                                                                                                                                                          ; clk          ; clk         ; 0.000        ; 0.037      ; 0.307      ;
; 0.186 ; core_ctl:u_core_ctl|if_pc[1]                                                                   ; core_ctl:u_core_ctl|if_pc[1]                                                                                                                                                           ; clk          ; clk         ; 0.000        ; 0.037      ; 0.307      ;
; 0.186 ; core_ctl:u_core_ctl|if_pc[16]                                                                  ; core_ctl:u_core_ctl|if_pc[16]                                                                                                                                                          ; clk          ; clk         ; 0.000        ; 0.037      ; 0.307      ;
; 0.186 ; core_ctl:u_core_ctl|if_pc[10]                                                                  ; core_ctl:u_core_ctl|if_pc[10]                                                                                                                                                          ; clk          ; clk         ; 0.000        ; 0.037      ; 0.307      ;
; 0.186 ; core_ctl:u_core_ctl|if_pc[2]                                                                   ; core_ctl:u_core_ctl|if_pc[2]                                                                                                                                                           ; clk          ; clk         ; 0.000        ; 0.037      ; 0.307      ;
; 0.186 ; core_ctl:u_core_ctl|wb_pc[2]                                                                   ; core_ctl:u_core_ctl|core_if:u_core_if|altsyncram:ins_mem_rtl_0|altsyncram_sr81:auto_generated|altsyncram:ram_block1a0|altsyncram_hr93:auto_generated|ram_block1a7~porta_address_reg0   ; clk          ; clk         ; 0.000        ; 0.221      ; 0.511      ;
; 0.187 ; core_ctl:u_core_ctl|core_perips:u_core_perips|axil_uart:u_axil_uart|tx_shift_reg[7]            ; core_ctl:u_core_ctl|core_perips:u_core_perips|axil_uart:u_axil_uart|tx_shift_reg[7]                                                                                                    ; clk          ; clk         ; 0.000        ; 0.036      ; 0.307      ;
; 0.187 ; core_ctl:u_core_ctl|core_perips:u_core_perips|axil_uart:u_axil_uart|tx_busy                    ; core_ctl:u_core_ctl|core_perips:u_core_perips|axil_uart:u_axil_uart|tx_busy                                                                                                            ; clk          ; clk         ; 0.000        ; 0.036      ; 0.307      ;
; 0.187 ; core_ctl:u_core_ctl|core_perips:u_core_perips|axil_uart:u_axil_uart|tx_sample_count[3]         ; core_ctl:u_core_ctl|core_perips:u_core_perips|axil_uart:u_axil_uart|tx_sample_count[3]                                                                                                 ; clk          ; clk         ; 0.000        ; 0.036      ; 0.307      ;
; 0.187 ; core_ctl:u_core_ctl|core_perips:u_core_perips|axil_uart:u_axil_uart|tx_sample_count[1]         ; core_ctl:u_core_ctl|core_perips:u_core_perips|axil_uart:u_axil_uart|tx_sample_count[1]                                                                                                 ; clk          ; clk         ; 0.000        ; 0.036      ; 0.307      ;
; 0.187 ; core_ctl:u_core_ctl|core_perips:u_core_perips|axil_uart:u_axil_uart|tx_sample_count[2]         ; core_ctl:u_core_ctl|core_perips:u_core_perips|axil_uart:u_axil_uart|tx_sample_count[2]                                                                                                 ; clk          ; clk         ; 0.000        ; 0.036      ; 0.307      ;
; 0.187 ; core_ctl:u_core_ctl|core_perips:u_core_perips|axil_uart:u_axil_uart|tx_state.TX_IDLE           ; core_ctl:u_core_ctl|core_perips:u_core_perips|axil_uart:u_axil_uart|tx_state.TX_IDLE                                                                                                   ; clk          ; clk         ; 0.000        ; 0.036      ; 0.307      ;
; 0.187 ; core_ctl:u_core_ctl|core_perips:u_core_perips|axil_uart:u_axil_uart|tx_state.TX_DATA           ; core_ctl:u_core_ctl|core_perips:u_core_perips|axil_uart:u_axil_uart|tx_state.TX_DATA                                                                                                   ; clk          ; clk         ; 0.000        ; 0.036      ; 0.307      ;
; 0.187 ; core_ctl:u_core_ctl|core_perips:u_core_perips|axil_uart:u_axil_uart|tx_state.TX_STOP           ; core_ctl:u_core_ctl|core_perips:u_core_perips|axil_uart:u_axil_uart|tx_state.TX_STOP                                                                                                   ; clk          ; clk         ; 0.000        ; 0.036      ; 0.307      ;
; 0.187 ; core_ctl:u_core_ctl|core_perips:u_core_perips|axil_uart:u_axil_uart|tx_state.TX_START          ; core_ctl:u_core_ctl|core_perips:u_core_perips|axil_uart:u_axil_uart|tx_state.TX_START                                                                                                  ; clk          ; clk         ; 0.000        ; 0.036      ; 0.307      ;
; 0.187 ; core_ctl:u_core_ctl|core_perips:u_core_perips|axil_uart:u_axil_uart|tx_bit_count[2]            ; core_ctl:u_core_ctl|core_perips:u_core_perips|axil_uart:u_axil_uart|tx_bit_count[2]                                                                                                    ; clk          ; clk         ; 0.000        ; 0.036      ; 0.307      ;
; 0.187 ; core_ctl:u_core_ctl|core_perips:u_core_perips|axil_uart:u_axil_uart|tx_bit_count[1]            ; core_ctl:u_core_ctl|core_perips:u_core_perips|axil_uart:u_axil_uart|tx_bit_count[1]                                                                                                    ; clk          ; clk         ; 0.000        ; 0.036      ; 0.307      ;
; 0.187 ; core_ctl:u_core_ctl|core_perips:u_core_perips|axil_uart:u_axil_uart|tx_bit_count[3]            ; core_ctl:u_core_ctl|core_perips:u_core_perips|axil_uart:u_axil_uart|tx_bit_count[3]                                                                                                    ; clk          ; clk         ; 0.000        ; 0.036      ; 0.307      ;
; 0.187 ; core_ctl:u_core_ctl|core_perips:u_core_perips|axil_uart:u_axil_uart|tx_empty                   ; core_ctl:u_core_ctl|core_perips:u_core_perips|axil_uart:u_axil_uart|tx_empty                                                                                                           ; clk          ; clk         ; 0.000        ; 0.036      ; 0.307      ;
; 0.187 ; core_ctl:u_core_ctl|core_perips:u_core_perips|axil_uart:u_axil_uart|rx_bit_count[1]            ; core_ctl:u_core_ctl|core_perips:u_core_perips|axil_uart:u_axil_uart|rx_bit_count[1]                                                                                                    ; clk          ; clk         ; 0.000        ; 0.036      ; 0.307      ;
; 0.187 ; core_ctl:u_core_ctl|core_perips:u_core_perips|axil_uart:u_axil_uart|rx_bit_count[2]            ; core_ctl:u_core_ctl|core_perips:u_core_perips|axil_uart:u_axil_uart|rx_bit_count[2]                                                                                                    ; clk          ; clk         ; 0.000        ; 0.036      ; 0.307      ;
; 0.187 ; core_ctl:u_core_ctl|core_perips:u_core_perips|axil_uart:u_axil_uart|rx_bit_count[3]            ; core_ctl:u_core_ctl|core_perips:u_core_perips|axil_uart:u_axil_uart|rx_bit_count[3]                                                                                                    ; clk          ; clk         ; 0.000        ; 0.036      ; 0.307      ;
; 0.187 ; core_ctl:u_core_ctl|core_perips:u_core_perips|axil_uart:u_axil_uart|rx_state.RX_START          ; core_ctl:u_core_ctl|core_perips:u_core_perips|axil_uart:u_axil_uart|rx_state.RX_START                                                                                                  ; clk          ; clk         ; 0.000        ; 0.036      ; 0.307      ;
; 0.187 ; core_ctl:u_core_ctl|core_perips:u_core_perips|axil_uart:u_axil_uart|rx_state.RX_STOP           ; core_ctl:u_core_ctl|core_perips:u_core_perips|axil_uart:u_axil_uart|rx_state.RX_STOP                                                                                                   ; clk          ; clk         ; 0.000        ; 0.036      ; 0.307      ;
; 0.187 ; core_ctl:u_core_ctl|core_perips:u_core_perips|axil_uart:u_axil_uart|rx_error                   ; core_ctl:u_core_ctl|core_perips:u_core_perips|axil_uart:u_axil_uart|rx_error                                                                                                           ; clk          ; clk         ; 0.000        ; 0.036      ; 0.307      ;
; 0.187 ; core_ctl:u_core_ctl|core_perips:u_core_perips|axil_master:u_axil_master|state.STATE_IDLE       ; core_ctl:u_core_ctl|core_perips:u_core_perips|axil_master:u_axil_master|state.STATE_IDLE                                                                                               ; clk          ; clk         ; 0.000        ; 0.036      ; 0.307      ;
; 0.187 ; core_ctl:u_core_ctl|core_perips:u_core_perips|axil_master:u_axil_master|state.STATE_WRITE_RESP ; core_ctl:u_core_ctl|core_perips:u_core_perips|axil_master:u_axil_master|state.STATE_WRITE_RESP                                                                                         ; clk          ; clk         ; 0.000        ; 0.036      ; 0.307      ;
; 0.187 ; core_ctl:u_core_ctl|core_perips:u_core_perips|axil_master:u_axil_master|state.STATE_READ_DATA  ; core_ctl:u_core_ctl|core_perips:u_core_perips|axil_master:u_axil_master|state.STATE_READ_DATA                                                                                          ; clk          ; clk         ; 0.000        ; 0.036      ; 0.307      ;
; 0.187 ; core_ctl:u_core_ctl|core_perips:u_core_perips|axil_master:u_axil_master|m_axil_rready          ; core_ctl:u_core_ctl|core_perips:u_core_perips|axil_master:u_axil_master|m_axil_rready                                                                                                  ; clk          ; clk         ; 0.000        ; 0.036      ; 0.307      ;
; 0.187 ; core_ctl:u_core_ctl|core_perips:u_core_perips|axil_master:u_axil_master|m_axil_arvalid         ; core_ctl:u_core_ctl|core_perips:u_core_perips|axil_master:u_axil_master|m_axil_arvalid                                                                                                 ; clk          ; clk         ; 0.000        ; 0.036      ; 0.307      ;
; 0.187 ; core_ctl:u_core_ctl|core_perips:u_core_perips|axil_master:u_axil_master|m_axil_wstrb[1]        ; core_ctl:u_core_ctl|core_perips:u_core_perips|axil_master:u_axil_master|m_axil_wstrb[1]                                                                                                ; clk          ; clk         ; 0.000        ; 0.036      ; 0.307      ;
; 0.187 ; core_ctl:u_core_ctl|perips_pending                                                             ; core_ctl:u_core_ctl|perips_pending                                                                                                                                                     ; clk          ; clk         ; 0.000        ; 0.036      ; 0.307      ;
; 0.187 ; core_ctl:u_core_ctl|perips_token                                                               ; core_ctl:u_core_ctl|perips_token                                                                                                                                                       ; clk          ; clk         ; 0.000        ; 0.036      ; 0.307      ;
; 0.187 ; core_ctl:u_core_ctl|exe_token                                                                  ; core_ctl:u_core_ctl|exe_token                                                                                                                                                          ; clk          ; clk         ; 0.000        ; 0.036      ; 0.307      ;
; 0.187 ; core_ctl:u_core_ctl|ifid_token                                                                 ; core_ctl:u_core_ctl|ifid_token                                                                                                                                                         ; clk          ; clk         ; 0.000        ; 0.036      ; 0.307      ;
; 0.187 ; core_ctl:u_core_ctl|wb_token                                                                   ; core_ctl:u_core_ctl|wb_token                                                                                                                                                           ; clk          ; clk         ; 0.000        ; 0.036      ; 0.307      ;
; 0.187 ; core_ctl:u_core_ctl|wb_pending                                                                 ; core_ctl:u_core_ctl|wb_pending                                                                                                                                                         ; clk          ; clk         ; 0.000        ; 0.036      ; 0.307      ;
; 0.187 ; core_ctl:u_core_ctl|if_token                                                                   ; core_ctl:u_core_ctl|if_token                                                                                                                                                           ; clk          ; clk         ; 0.000        ; 0.036      ; 0.307      ;
; 0.187 ; core_ctl:u_core_ctl|if_pc[31]                                                                  ; core_ctl:u_core_ctl|if_pc[31]                                                                                                                                                          ; clk          ; clk         ; 0.000        ; 0.036      ; 0.307      ;
; 0.187 ; core_ctl:u_core_ctl|if_pc[30]                                                                  ; core_ctl:u_core_ctl|if_pc[30]                                                                                                                                                          ; clk          ; clk         ; 0.000        ; 0.036      ; 0.307      ;
; 0.187 ; core_ctl:u_core_ctl|if_pc[26]                                                                  ; core_ctl:u_core_ctl|if_pc[26]                                                                                                                                                          ; clk          ; clk         ; 0.000        ; 0.036      ; 0.307      ;
; 0.187 ; core_ctl:u_core_ctl|if_pc[9]                                                                   ; core_ctl:u_core_ctl|if_pc[9]                                                                                                                                                           ; clk          ; clk         ; 0.000        ; 0.036      ; 0.307      ;
; 0.187 ; core_ctl:u_core_ctl|if_pc[8]                                                                   ; core_ctl:u_core_ctl|if_pc[8]                                                                                                                                                           ; clk          ; clk         ; 0.000        ; 0.036      ; 0.307      ;
; 0.187 ; core_ctl:u_core_ctl|if_pc[7]                                                                   ; core_ctl:u_core_ctl|if_pc[7]                                                                                                                                                           ; clk          ; clk         ; 0.000        ; 0.036      ; 0.307      ;
; 0.187 ; core_ctl:u_core_ctl|if_pc[6]                                                                   ; core_ctl:u_core_ctl|if_pc[6]                                                                                                                                                           ; clk          ; clk         ; 0.000        ; 0.036      ; 0.307      ;
; 0.187 ; core_ctl:u_core_ctl|if_pc[5]                                                                   ; core_ctl:u_core_ctl|if_pc[5]                                                                                                                                                           ; clk          ; clk         ; 0.000        ; 0.036      ; 0.307      ;
; 0.187 ; core_ctl:u_core_ctl|if_pc[4]                                                                   ; core_ctl:u_core_ctl|if_pc[4]                                                                                                                                                           ; clk          ; clk         ; 0.000        ; 0.036      ; 0.307      ;
; 0.187 ; core_ctl:u_core_ctl|if_pc[3]                                                                   ; core_ctl:u_core_ctl|if_pc[3]                                                                                                                                                           ; clk          ; clk         ; 0.000        ; 0.036      ; 0.307      ;
; 0.187 ; core_ctl:u_core_ctl|if_pc[11]                                                                  ; core_ctl:u_core_ctl|if_pc[11]                                                                                                                                                          ; clk          ; clk         ; 0.000        ; 0.036      ; 0.307      ;
; 0.187 ; core_ctl:u_core_ctl|if_pc[14]                                                                  ; core_ctl:u_core_ctl|if_pc[14]                                                                                                                                                          ; clk          ; clk         ; 0.000        ; 0.036      ; 0.307      ;
; 0.187 ; core_ctl:u_core_ctl|if_pc[13]                                                                  ; core_ctl:u_core_ctl|if_pc[13]                                                                                                                                                          ; clk          ; clk         ; 0.000        ; 0.036      ; 0.307      ;
; 0.187 ; core_ctl:u_core_ctl|if_pc[12]                                                                  ; core_ctl:u_core_ctl|if_pc[12]                                                                                                                                                          ; clk          ; clk         ; 0.000        ; 0.036      ; 0.307      ;
; 0.187 ; core_ctl:u_core_ctl|regfile_csr:u_regfile_csr|csr[0][7]                                        ; core_ctl:u_core_ctl|regfile_csr:u_regfile_csr|csr[0][7]                                                                                                                                ; clk          ; clk         ; 0.000        ; 0.036      ; 0.307      ;
; 0.187 ; core_ctl:u_core_ctl|regfile_csr:u_regfile_csr|csr[0][3]                                        ; core_ctl:u_core_ctl|regfile_csr:u_regfile_csr|csr[0][3]                                                                                                                                ; clk          ; clk         ; 0.000        ; 0.036      ; 0.307      ;
; 0.187 ; core_ctl:u_core_ctl|wb_pc[7]                                                                   ; core_ctl:u_core_ctl|core_if:u_core_if|altsyncram:ins_mem_rtl_0|altsyncram_sr81:auto_generated|altsyncram:ram_block1a0|altsyncram_hr93:auto_generated|ram_block1a103~porta_address_reg0 ; clk          ; clk         ; 0.000        ; 0.219      ; 0.510      ;
; 0.187 ; core_ctl:u_core_ctl|core_perips:u_core_perips|axil_gpio:u_axil_gpio|s_axil_rvalid_reg          ; core_ctl:u_core_ctl|core_perips:u_core_perips|axil_gpio:u_axil_gpio|s_axil_rvalid_reg                                                                                                  ; clk          ; clk         ; 0.000        ; 0.036      ; 0.307      ;
; 0.188 ; core_ctl:u_core_ctl|wb_pc[4]                                                                   ; core_ctl:u_core_ctl|core_if:u_core_if|altsyncram:ins_mem_rtl_0|altsyncram_sr81:auto_generated|altsyncram:ram_block1a0|altsyncram_hr93:auto_generated|ram_block1a103~porta_address_reg0 ; clk          ; clk         ; 0.000        ; 0.224      ; 0.516      ;
; 0.190 ; core_ctl:u_core_ctl|wb_pc[2]                                                                   ; core_ctl:u_core_ctl|core_if:u_core_if|altsyncram:ins_mem_rtl_0|altsyncram_sr81:auto_generated|altsyncram:ram_block1a0|altsyncram_hr93:auto_generated|ram_block1a110~porta_address_reg0 ; clk          ; clk         ; 0.000        ; 0.217      ; 0.511      ;
; 0.192 ; core_ctl:u_core_ctl|exe_csr[17]                                                                ; core_ctl:u_core_ctl|perips_csr[17]                                                                                                                                                     ; clk          ; clk         ; 0.000        ; 0.037      ; 0.313      ;
; 0.192 ; core_ctl:u_core_ctl|exe_csr[2]                                                                 ; core_ctl:u_core_ctl|perips_csr[2]                                                                                                                                                      ; clk          ; clk         ; 0.000        ; 0.037      ; 0.313      ;
; 0.193 ; core_ctl:u_core_ctl|exe_csr[18]                                                                ; core_ctl:u_core_ctl|perips_csr[18]                                                                                                                                                     ; clk          ; clk         ; 0.000        ; 0.037      ; 0.314      ;
; 0.193 ; core_ctl:u_core_ctl|core_perips:u_core_perips|axil_uart:u_axil_uart|rx_sample_count[0]         ; core_ctl:u_core_ctl|core_perips:u_core_perips|axil_uart:u_axil_uart|rx_sample_count[0]                                                                                                 ; clk          ; clk         ; 0.000        ; 0.037      ; 0.314      ;
; 0.193 ; core_ctl:u_core_ctl|core_perips:u_core_perips|axil_uart:u_axil_uart|write_data_reg[6]          ; core_ctl:u_core_ctl|core_perips:u_core_perips|axil_uart:u_axil_uart|tx_data[6]                                                                                                         ; clk          ; clk         ; 0.000        ; 0.037      ; 0.314      ;
; 0.193 ; core_ctl:u_core_ctl|exe_csr[25]                                                                ; core_ctl:u_core_ctl|perips_csr[25]                                                                                                                                                     ; clk          ; clk         ; 0.000        ; 0.037      ; 0.314      ;
; 0.193 ; core_ctl:u_core_ctl|exe_csr[6]                                                                 ; core_ctl:u_core_ctl|perips_csr[6]                                                                                                                                                      ; clk          ; clk         ; 0.000        ; 0.037      ; 0.314      ;
; 0.193 ; core_ctl:u_core_ctl|wb_pc[15]                                                                  ; core_ctl:u_core_ctl|if_pc[15]                                                                                                                                                          ; clk          ; clk         ; 0.000        ; 0.037      ; 0.314      ;
; 0.193 ; core_ctl:u_core_ctl|wb_pc[25]                                                                  ; core_ctl:u_core_ctl|if_pc[25]                                                                                                                                                          ; clk          ; clk         ; 0.000        ; 0.037      ; 0.314      ;
; 0.194 ; core_ctl:u_core_ctl|exe_csr[27]                                                                ; core_ctl:u_core_ctl|perips_csr[27]                                                                                                                                                     ; clk          ; clk         ; 0.000        ; 0.037      ; 0.315      ;
; 0.194 ; core_ctl:u_core_ctl|exe_csr[24]                                                                ; core_ctl:u_core_ctl|perips_csr[24]                                                                                                                                                     ; clk          ; clk         ; 0.000        ; 0.037      ; 0.315      ;
; 0.194 ; core_ctl:u_core_ctl|exe_csr[19]                                                                ; core_ctl:u_core_ctl|perips_csr[19]                                                                                                                                                     ; clk          ; clk         ; 0.000        ; 0.037      ; 0.315      ;
+-------+------------------------------------------------------------------------------------------------+----------------------------------------------------------------------------------------------------------------------------------------------------------------------------------------+--------------+-------------+--------------+------------+------------+


+---------------------------------------------------------------------------------------------------------------------------------------------------------+
; Fast 1200mV 0C Model Recovery: 'clk'                                                                                                                    ;
+--------+---------------+----------------------------------------------------------+--------------+-------------+--------------+------------+------------+
; Slack  ; From Node     ; To Node                                                  ; Launch Clock ; Latch Clock ; Relationship ; Clock Skew ; Data Delay ;
+--------+---------------+----------------------------------------------------------+--------------+-------------+--------------+------------+------------+
; 18.248 ; rst_debounced ; core_ctl:u_core_ctl|exe_alures[16]                       ; clk          ; clk         ; 20.000       ; -0.035     ; 1.724      ;
; 18.249 ; rst_debounced ; core_ctl:u_core_ctl|ifid_ctl_alufunc[3]                  ; clk          ; clk         ; 20.000       ; -0.034     ; 1.724      ;
; 18.249 ; rst_debounced ; core_ctl:u_core_ctl|ifid_alusrc1[19]                     ; clk          ; clk         ; 20.000       ; -0.032     ; 1.726      ;
; 18.249 ; rst_debounced ; core_ctl:u_core_ctl|ifid_alusrc1[16]                     ; clk          ; clk         ; 20.000       ; -0.032     ; 1.726      ;
; 18.249 ; rst_debounced ; core_ctl:u_core_ctl|ifid_alusrc1[17]                     ; clk          ; clk         ; 20.000       ; -0.032     ; 1.726      ;
; 18.249 ; rst_debounced ; core_ctl:u_core_ctl|ifid_alusrc1[18]                     ; clk          ; clk         ; 20.000       ; -0.032     ; 1.726      ;
; 18.249 ; rst_debounced ; core_ctl:u_core_ctl|ifid_alusrc1[11]                     ; clk          ; clk         ; 20.000       ; -0.032     ; 1.726      ;
; 18.249 ; rst_debounced ; core_ctl:u_core_ctl|ifid_alusrc2[4]                      ; clk          ; clk         ; 20.000       ; -0.034     ; 1.724      ;
; 18.249 ; rst_debounced ; core_ctl:u_core_ctl|ifid_alusrc2[20]                     ; clk          ; clk         ; 20.000       ; -0.035     ; 1.723      ;
; 18.249 ; rst_debounced ; core_ctl:u_core_ctl|ifid_alusrc2[21]                     ; clk          ; clk         ; 20.000       ; -0.035     ; 1.723      ;
; 18.249 ; rst_debounced ; core_ctl:u_core_ctl|ifid_alusrc2[22]                     ; clk          ; clk         ; 20.000       ; -0.035     ; 1.723      ;
; 18.249 ; rst_debounced ; core_ctl:u_core_ctl|ifid_alusrc2[17]                     ; clk          ; clk         ; 20.000       ; -0.035     ; 1.723      ;
; 18.249 ; rst_debounced ; core_ctl:u_core_ctl|ifid_alusrc2[5]                      ; clk          ; clk         ; 20.000       ; -0.034     ; 1.724      ;
; 18.249 ; rst_debounced ; core_ctl:u_core_ctl|exe_nextpc[12]                       ; clk          ; clk         ; 20.000       ; -0.036     ; 1.722      ;
; 18.249 ; rst_debounced ; core_ctl:u_core_ctl|exe_nextpc[20]                       ; clk          ; clk         ; 20.000       ; -0.037     ; 1.721      ;
; 18.249 ; rst_debounced ; core_ctl:u_core_ctl|exe_nextpc[25]                       ; clk          ; clk         ; 20.000       ; -0.036     ; 1.722      ;
; 18.249 ; rst_debounced ; core_ctl:u_core_ctl|exe_nextpc[26]                       ; clk          ; clk         ; 20.000       ; -0.037     ; 1.721      ;
; 18.249 ; rst_debounced ; core_ctl:u_core_ctl|exe_nextpc[27]                       ; clk          ; clk         ; 20.000       ; -0.035     ; 1.723      ;
; 18.249 ; rst_debounced ; core_ctl:u_core_ctl|exe_nextpc[29]                       ; clk          ; clk         ; 20.000       ; -0.035     ; 1.723      ;
; 18.249 ; rst_debounced ; core_ctl:u_core_ctl|exe_nextpc[30]                       ; clk          ; clk         ; 20.000       ; -0.034     ; 1.724      ;
; 18.249 ; rst_debounced ; core_ctl:u_core_ctl|exe_nextpc[28]                       ; clk          ; clk         ; 20.000       ; -0.035     ; 1.723      ;
; 18.249 ; rst_debounced ; core_ctl:u_core_ctl|exe_nextpc[23]                       ; clk          ; clk         ; 20.000       ; -0.038     ; 1.720      ;
; 18.249 ; rst_debounced ; core_ctl:u_core_ctl|exe_nextpc[21]                       ; clk          ; clk         ; 20.000       ; -0.035     ; 1.723      ;
; 18.249 ; rst_debounced ; core_ctl:u_core_ctl|exe_nextpc[17]                       ; clk          ; clk         ; 20.000       ; -0.036     ; 1.722      ;
; 18.249 ; rst_debounced ; core_ctl:u_core_ctl|exe_nextpc[16]                       ; clk          ; clk         ; 20.000       ; -0.037     ; 1.721      ;
; 18.249 ; rst_debounced ; core_ctl:u_core_ctl|exe_nextpc[11]                       ; clk          ; clk         ; 20.000       ; -0.038     ; 1.720      ;
; 18.249 ; rst_debounced ; core_ctl:u_core_ctl|exe_csraddr[0]                       ; clk          ; clk         ; 20.000       ; -0.035     ; 1.723      ;
; 18.249 ; rst_debounced ; core_ctl:u_core_ctl|ifid_csr[12]                         ; clk          ; clk         ; 20.000       ; -0.037     ; 1.721      ;
; 18.249 ; rst_debounced ; core_ctl:u_core_ctl|ifid_csr[20]                         ; clk          ; clk         ; 20.000       ; -0.035     ; 1.723      ;
; 18.249 ; rst_debounced ; core_ctl:u_core_ctl|ifid_csr[17]                         ; clk          ; clk         ; 20.000       ; -0.035     ; 1.723      ;
; 18.249 ; rst_debounced ; core_ctl:u_core_ctl|ifid_csr[22]                         ; clk          ; clk         ; 20.000       ; -0.035     ; 1.723      ;
; 18.249 ; rst_debounced ; core_ctl:u_core_ctl|ifid_csr[21]                         ; clk          ; clk         ; 20.000       ; -0.035     ; 1.723      ;
; 18.249 ; rst_debounced ; core_ctl:u_core_ctl|ifid_csr[13]                         ; clk          ; clk         ; 20.000       ; -0.037     ; 1.721      ;
; 18.249 ; rst_debounced ; core_ctl:u_core_ctl|ifid_csr[11]                         ; clk          ; clk         ; 20.000       ; -0.037     ; 1.721      ;
; 18.249 ; rst_debounced ; core_ctl:u_core_ctl|ifid_csr[15]                         ; clk          ; clk         ; 20.000       ; -0.037     ; 1.721      ;
; 18.249 ; rst_debounced ; core_ctl:u_core_ctl|ifid_regdata2[17]                    ; clk          ; clk         ; 20.000       ; -0.035     ; 1.723      ;
; 18.249 ; rst_debounced ; core_ctl:u_core_ctl|ifid_regdata2[20]                    ; clk          ; clk         ; 20.000       ; -0.035     ; 1.723      ;
; 18.249 ; rst_debounced ; core_ctl:u_core_ctl|ifid_regdata2[21]                    ; clk          ; clk         ; 20.000       ; -0.035     ; 1.723      ;
; 18.249 ; rst_debounced ; core_ctl:u_core_ctl|ifid_regdata2[22]                    ; clk          ; clk         ; 20.000       ; -0.035     ; 1.723      ;
; 18.249 ; rst_debounced ; core_ctl:u_core_ctl|exe_nextpc[5]                        ; clk          ; clk         ; 20.000       ; -0.036     ; 1.722      ;
; 18.249 ; rst_debounced ; core_ctl:u_core_ctl|exe_nextpc[10]                       ; clk          ; clk         ; 20.000       ; -0.036     ; 1.722      ;
; 18.249 ; rst_debounced ; core_ctl:u_core_ctl|exe_nextpc[9]                        ; clk          ; clk         ; 20.000       ; -0.036     ; 1.722      ;
; 18.249 ; rst_debounced ; core_ctl:u_core_ctl|exe_nextpc[7]                        ; clk          ; clk         ; 20.000       ; -0.038     ; 1.720      ;
; 18.249 ; rst_debounced ; core_ctl:u_core_ctl|exe_nextpc[6]                        ; clk          ; clk         ; 20.000       ; -0.036     ; 1.722      ;
; 18.249 ; rst_debounced ; core_ctl:u_core_ctl|exe_nextpc[4]                        ; clk          ; clk         ; 20.000       ; -0.034     ; 1.724      ;
; 18.249 ; rst_debounced ; core_ctl:u_core_ctl|regfile_csr:u_regfile_csr|csr[5][11] ; clk          ; clk         ; 20.000       ; -0.040     ; 1.718      ;
; 18.249 ; rst_debounced ; core_ctl:u_core_ctl|regfile_csr:u_regfile_csr|csr[5][2]  ; clk          ; clk         ; 20.000       ; -0.040     ; 1.718      ;
; 18.249 ; rst_debounced ; core_ctl:u_core_ctl|regfile_csr:u_regfile_csr|csr[5][1]  ; clk          ; clk         ; 20.000       ; -0.040     ; 1.718      ;
; 18.249 ; rst_debounced ; core_ctl:u_core_ctl|regfile_csr:u_regfile_csr|csr[5][12] ; clk          ; clk         ; 20.000       ; -0.040     ; 1.718      ;
; 18.249 ; rst_debounced ; core_ctl:u_core_ctl|regfile_csr:u_regfile_csr|csr[5][20] ; clk          ; clk         ; 20.000       ; -0.040     ; 1.718      ;
; 18.249 ; rst_debounced ; core_ctl:u_core_ctl|regfile_csr:u_regfile_csr|csr[5][21] ; clk          ; clk         ; 20.000       ; -0.040     ; 1.718      ;
; 18.249 ; rst_debounced ; core_ctl:u_core_ctl|regfile_csr:u_regfile_csr|csr[5][24] ; clk          ; clk         ; 20.000       ; -0.040     ; 1.718      ;
; 18.249 ; rst_debounced ; core_ctl:u_core_ctl|regfile_csr:u_regfile_csr|csr[5][9]  ; clk          ; clk         ; 20.000       ; -0.040     ; 1.718      ;
; 18.249 ; rst_debounced ; core_ctl:u_core_ctl|regfile_csr:u_regfile_csr|csr[5][16] ; clk          ; clk         ; 20.000       ; -0.040     ; 1.718      ;
; 18.249 ; rst_debounced ; core_ctl:u_core_ctl|regfile_csr:u_regfile_csr|csr[5][29] ; clk          ; clk         ; 20.000       ; -0.040     ; 1.718      ;
; 18.249 ; rst_debounced ; core_ctl:u_core_ctl|regfile_csr:u_regfile_csr|csr[5][27] ; clk          ; clk         ; 20.000       ; -0.040     ; 1.718      ;
; 18.249 ; rst_debounced ; core_ctl:u_core_ctl|regfile_csr:u_regfile_csr|csr[5][6]  ; clk          ; clk         ; 20.000       ; -0.040     ; 1.718      ;
; 18.249 ; rst_debounced ; core_ctl:u_core_ctl|regfile_csr:u_regfile_csr|csr[5][0]  ; clk          ; clk         ; 20.000       ; -0.040     ; 1.718      ;
; 18.249 ; rst_debounced ; core_ctl:u_core_ctl|regfile_csr:u_regfile_csr|csr[6][12] ; clk          ; clk         ; 20.000       ; -0.038     ; 1.720      ;
; 18.249 ; rst_debounced ; core_ctl:u_core_ctl|regfile_csr:u_regfile_csr|csr[6][20] ; clk          ; clk         ; 20.000       ; -0.040     ; 1.718      ;
; 18.249 ; rst_debounced ; core_ctl:u_core_ctl|regfile_csr:u_regfile_csr|csr[6][22] ; clk          ; clk         ; 20.000       ; -0.038     ; 1.720      ;
; 18.249 ; rst_debounced ; core_ctl:u_core_ctl|regfile_csr:u_regfile_csr|csr[6][21] ; clk          ; clk         ; 20.000       ; -0.038     ; 1.720      ;
; 18.249 ; rst_debounced ; core_ctl:u_core_ctl|regfile_csr:u_regfile_csr|csr[6][19] ; clk          ; clk         ; 20.000       ; -0.038     ; 1.720      ;
; 18.249 ; rst_debounced ; core_ctl:u_core_ctl|regfile_csr:u_regfile_csr|csr[6][13] ; clk          ; clk         ; 20.000       ; -0.038     ; 1.720      ;
; 18.249 ; rst_debounced ; core_ctl:u_core_ctl|regfile_csr:u_regfile_csr|csr[6][14] ; clk          ; clk         ; 20.000       ; -0.038     ; 1.720      ;
; 18.249 ; rst_debounced ; core_ctl:u_core_ctl|regfile_csr:u_regfile_csr|csr[6][24] ; clk          ; clk         ; 20.000       ; -0.038     ; 1.720      ;
; 18.249 ; rst_debounced ; core_ctl:u_core_ctl|regfile_csr:u_regfile_csr|csr[6][8]  ; clk          ; clk         ; 20.000       ; -0.038     ; 1.720      ;
; 18.249 ; rst_debounced ; core_ctl:u_core_ctl|regfile_csr:u_regfile_csr|csr[6][0]  ; clk          ; clk         ; 20.000       ; -0.040     ; 1.718      ;
; 18.249 ; rst_debounced ; core_ctl:u_core_ctl|regfile_csr:u_regfile_csr|csr[6][11] ; clk          ; clk         ; 20.000       ; -0.038     ; 1.720      ;
; 18.249 ; rst_debounced ; core_ctl:u_core_ctl|regfile_csr:u_regfile_csr|csr[6][15] ; clk          ; clk         ; 20.000       ; -0.038     ; 1.720      ;
; 18.249 ; rst_debounced ; core_ctl:u_core_ctl|regfile_csr:u_regfile_csr|csr[6][1]  ; clk          ; clk         ; 20.000       ; -0.038     ; 1.720      ;
; 18.249 ; rst_debounced ; core_ctl:u_core_ctl|regfile_csr:u_regfile_csr|csr[6][29] ; clk          ; clk         ; 20.000       ; -0.040     ; 1.718      ;
; 18.249 ; rst_debounced ; core_ctl:u_core_ctl|exe_alures[0]                        ; clk          ; clk         ; 20.000       ; -0.035     ; 1.723      ;
; 18.249 ; rst_debounced ; core_ctl:u_core_ctl|exe_nextpc[2]                        ; clk          ; clk         ; 20.000       ; -0.036     ; 1.722      ;
; 18.249 ; rst_debounced ; core_ctl:u_core_ctl|exe_nextpc[3]                        ; clk          ; clk         ; 20.000       ; -0.036     ; 1.722      ;
; 18.249 ; rst_debounced ; core_ctl:u_core_ctl|exe_nextpc[1]                        ; clk          ; clk         ; 20.000       ; -0.036     ; 1.722      ;
; 18.249 ; rst_debounced ; core_ctl:u_core_ctl|exe_alures[17]                       ; clk          ; clk         ; 20.000       ; -0.036     ; 1.722      ;
; 18.249 ; rst_debounced ; core_ctl:u_core_ctl|exe_alures[23]                       ; clk          ; clk         ; 20.000       ; -0.038     ; 1.720      ;
; 18.249 ; rst_debounced ; core_ctl:u_core_ctl|exe_alures[7]                        ; clk          ; clk         ; 20.000       ; -0.038     ; 1.720      ;
; 18.249 ; rst_debounced ; core_ctl:u_core_ctl|exe_alures[11]                       ; clk          ; clk         ; 20.000       ; -0.038     ; 1.720      ;
; 18.249 ; rst_debounced ; core_ctl:u_core_ctl|exe_alures[15]                       ; clk          ; clk         ; 20.000       ; -0.036     ; 1.722      ;
; 18.249 ; rst_debounced ; core_ctl:u_core_ctl|exe_alures[3]                        ; clk          ; clk         ; 20.000       ; -0.035     ; 1.723      ;
; 18.249 ; rst_debounced ; core_ctl:u_core_ctl|exe_alures[19]                       ; clk          ; clk         ; 20.000       ; -0.036     ; 1.722      ;
; 18.249 ; rst_debounced ; core_ctl:u_core_ctl|exe_alures[24]                       ; clk          ; clk         ; 20.000       ; -0.037     ; 1.721      ;
; 18.249 ; rst_debounced ; core_ctl:u_core_ctl|exe_alures[25]                       ; clk          ; clk         ; 20.000       ; -0.036     ; 1.722      ;
; 18.249 ; rst_debounced ; core_ctl:u_core_ctl|exe_alures[9]                        ; clk          ; clk         ; 20.000       ; -0.036     ; 1.722      ;
; 18.249 ; rst_debounced ; core_ctl:u_core_ctl|exe_alures[21]                       ; clk          ; clk         ; 20.000       ; -0.036     ; 1.722      ;
; 18.249 ; rst_debounced ; core_ctl:u_core_ctl|exe_alures[5]                        ; clk          ; clk         ; 20.000       ; -0.036     ; 1.722      ;
; 18.249 ; rst_debounced ; core_ctl:u_core_ctl|exe_alures[29]                       ; clk          ; clk         ; 20.000       ; -0.035     ; 1.723      ;
; 18.249 ; rst_debounced ; core_ctl:u_core_ctl|exe_alures[30]                       ; clk          ; clk         ; 20.000       ; -0.034     ; 1.724      ;
; 18.249 ; rst_debounced ; core_ctl:u_core_ctl|exe_alures[22]                       ; clk          ; clk         ; 20.000       ; -0.036     ; 1.722      ;
; 18.249 ; rst_debounced ; core_ctl:u_core_ctl|exe_alures[6]                        ; clk          ; clk         ; 20.000       ; -0.036     ; 1.722      ;
; 18.249 ; rst_debounced ; core_ctl:u_core_ctl|exe_alures[26]                       ; clk          ; clk         ; 20.000       ; -0.037     ; 1.721      ;
; 18.249 ; rst_debounced ; core_ctl:u_core_ctl|exe_alures[10]                       ; clk          ; clk         ; 20.000       ; -0.036     ; 1.722      ;
; 18.249 ; rst_debounced ; core_ctl:u_core_ctl|exe_alures[18]                       ; clk          ; clk         ; 20.000       ; -0.036     ; 1.722      ;
; 18.249 ; rst_debounced ; core_ctl:u_core_ctl|exe_alures[2]                        ; clk          ; clk         ; 20.000       ; -0.034     ; 1.724      ;
; 18.249 ; rst_debounced ; core_ctl:u_core_ctl|exe_alures[28]                       ; clk          ; clk         ; 20.000       ; -0.035     ; 1.723      ;
; 18.249 ; rst_debounced ; core_ctl:u_core_ctl|exe_alures[20]                       ; clk          ; clk         ; 20.000       ; -0.036     ; 1.722      ;
; 18.249 ; rst_debounced ; core_ctl:u_core_ctl|exe_alures[12]                       ; clk          ; clk         ; 20.000       ; -0.036     ; 1.722      ;
; 18.249 ; rst_debounced ; core_ctl:u_core_ctl|exe_alures[4]                        ; clk          ; clk         ; 20.000       ; -0.034     ; 1.724      ;
+--------+---------------+----------------------------------------------------------+--------------+-------------+--------------+------------+------------+


+--------------------------------------------------------------------------------------------------------------------------------------------------------+
; Fast 1200mV 0C Model Removal: 'clk'                                                                                                                    ;
+-------+---------------+----------------------------------------------------------+--------------+-------------+--------------+------------+------------+
; Slack ; From Node     ; To Node                                                  ; Launch Clock ; Latch Clock ; Relationship ; Clock Skew ; Data Delay ;
+-------+---------------+----------------------------------------------------------+--------------+-------------+--------------+------------+------------+
; 1.383 ; rst_debounced ; core_ctl:u_core_ctl|regfile_csr:u_regfile_csr|csr[3][16] ; clk          ; clk         ; 0.000        ; 0.047      ; 1.514      ;
; 1.388 ; rst_debounced ; core_ctl:u_core_ctl|ifid_alusrc1[11]                     ; clk          ; clk         ; 0.000        ; 0.051      ; 1.523      ;
; 1.389 ; rst_debounced ; core_ctl:u_core_ctl|ifid_ctl_alufunc[3]                  ; clk          ; clk         ; 0.000        ; 0.048      ; 1.521      ;
; 1.389 ; rst_debounced ; core_ctl:u_core_ctl|ifid_ctl_alufunc[1]                  ; clk          ; clk         ; 0.000        ; 0.048      ; 1.521      ;
; 1.389 ; rst_debounced ; core_ctl:u_core_ctl|ifid_ctl_alufunc[2]                  ; clk          ; clk         ; 0.000        ; 0.048      ; 1.521      ;
; 1.389 ; rst_debounced ; core_ctl:u_core_ctl|ifid_ctl_alufunc[0]                  ; clk          ; clk         ; 0.000        ; 0.049      ; 1.522      ;
; 1.389 ; rst_debounced ; core_ctl:u_core_ctl|ifid_alusrc1[6]                      ; clk          ; clk         ; 0.000        ; 0.050      ; 1.523      ;
; 1.389 ; rst_debounced ; core_ctl:u_core_ctl|ifid_alusrc1[2]                      ; clk          ; clk         ; 0.000        ; 0.050      ; 1.523      ;
; 1.389 ; rst_debounced ; core_ctl:u_core_ctl|ifid_alusrc1[29]                     ; clk          ; clk         ; 0.000        ; 0.049      ; 1.522      ;
; 1.389 ; rst_debounced ; core_ctl:u_core_ctl|ifid_alusrc1[1]                      ; clk          ; clk         ; 0.000        ; 0.050      ; 1.523      ;
; 1.389 ; rst_debounced ; core_ctl:u_core_ctl|ifid_alusrc1[8]                      ; clk          ; clk         ; 0.000        ; 0.050      ; 1.523      ;
; 1.389 ; rst_debounced ; core_ctl:u_core_ctl|ifid_alusrc1[4]                      ; clk          ; clk         ; 0.000        ; 0.050      ; 1.523      ;
; 1.389 ; rst_debounced ; core_ctl:u_core_ctl|ifid_alusrc1[10]                     ; clk          ; clk         ; 0.000        ; 0.049      ; 1.522      ;
; 1.389 ; rst_debounced ; core_ctl:u_core_ctl|ifid_alusrc1[3]                      ; clk          ; clk         ; 0.000        ; 0.050      ; 1.523      ;
; 1.389 ; rst_debounced ; core_ctl:u_core_ctl|ifid_alusrc1[23]                     ; clk          ; clk         ; 0.000        ; 0.049      ; 1.522      ;
; 1.389 ; rst_debounced ; core_ctl:u_core_ctl|ifid_alusrc1[30]                     ; clk          ; clk         ; 0.000        ; 0.049      ; 1.522      ;
; 1.389 ; rst_debounced ; core_ctl:u_core_ctl|ifid_alusrc1[5]                      ; clk          ; clk         ; 0.000        ; 0.050      ; 1.523      ;
; 1.389 ; rst_debounced ; core_ctl:u_core_ctl|ifid_alusrc1[13]                     ; clk          ; clk         ; 0.000        ; 0.050      ; 1.523      ;
; 1.389 ; rst_debounced ; core_ctl:u_core_ctl|ifid_alusrc1[19]                     ; clk          ; clk         ; 0.000        ; 0.050      ; 1.523      ;
; 1.389 ; rst_debounced ; core_ctl:u_core_ctl|ifid_alusrc1[20]                     ; clk          ; clk         ; 0.000        ; 0.049      ; 1.522      ;
; 1.389 ; rst_debounced ; core_ctl:u_core_ctl|ifid_alusrc1[12]                     ; clk          ; clk         ; 0.000        ; 0.050      ; 1.523      ;
; 1.389 ; rst_debounced ; core_ctl:u_core_ctl|ifid_alusrc1[16]                     ; clk          ; clk         ; 0.000        ; 0.050      ; 1.523      ;
; 1.389 ; rst_debounced ; core_ctl:u_core_ctl|ifid_alusrc1[17]                     ; clk          ; clk         ; 0.000        ; 0.050      ; 1.523      ;
; 1.389 ; rst_debounced ; core_ctl:u_core_ctl|ifid_alusrc1[15]                     ; clk          ; clk         ; 0.000        ; 0.050      ; 1.523      ;
; 1.389 ; rst_debounced ; core_ctl:u_core_ctl|ifid_alusrc1[7]                      ; clk          ; clk         ; 0.000        ; 0.050      ; 1.523      ;
; 1.389 ; rst_debounced ; core_ctl:u_core_ctl|ifid_alusrc1[9]                      ; clk          ; clk         ; 0.000        ; 0.050      ; 1.523      ;
; 1.389 ; rst_debounced ; core_ctl:u_core_ctl|ifid_alusrc1[21]                     ; clk          ; clk         ; 0.000        ; 0.049      ; 1.522      ;
; 1.389 ; rst_debounced ; core_ctl:u_core_ctl|ifid_alusrc1[22]                     ; clk          ; clk         ; 0.000        ; 0.049      ; 1.522      ;
; 1.389 ; rst_debounced ; core_ctl:u_core_ctl|ifid_alusrc1[18]                     ; clk          ; clk         ; 0.000        ; 0.050      ; 1.523      ;
; 1.389 ; rst_debounced ; core_ctl:u_core_ctl|ifid_alusrc1[31]                     ; clk          ; clk         ; 0.000        ; 0.049      ; 1.522      ;
; 1.389 ; rst_debounced ; core_ctl:u_core_ctl|ifid_alusrc1[28]                     ; clk          ; clk         ; 0.000        ; 0.049      ; 1.522      ;
; 1.389 ; rst_debounced ; core_ctl:u_core_ctl|ifid_alusrc1[27]                     ; clk          ; clk         ; 0.000        ; 0.049      ; 1.522      ;
; 1.389 ; rst_debounced ; core_ctl:u_core_ctl|ifid_alusrc1[14]                     ; clk          ; clk         ; 0.000        ; 0.050      ; 1.523      ;
; 1.389 ; rst_debounced ; core_ctl:u_core_ctl|ifid_alusrc2[3]                      ; clk          ; clk         ; 0.000        ; 0.049      ; 1.522      ;
; 1.389 ; rst_debounced ; core_ctl:u_core_ctl|ifid_alusrc2[2]                      ; clk          ; clk         ; 0.000        ; 0.049      ; 1.522      ;
; 1.389 ; rst_debounced ; core_ctl:u_core_ctl|ifid_alusrc2[1]                      ; clk          ; clk         ; 0.000        ; 0.049      ; 1.522      ;
; 1.389 ; rst_debounced ; core_ctl:u_core_ctl|ifid_alusrc2[0]                      ; clk          ; clk         ; 0.000        ; 0.049      ; 1.522      ;
; 1.389 ; rst_debounced ; core_ctl:u_core_ctl|ifid_alusrc2[4]                      ; clk          ; clk         ; 0.000        ; 0.048      ; 1.521      ;
; 1.389 ; rst_debounced ; core_ctl:u_core_ctl|ifid_ctl_csrw                        ; clk          ; clk         ; 0.000        ; 0.048      ; 1.521      ;
; 1.389 ; rst_debounced ; core_ctl:u_core_ctl|ifid_alusrc2[29]                     ; clk          ; clk         ; 0.000        ; 0.046      ; 1.519      ;
; 1.389 ; rst_debounced ; core_ctl:u_core_ctl|ifid_alusrc2[15]                     ; clk          ; clk         ; 0.000        ; 0.050      ; 1.523      ;
; 1.389 ; rst_debounced ; core_ctl:u_core_ctl|ifid_alusrc2[23]                     ; clk          ; clk         ; 0.000        ; 0.047      ; 1.520      ;
; 1.389 ; rst_debounced ; core_ctl:u_core_ctl|ifid_alusrc2[16]                     ; clk          ; clk         ; 0.000        ; 0.048      ; 1.521      ;
; 1.389 ; rst_debounced ; core_ctl:u_core_ctl|ifid_alusrc2[18]                     ; clk          ; clk         ; 0.000        ; 0.048      ; 1.521      ;
; 1.389 ; rst_debounced ; core_ctl:u_core_ctl|ifid_alusrc2[19]                     ; clk          ; clk         ; 0.000        ; 0.048      ; 1.521      ;
; 1.389 ; rst_debounced ; core_ctl:u_core_ctl|ifid_alusrc2[20]                     ; clk          ; clk         ; 0.000        ; 0.047      ; 1.520      ;
; 1.389 ; rst_debounced ; core_ctl:u_core_ctl|ifid_alusrc2[21]                     ; clk          ; clk         ; 0.000        ; 0.047      ; 1.520      ;
; 1.389 ; rst_debounced ; core_ctl:u_core_ctl|ifid_alusrc2[25]                     ; clk          ; clk         ; 0.000        ; 0.048      ; 1.521      ;
; 1.389 ; rst_debounced ; core_ctl:u_core_ctl|ifid_alusrc2[22]                     ; clk          ; clk         ; 0.000        ; 0.047      ; 1.520      ;
; 1.389 ; rst_debounced ; core_ctl:u_core_ctl|ifid_alusrc2[24]                     ; clk          ; clk         ; 0.000        ; 0.047      ; 1.520      ;
; 1.389 ; rst_debounced ; core_ctl:u_core_ctl|ifid_alusrc2[26]                     ; clk          ; clk         ; 0.000        ; 0.046      ; 1.519      ;
; 1.389 ; rst_debounced ; core_ctl:u_core_ctl|ifid_alusrc2[17]                     ; clk          ; clk         ; 0.000        ; 0.047      ; 1.520      ;
; 1.389 ; rst_debounced ; core_ctl:u_core_ctl|ifid_alusrc2[30]                     ; clk          ; clk         ; 0.000        ; 0.046      ; 1.519      ;
; 1.389 ; rst_debounced ; core_ctl:u_core_ctl|ifid_alusrc2[27]                     ; clk          ; clk         ; 0.000        ; 0.046      ; 1.519      ;
; 1.389 ; rst_debounced ; core_ctl:u_core_ctl|ifid_alusrc2[28]                     ; clk          ; clk         ; 0.000        ; 0.046      ; 1.519      ;
; 1.389 ; rst_debounced ; core_ctl:u_core_ctl|ifid_alusrc2[13]                     ; clk          ; clk         ; 0.000        ; 0.047      ; 1.520      ;
; 1.389 ; rst_debounced ; core_ctl:u_core_ctl|ifid_alusrc2[14]                     ; clk          ; clk         ; 0.000        ; 0.047      ; 1.520      ;
; 1.389 ; rst_debounced ; core_ctl:u_core_ctl|ifid_alusrc2[31]                     ; clk          ; clk         ; 0.000        ; 0.046      ; 1.519      ;
; 1.389 ; rst_debounced ; core_ctl:u_core_ctl|ifid_alusrc2[12]                     ; clk          ; clk         ; 0.000        ; 0.050      ; 1.523      ;
; 1.389 ; rst_debounced ; core_ctl:u_core_ctl|ifid_alusrc2[5]                      ; clk          ; clk         ; 0.000        ; 0.048      ; 1.521      ;
; 1.389 ; rst_debounced ; core_ctl:u_core_ctl|ifid_alusrc2[6]                      ; clk          ; clk         ; 0.000        ; 0.046      ; 1.519      ;
; 1.389 ; rst_debounced ; core_ctl:u_core_ctl|ifid_alusrc2[7]                      ; clk          ; clk         ; 0.000        ; 0.047      ; 1.520      ;
; 1.389 ; rst_debounced ; core_ctl:u_core_ctl|ifid_alusrc2[8]                      ; clk          ; clk         ; 0.000        ; 0.047      ; 1.520      ;
; 1.389 ; rst_debounced ; core_ctl:u_core_ctl|ifid_alusrc2[9]                      ; clk          ; clk         ; 0.000        ; 0.046      ; 1.519      ;
; 1.389 ; rst_debounced ; core_ctl:u_core_ctl|ifid_alusrc2[10]                     ; clk          ; clk         ; 0.000        ; 0.047      ; 1.520      ;
; 1.389 ; rst_debounced ; core_ctl:u_core_ctl|ifid_alusrc2[11]                     ; clk          ; clk         ; 0.000        ; 0.047      ; 1.520      ;
; 1.389 ; rst_debounced ; core_ctl:u_core_ctl|ifid_ctl_memw[0]                     ; clk          ; clk         ; 0.000        ; 0.048      ; 1.521      ;
; 1.389 ; rst_debounced ; core_ctl:u_core_ctl|ifid_ctl_memw[1]                     ; clk          ; clk         ; 0.000        ; 0.048      ; 1.521      ;
; 1.389 ; rst_debounced ; core_ctl:u_core_ctl|ifid_ctl_nextfunc[3]                 ; clk          ; clk         ; 0.000        ; 0.048      ; 1.521      ;
; 1.389 ; rst_debounced ; core_ctl:u_core_ctl|ifid_ctl_peripsen                    ; clk          ; clk         ; 0.000        ; 0.046      ; 1.519      ;
; 1.389 ; rst_debounced ; core_ctl:u_core_ctl|exe_nextpc[12]                       ; clk          ; clk         ; 0.000        ; 0.046      ; 1.519      ;
; 1.389 ; rst_debounced ; core_ctl:u_core_ctl|exe_nextpc[18]                       ; clk          ; clk         ; 0.000        ; 0.048      ; 1.521      ;
; 1.389 ; rst_debounced ; core_ctl:u_core_ctl|exe_nextpc[20]                       ; clk          ; clk         ; 0.000        ; 0.045      ; 1.518      ;
; 1.389 ; rst_debounced ; core_ctl:u_core_ctl|exe_nextpc[25]                       ; clk          ; clk         ; 0.000        ; 0.046      ; 1.519      ;
; 1.389 ; rst_debounced ; core_ctl:u_core_ctl|exe_nextpc[26]                       ; clk          ; clk         ; 0.000        ; 0.045      ; 1.518      ;
; 1.389 ; rst_debounced ; core_ctl:u_core_ctl|exe_nextpc[27]                       ; clk          ; clk         ; 0.000        ; 0.047      ; 1.520      ;
; 1.389 ; rst_debounced ; core_ctl:u_core_ctl|exe_nextpc[31]                       ; clk          ; clk         ; 0.000        ; 0.048      ; 1.521      ;
; 1.389 ; rst_debounced ; core_ctl:u_core_ctl|exe_nextpc[28]                       ; clk          ; clk         ; 0.000        ; 0.047      ; 1.520      ;
; 1.389 ; rst_debounced ; core_ctl:u_core_ctl|exe_nextpc[24]                       ; clk          ; clk         ; 0.000        ; 0.048      ; 1.521      ;
; 1.389 ; rst_debounced ; core_ctl:u_core_ctl|exe_nextpc[23]                       ; clk          ; clk         ; 0.000        ; 0.044      ; 1.517      ;
; 1.389 ; rst_debounced ; core_ctl:u_core_ctl|exe_nextpc[22]                       ; clk          ; clk         ; 0.000        ; 0.048      ; 1.521      ;
; 1.389 ; rst_debounced ; core_ctl:u_core_ctl|exe_nextpc[21]                       ; clk          ; clk         ; 0.000        ; 0.047      ; 1.520      ;
; 1.389 ; rst_debounced ; core_ctl:u_core_ctl|exe_nextpc[19]                       ; clk          ; clk         ; 0.000        ; 0.048      ; 1.521      ;
; 1.389 ; rst_debounced ; core_ctl:u_core_ctl|exe_nextpc[17]                       ; clk          ; clk         ; 0.000        ; 0.046      ; 1.519      ;
; 1.389 ; rst_debounced ; core_ctl:u_core_ctl|exe_nextpc[16]                       ; clk          ; clk         ; 0.000        ; 0.045      ; 1.518      ;
; 1.389 ; rst_debounced ; core_ctl:u_core_ctl|exe_nextpc[15]                       ; clk          ; clk         ; 0.000        ; 0.049      ; 1.522      ;
; 1.389 ; rst_debounced ; core_ctl:u_core_ctl|exe_nextpc[14]                       ; clk          ; clk         ; 0.000        ; 0.049      ; 1.522      ;
; 1.389 ; rst_debounced ; core_ctl:u_core_ctl|exe_nextpc[13]                       ; clk          ; clk         ; 0.000        ; 0.049      ; 1.522      ;
; 1.389 ; rst_debounced ; core_ctl:u_core_ctl|exe_nextpc[11]                       ; clk          ; clk         ; 0.000        ; 0.044      ; 1.517      ;
; 1.389 ; rst_debounced ; core_ctl:u_core_ctl|exe_csraddr[0]                       ; clk          ; clk         ; 0.000        ; 0.047      ; 1.520      ;
; 1.389 ; rst_debounced ; core_ctl:u_core_ctl|ifid_csr[28]                         ; clk          ; clk         ; 0.000        ; 0.046      ; 1.519      ;
; 1.389 ; rst_debounced ; core_ctl:u_core_ctl|ifid_csr[23]                         ; clk          ; clk         ; 0.000        ; 0.047      ; 1.520      ;
; 1.389 ; rst_debounced ; core_ctl:u_core_ctl|ifid_csr[7]                          ; clk          ; clk         ; 0.000        ; 0.047      ; 1.520      ;
; 1.389 ; rst_debounced ; core_ctl:u_core_ctl|ifid_csr[12]                         ; clk          ; clk         ; 0.000        ; 0.045      ; 1.518      ;
; 1.389 ; rst_debounced ; core_ctl:u_core_ctl|ifid_csr[18]                         ; clk          ; clk         ; 0.000        ; 0.048      ; 1.521      ;
; 1.389 ; rst_debounced ; core_ctl:u_core_ctl|ifid_csr[20]                         ; clk          ; clk         ; 0.000        ; 0.047      ; 1.520      ;
; 1.389 ; rst_debounced ; core_ctl:u_core_ctl|ifid_csr[25]                         ; clk          ; clk         ; 0.000        ; 0.048      ; 1.521      ;
; 1.389 ; rst_debounced ; core_ctl:u_core_ctl|ifid_csr[17]                         ; clk          ; clk         ; 0.000        ; 0.047      ; 1.520      ;
; 1.389 ; rst_debounced ; core_ctl:u_core_ctl|ifid_csr[22]                         ; clk          ; clk         ; 0.000        ; 0.047      ; 1.520      ;
; 1.389 ; rst_debounced ; core_ctl:u_core_ctl|ifid_csr[21]                         ; clk          ; clk         ; 0.000        ; 0.047      ; 1.520      ;
+-------+---------------+----------------------------------------------------------+--------------+-------------+--------------+------------+------------+


----------------------------------------------
; Fast 1200mV 0C Model Metastability Summary ;
----------------------------------------------
No synchronizer chains to report.


+-----------------------------------------------------------------------------+
; Multicorner Timing Analysis Summary                                         ;
+------------------+-------+-------+----------+---------+---------------------+
; Clock            ; Setup ; Hold  ; Recovery ; Removal ; Minimum Pulse Width ;
+------------------+-------+-------+----------+---------+---------------------+
; Worst-case Slack ; 1.340 ; 0.159 ; 16.243   ; 1.383   ; 9.370               ;
;  clk             ; 1.340 ; 0.159 ; 16.243   ; 1.383   ; 9.370               ;
; Design-wide TNS  ; 0.0   ; 0.0   ; 0.0      ; 0.0     ; 0.0                 ;
;  clk             ; 0.000 ; 0.000 ; 0.000    ; 0.000   ; 0.000               ;
+------------------+-------+-------+----------+---------+---------------------+


+------------------------------------------------------------------------------------------------------------------------------------------------------------------------------------------------------------------------------------------------------------------------------------------------------------------------------------------------------------------------------------------------------------------+
; Board Trace Model Assignments                                                                                                                                                                                                                                                                                                                                                                                    ;
+---------------+--------------+-------------------+-------------------------+-------------------------+---------------+---------------------+----------------+------------------+--------+------------------+------------------------+------------------------+--------------+---------------+-----------------+-------+---------------------+--------------------+---------------+-----------------+-------------+
; Pin           ; I/O Standard ; Near Tline Length ; Near Tline L per Length ; Near Tline C per Length ; Near Series R ; Near Differential R ; Near Pull-up R ; Near Pull-down R ; Near C ; Far Tline Length ; Far Tline L per Length ; Far Tline C per Length ; Far Series R ; Far Pull-up R ; Far Pull-down R ; Far C ; Termination Voltage ; Far Differential R ; EBD File Name ; EBD Signal Name ; EBD Far-end ;
+---------------+--------------+-------------------+-------------------------+-------------------------+---------------+---------------------+----------------+------------------+--------+------------------+------------------------+------------------------+--------------+---------------+-----------------+-------+---------------------+--------------------+---------------+-----------------+-------------+
; uart_tx       ; 2.5 V        ; 0 in              ; 0 H/in                  ; 0 F/in                  ; short         ; -                   ; open           ; open             ; open   ; 0 in             ; 0 H/in                 ; 0 F/in                 ; short        ; open          ; open            ; open  ; 0 V                 ; -                  ; n/a           ; n/a             ; n/a         ;
; gpio[0]       ; 2.5 V        ; 0 in              ; 0 H/in                  ; 0 F/in                  ; short         ; -                   ; open           ; open             ; open   ; 0 in             ; 0 H/in                 ; 0 F/in                 ; short        ; open          ; open            ; open  ; 0 V                 ; -                  ; n/a           ; n/a             ; n/a         ;
; gpio[1]       ; 2.5 V        ; 0 in              ; 0 H/in                  ; 0 F/in                  ; short         ; -                   ; open           ; open             ; open   ; 0 in             ; 0 H/in                 ; 0 F/in                 ; short        ; open          ; open            ; open  ; 0 V                 ; -                  ; n/a           ; n/a             ; n/a         ;
; gpio[2]       ; 2.5 V        ; 0 in              ; 0 H/in                  ; 0 F/in                  ; short         ; -                   ; open           ; open             ; open   ; 0 in             ; 0 H/in                 ; 0 F/in                 ; short        ; open          ; open            ; open  ; 0 V                 ; -                  ; n/a           ; n/a             ; n/a         ;
; gpio[3]       ; 2.5 V        ; 0 in              ; 0 H/in                  ; 0 F/in                  ; short         ; -                   ; open           ; open             ; open   ; 0 in             ; 0 H/in                 ; 0 F/in                 ; short        ; open          ; open            ; open  ; 0 V                 ; -                  ; n/a           ; n/a             ; n/a         ;
; ~ALTERA_DCLK~ ; 2.5 V        ; 0 in              ; 0 H/in                  ; 0 F/in                  ; short         ; -                   ; open           ; open             ; open   ; 0 in             ; 0 H/in                 ; 0 F/in                 ; short        ; open          ; open            ; open  ; 0 V                 ; -                  ; n/a           ; n/a             ; n/a         ;
; ~ALTERA_nCEO~ ; 2.5 V        ; 0 in              ; 0 H/in                  ; 0 F/in                  ; short         ; -                   ; open           ; open             ; open   ; 0 in             ; 0 H/in                 ; 0 F/in                 ; short        ; open          ; open            ; open  ; 0 V                 ; -                  ; n/a           ; n/a             ; n/a         ;
+---------------+--------------+-------------------+-------------------------+-------------------------+---------------+---------------------+----------------+------------------+--------+------------------+------------------------+------------------------+--------------+---------------+-----------------+-------+---------------------+--------------------+---------------+-----------------+-------------+


+----------------------------------------------------------------------------+
; Input Transition Times                                                     ;
+-------------------------+--------------+-----------------+-----------------+
; Pin                     ; I/O Standard ; 10-90 Rise Time ; 90-10 Fall Time ;
+-------------------------+--------------+-----------------+-----------------+
; clk                     ; 2.5 V        ; 2000 ps         ; 2000 ps         ;
; rst_n                   ; 2.5 V        ; 2000 ps         ; 2000 ps         ;
; uart_rx                 ; 2.5 V        ; 2000 ps         ; 2000 ps         ;
; ~ALTERA_ASDO_DATA1~     ; 2.5 V        ; 2000 ps         ; 2000 ps         ;
; ~ALTERA_FLASH_nCE_nCSO~ ; 2.5 V        ; 2000 ps         ; 2000 ps         ;
; ~ALTERA_DATA0~          ; 2.5 V        ; 2000 ps         ; 2000 ps         ;
+-------------------------+--------------+-----------------+-----------------+


+--------------------------------------------------------------------------------------------------------------------------------------------------------------------------------------------------------------------------------------------------------------------------------------------------------------------------------------------------------------------------------------------------------------------------------------------------------------------------------------------------------------------------------------------------------------------------------------------------------------------------------------------------------------------------------------------+
; Signal Integrity Metrics (Slow 1200mv 0c Model)                                                                                                                                                                                                                                                                                                                                                                                                                                                                                                                                                                                                                                            ;
+---------------+--------------+---------------------+---------------------+------------------------------+------------------------------+---------------------+---------------------+--------------------------------------+--------------------------------------+-----------------------------+-----------------------------+----------------------------+----------------------------+-----------------------------+-----------------------------+--------------------+--------------------+-------------------------------------+-------------------------------------+----------------------------+----------------------------+---------------------------+---------------------------+
; Pin           ; I/O Standard ; Board Delay on Rise ; Board Delay on Fall ; Steady State Voh at FPGA Pin ; Steady State Vol at FPGA Pin ; Voh Max at FPGA Pin ; Vol Min at FPGA Pin ; Ringback Voltage on Rise at FPGA Pin ; Ringback Voltage on Fall at FPGA Pin ; 10-90 Rise Time at FPGA Pin ; 90-10 Fall Time at FPGA Pin ; Monotonic Rise at FPGA Pin ; Monotonic Fall at FPGA Pin ; Steady State Voh at Far-end ; Steady State Vol at Far-end ; Voh Max at Far-end ; Vol Min at Far-end ; Ringback Voltage on Rise at Far-end ; Ringback Voltage on Fall at Far-end ; 10-90 Rise Time at Far-end ; 90-10 Fall Time at Far-end ; Monotonic Rise at Far-end ; Monotonic Fall at Far-end ;
+---------------+--------------+---------------------+---------------------+------------------------------+------------------------------+---------------------+---------------------+--------------------------------------+--------------------------------------+-----------------------------+-----------------------------+----------------------------+----------------------------+-----------------------------+-----------------------------+--------------------+--------------------+-------------------------------------+-------------------------------------+----------------------------+----------------------------+---------------------------+---------------------------+
; uart_tx       ; 2.5 V        ; 0 s                 ; 0 s                 ; 2.32 V                       ; 2.8e-09 V                    ; 2.37 V              ; -0.00373 V          ; 0.104 V                              ; 0.011 V                              ; 4.34e-10 s                  ; 3.82e-10 s                  ; Yes                        ; Yes                        ; 2.32 V                      ; 2.8e-09 V                   ; 2.37 V             ; -0.00373 V         ; 0.104 V                             ; 0.011 V                             ; 4.34e-10 s                 ; 3.82e-10 s                 ; Yes                       ; Yes                       ;
; gpio[0]       ; 2.5 V        ; 0 s                 ; 0 s                 ; 2.32 V                       ; 2.8e-09 V                    ; 2.37 V              ; -0.00373 V          ; 0.104 V                              ; 0.011 V                              ; 4.34e-10 s                  ; 3.82e-10 s                  ; Yes                        ; Yes                        ; 2.32 V                      ; 2.8e-09 V                   ; 2.37 V             ; -0.00373 V         ; 0.104 V                             ; 0.011 V                             ; 4.34e-10 s                 ; 3.82e-10 s                 ; Yes                       ; Yes                       ;
; gpio[1]       ; 2.5 V        ; 0 s                 ; 0 s                 ; 2.32 V                       ; 2.8e-09 V                    ; 2.37 V              ; -0.00373 V          ; 0.104 V                              ; 0.011 V                              ; 4.34e-10 s                  ; 3.82e-10 s                  ; Yes                        ; Yes                        ; 2.32 V                      ; 2.8e-09 V                   ; 2.37 V             ; -0.00373 V         ; 0.104 V                             ; 0.011 V                             ; 4.34e-10 s                 ; 3.82e-10 s                 ; Yes                       ; Yes                       ;
; gpio[2]       ; 2.5 V        ; 0 s                 ; 0 s                 ; 2.32 V                       ; 2.8e-09 V                    ; 2.37 V              ; -0.00373 V          ; 0.104 V                              ; 0.011 V                              ; 4.34e-10 s                  ; 3.82e-10 s                  ; Yes                        ; Yes                        ; 2.32 V                      ; 2.8e-09 V                   ; 2.37 V             ; -0.00373 V         ; 0.104 V                             ; 0.011 V                             ; 4.34e-10 s                 ; 3.82e-10 s                 ; Yes                       ; Yes                       ;
; gpio[3]       ; 2.5 V        ; 0 s                 ; 0 s                 ; 2.32 V                       ; 2.8e-09 V                    ; 2.37 V              ; -0.00373 V          ; 0.104 V                              ; 0.011 V                              ; 4.34e-10 s                  ; 3.82e-10 s                  ; Yes                        ; Yes                        ; 2.32 V                      ; 2.8e-09 V                   ; 2.37 V             ; -0.00373 V         ; 0.104 V                             ; 0.011 V                             ; 4.34e-10 s                 ; 3.82e-10 s                 ; Yes                       ; Yes                       ;
; ~ALTERA_DCLK~ ; 2.5 V        ; 0 s                 ; 0 s                 ; 2.32 V                       ; 1.74e-09 V                   ; 2.37 V              ; -0.0346 V           ; 0.198 V                              ; 0.094 V                              ; 3.14e-10 s                  ; 2.92e-10 s                  ; Yes                        ; Yes                        ; 2.32 V                      ; 1.74e-09 V                  ; 2.37 V             ; -0.0346 V          ; 0.198 V                             ; 0.094 V                             ; 3.14e-10 s                 ; 2.92e-10 s                 ; Yes                       ; Yes                       ;
; ~ALTERA_nCEO~ ; 2.5 V        ; 0 s                 ; 0 s                 ; 2.32 V                       ; 2.57e-09 V                   ; 2.37 V              ; -0.00683 V          ; 0.171 V                              ; 0.018 V                              ; 4.97e-10 s                  ; 6.66e-10 s                  ; Yes                        ; Yes                        ; 2.32 V                      ; 2.57e-09 V                  ; 2.37 V             ; -0.00683 V         ; 0.171 V                             ; 0.018 V                             ; 4.97e-10 s                 ; 6.66e-10 s                 ; Yes                       ; Yes                       ;
+---------------+--------------+---------------------+---------------------+------------------------------+------------------------------+---------------------+---------------------+--------------------------------------+--------------------------------------+-----------------------------+-----------------------------+----------------------------+----------------------------+-----------------------------+-----------------------------+--------------------+--------------------+-------------------------------------+-------------------------------------+----------------------------+----------------------------+---------------------------+---------------------------+


+--------------------------------------------------------------------------------------------------------------------------------------------------------------------------------------------------------------------------------------------------------------------------------------------------------------------------------------------------------------------------------------------------------------------------------------------------------------------------------------------------------------------------------------------------------------------------------------------------------------------------------------------------------------------------------------------+
; Signal Integrity Metrics (Slow 1200mv 85c Model)                                                                                                                                                                                                                                                                                                                                                                                                                                                                                                                                                                                                                                           ;
+---------------+--------------+---------------------+---------------------+------------------------------+------------------------------+---------------------+---------------------+--------------------------------------+--------------------------------------+-----------------------------+-----------------------------+----------------------------+----------------------------+-----------------------------+-----------------------------+--------------------+--------------------+-------------------------------------+-------------------------------------+----------------------------+----------------------------+---------------------------+---------------------------+
; Pin           ; I/O Standard ; Board Delay on Rise ; Board Delay on Fall ; Steady State Voh at FPGA Pin ; Steady State Vol at FPGA Pin ; Voh Max at FPGA Pin ; Vol Min at FPGA Pin ; Ringback Voltage on Rise at FPGA Pin ; Ringback Voltage on Fall at FPGA Pin ; 10-90 Rise Time at FPGA Pin ; 90-10 Fall Time at FPGA Pin ; Monotonic Rise at FPGA Pin ; Monotonic Fall at FPGA Pin ; Steady State Voh at Far-end ; Steady State Vol at Far-end ; Voh Max at Far-end ; Vol Min at Far-end ; Ringback Voltage on Rise at Far-end ; Ringback Voltage on Fall at Far-end ; 10-90 Rise Time at Far-end ; 90-10 Fall Time at Far-end ; Monotonic Rise at Far-end ; Monotonic Fall at Far-end ;
+---------------+--------------+---------------------+---------------------+------------------------------+------------------------------+---------------------+---------------------+--------------------------------------+--------------------------------------+-----------------------------+-----------------------------+----------------------------+----------------------------+-----------------------------+-----------------------------+--------------------+--------------------+-------------------------------------+-------------------------------------+----------------------------+----------------------------+---------------------------+---------------------------+
; uart_tx       ; 2.5 V        ; 0 s                 ; 0 s                 ; 2.32 V                       ; 2.85e-07 V                   ; 2.35 V              ; -0.0123 V           ; 0.144 V                              ; 0.042 V                              ; 4.81e-10 s                  ; 4.81e-10 s                  ; Yes                        ; Yes                        ; 2.32 V                      ; 2.85e-07 V                  ; 2.35 V             ; -0.0123 V          ; 0.144 V                             ; 0.042 V                             ; 4.81e-10 s                 ; 4.81e-10 s                 ; Yes                       ; Yes                       ;
; gpio[0]       ; 2.5 V        ; 0 s                 ; 0 s                 ; 2.32 V                       ; 2.85e-07 V                   ; 2.35 V              ; -0.0123 V           ; 0.144 V                              ; 0.042 V                              ; 4.81e-10 s                  ; 4.81e-10 s                  ; Yes                        ; Yes                        ; 2.32 V                      ; 2.85e-07 V                  ; 2.35 V             ; -0.0123 V          ; 0.144 V                             ; 0.042 V                             ; 4.81e-10 s                 ; 4.81e-10 s                 ; Yes                       ; Yes                       ;
; gpio[1]       ; 2.5 V        ; 0 s                 ; 0 s                 ; 2.32 V                       ; 2.85e-07 V                   ; 2.35 V              ; -0.0123 V           ; 0.144 V                              ; 0.042 V                              ; 4.81e-10 s                  ; 4.81e-10 s                  ; Yes                        ; Yes                        ; 2.32 V                      ; 2.85e-07 V                  ; 2.35 V             ; -0.0123 V          ; 0.144 V                             ; 0.042 V                             ; 4.81e-10 s                 ; 4.81e-10 s                 ; Yes                       ; Yes                       ;
; gpio[2]       ; 2.5 V        ; 0 s                 ; 0 s                 ; 2.32 V                       ; 2.85e-07 V                   ; 2.35 V              ; -0.0123 V           ; 0.144 V                              ; 0.042 V                              ; 4.81e-10 s                  ; 4.81e-10 s                  ; Yes                        ; Yes                        ; 2.32 V                      ; 2.85e-07 V                  ; 2.35 V             ; -0.0123 V          ; 0.144 V                             ; 0.042 V                             ; 4.81e-10 s                 ; 4.81e-10 s                 ; Yes                       ; Yes                       ;
; gpio[3]       ; 2.5 V        ; 0 s                 ; 0 s                 ; 2.32 V                       ; 2.85e-07 V                   ; 2.35 V              ; -0.0123 V           ; 0.144 V                              ; 0.042 V                              ; 4.81e-10 s                  ; 4.81e-10 s                  ; Yes                        ; Yes                        ; 2.32 V                      ; 2.85e-07 V                  ; 2.35 V             ; -0.0123 V          ; 0.144 V                             ; 0.042 V                             ; 4.81e-10 s                 ; 4.81e-10 s                 ; Yes                       ; Yes                       ;
; ~ALTERA_DCLK~ ; 2.5 V        ; 0 s                 ; 0 s                 ; 2.32 V                       ; 1.55e-07 V                   ; 2.35 V              ; -0.00221 V          ; 0.097 V                              ; 0.005 V                              ; 4.49e-10 s                  ; 3.85e-10 s                  ; Yes                        ; Yes                        ; 2.32 V                      ; 1.55e-07 V                  ; 2.35 V             ; -0.00221 V         ; 0.097 V                             ; 0.005 V                             ; 4.49e-10 s                 ; 3.85e-10 s                 ; Yes                       ; Yes                       ;
; ~ALTERA_nCEO~ ; 2.5 V        ; 0 s                 ; 0 s                 ; 2.32 V                       ; 2.54e-07 V                   ; 2.34 V              ; -0.00774 V          ; 0.109 V                              ; 0.026 V                              ; 6.58e-10 s                  ; 8.24e-10 s                  ; Yes                        ; Yes                        ; 2.32 V                      ; 2.54e-07 V                  ; 2.34 V             ; -0.00774 V         ; 0.109 V                             ; 0.026 V                             ; 6.58e-10 s                 ; 8.24e-10 s                 ; Yes                       ; Yes                       ;
+---------------+--------------+---------------------+---------------------+------------------------------+------------------------------+---------------------+---------------------+--------------------------------------+--------------------------------------+-----------------------------+-----------------------------+----------------------------+----------------------------+-----------------------------+-----------------------------+--------------------+--------------------+-------------------------------------+-------------------------------------+----------------------------+----------------------------+---------------------------+---------------------------+


+--------------------------------------------------------------------------------------------------------------------------------------------------------------------------------------------------------------------------------------------------------------------------------------------------------------------------------------------------------------------------------------------------------------------------------------------------------------------------------------------------------------------------------------------------------------------------------------------------------------------------------------------------------------------------------------------+
; Signal Integrity Metrics (Fast 1200mv 0c Model)                                                                                                                                                                                                                                                                                                                                                                                                                                                                                                                                                                                                                                            ;
+---------------+--------------+---------------------+---------------------+------------------------------+------------------------------+---------------------+---------------------+--------------------------------------+--------------------------------------+-----------------------------+-----------------------------+----------------------------+----------------------------+-----------------------------+-----------------------------+--------------------+--------------------+-------------------------------------+-------------------------------------+----------------------------+----------------------------+---------------------------+---------------------------+
; Pin           ; I/O Standard ; Board Delay on Rise ; Board Delay on Fall ; Steady State Voh at FPGA Pin ; Steady State Vol at FPGA Pin ; Voh Max at FPGA Pin ; Vol Min at FPGA Pin ; Ringback Voltage on Rise at FPGA Pin ; Ringback Voltage on Fall at FPGA Pin ; 10-90 Rise Time at FPGA Pin ; 90-10 Fall Time at FPGA Pin ; Monotonic Rise at FPGA Pin ; Monotonic Fall at FPGA Pin ; Steady State Voh at Far-end ; Steady State Vol at Far-end ; Voh Max at Far-end ; Vol Min at Far-end ; Ringback Voltage on Rise at Far-end ; Ringback Voltage on Fall at Far-end ; 10-90 Rise Time at Far-end ; 90-10 Fall Time at Far-end ; Monotonic Rise at Far-end ; Monotonic Fall at Far-end ;
+---------------+--------------+---------------------+---------------------+------------------------------+------------------------------+---------------------+---------------------+--------------------------------------+--------------------------------------+-----------------------------+-----------------------------+----------------------------+----------------------------+-----------------------------+-----------------------------+--------------------+--------------------+-------------------------------------+-------------------------------------+----------------------------+----------------------------+---------------------------+---------------------------+
; uart_tx       ; 2.5 V        ; 0 s                 ; 0 s                 ; 2.62 V                       ; 4.05e-08 V                   ; 2.72 V              ; -0.0349 V           ; 0.173 V                              ; 0.1 V                                ; 2.72e-10 s                  ; 2.69e-10 s                  ; Yes                        ; Yes                        ; 2.62 V                      ; 4.05e-08 V                  ; 2.72 V             ; -0.0349 V          ; 0.173 V                             ; 0.1 V                               ; 2.72e-10 s                 ; 2.69e-10 s                 ; Yes                       ; Yes                       ;
; gpio[0]       ; 2.5 V        ; 0 s                 ; 0 s                 ; 2.62 V                       ; 4.05e-08 V                   ; 2.72 V              ; -0.0349 V           ; 0.173 V                              ; 0.1 V                                ; 2.72e-10 s                  ; 2.69e-10 s                  ; Yes                        ; Yes                        ; 2.62 V                      ; 4.05e-08 V                  ; 2.72 V             ; -0.0349 V          ; 0.173 V                             ; 0.1 V                               ; 2.72e-10 s                 ; 2.69e-10 s                 ; Yes                       ; Yes                       ;
; gpio[1]       ; 2.5 V        ; 0 s                 ; 0 s                 ; 2.62 V                       ; 4.05e-08 V                   ; 2.72 V              ; -0.0349 V           ; 0.173 V                              ; 0.1 V                                ; 2.72e-10 s                  ; 2.69e-10 s                  ; Yes                        ; Yes                        ; 2.62 V                      ; 4.05e-08 V                  ; 2.72 V             ; -0.0349 V          ; 0.173 V                             ; 0.1 V                               ; 2.72e-10 s                 ; 2.69e-10 s                 ; Yes                       ; Yes                       ;
; gpio[2]       ; 2.5 V        ; 0 s                 ; 0 s                 ; 2.62 V                       ; 4.05e-08 V                   ; 2.72 V              ; -0.0349 V           ; 0.173 V                              ; 0.1 V                                ; 2.72e-10 s                  ; 2.69e-10 s                  ; Yes                        ; Yes                        ; 2.62 V                      ; 4.05e-08 V                  ; 2.72 V             ; -0.0349 V          ; 0.173 V                             ; 0.1 V                               ; 2.72e-10 s                 ; 2.69e-10 s                 ; Yes                       ; Yes                       ;
; gpio[3]       ; 2.5 V        ; 0 s                 ; 0 s                 ; 2.62 V                       ; 4.05e-08 V                   ; 2.72 V              ; -0.0349 V           ; 0.173 V                              ; 0.1 V                                ; 2.72e-10 s                  ; 2.69e-10 s                  ; Yes                        ; Yes                        ; 2.62 V                      ; 4.05e-08 V                  ; 2.72 V             ; -0.0349 V          ; 0.173 V                             ; 0.1 V                               ; 2.72e-10 s                 ; 2.69e-10 s                 ; Yes                       ; Yes                       ;
; ~ALTERA_DCLK~ ; 2.5 V        ; 0 s                 ; 0 s                 ; 2.62 V                       ; 2.22e-08 V                   ; 2.74 V              ; -0.06 V             ; 0.158 V                              ; 0.08 V                               ; 2.68e-10 s                  ; 2.19e-10 s                  ; Yes                        ; Yes                        ; 2.62 V                      ; 2.22e-08 V                  ; 2.74 V             ; -0.06 V            ; 0.158 V                             ; 0.08 V                              ; 2.68e-10 s                 ; 2.19e-10 s                 ; Yes                       ; Yes                       ;
; ~ALTERA_nCEO~ ; 2.5 V        ; 0 s                 ; 0 s                 ; 2.62 V                       ; 3.54e-08 V                   ; 2.7 V               ; -0.00943 V          ; 0.276 V                              ; 0.035 V                              ; 3.19e-10 s                  ; 4.99e-10 s                  ; No                         ; Yes                        ; 2.62 V                      ; 3.54e-08 V                  ; 2.7 V              ; -0.00943 V         ; 0.276 V                             ; 0.035 V                             ; 3.19e-10 s                 ; 4.99e-10 s                 ; No                        ; Yes                       ;
+---------------+--------------+---------------------+---------------------+------------------------------+------------------------------+---------------------+---------------------+--------------------------------------+--------------------------------------+-----------------------------+-----------------------------+----------------------------+----------------------------+-----------------------------+-----------------------------+--------------------+--------------------+-------------------------------------+-------------------------------------+----------------------------+----------------------------+---------------------------+---------------------------+


+-------------------------------------------------------------------+
; Setup Transfers                                                   ;
+------------+----------+----------+----------+----------+----------+
; From Clock ; To Clock ; RR Paths ; FR Paths ; RF Paths ; FF Paths ;
+------------+----------+----------+----------+----------+----------+
; clk        ; clk      ; 1132141  ; 0        ; 0        ; 0        ;
+------------+----------+----------+----------+----------+----------+
Entries labeled "false path" only account for clock-to-clock false paths and not path-based false paths. As a result, actual path counts may be lower than reported.


+-------------------------------------------------------------------+
; Hold Transfers                                                    ;
+------------+----------+----------+----------+----------+----------+
; From Clock ; To Clock ; RR Paths ; FR Paths ; RF Paths ; FF Paths ;
+------------+----------+----------+----------+----------+----------+
; clk        ; clk      ; 1132141  ; 0        ; 0        ; 0        ;
+------------+----------+----------+----------+----------+----------+
Entries labeled "false path" only account for clock-to-clock false paths and not path-based false paths. As a result, actual path counts may be lower than reported.


+-------------------------------------------------------------------+
; Recovery Transfers                                                ;
+------------+----------+----------+----------+----------+----------+
; From Clock ; To Clock ; RR Paths ; FR Paths ; RF Paths ; FF Paths ;
+------------+----------+----------+----------+----------+----------+
; clk        ; clk      ; 1943     ; 0        ; 0        ; 0        ;
+------------+----------+----------+----------+----------+----------+
Entries labeled "false path" only account for clock-to-clock false paths and not path-based false paths. As a result, actual path counts may be lower than reported.


+-------------------------------------------------------------------+
; Removal Transfers                                                 ;
+------------+----------+----------+----------+----------+----------+
; From Clock ; To Clock ; RR Paths ; FR Paths ; RF Paths ; FF Paths ;
+------------+----------+----------+----------+----------+----------+
; clk        ; clk      ; 1943     ; 0        ; 0        ; 0        ;
+------------+----------+----------+----------+----------+----------+
Entries labeled "false path" only account for clock-to-clock false paths and not path-based false paths. As a result, actual path counts may be lower than reported.


---------------
; Report TCCS ;
---------------
No dedicated SERDES Transmitter circuitry present in device or used in design


---------------
; Report RSKM ;
---------------
No non-DPA dedicated SERDES Receiver circuitry present in device or used in design


+------------------------------------------------+
; Unconstrained Paths Summary                    ;
+---------------------------------+-------+------+
; Property                        ; Setup ; Hold ;
+---------------------------------+-------+------+
; Illegal Clocks                  ; 0     ; 0    ;
; Unconstrained Clocks            ; 0     ; 0    ;
; Unconstrained Input Ports       ; 2     ; 2    ;
; Unconstrained Input Port Paths  ; 22    ; 22   ;
; Unconstrained Output Ports      ; 5     ; 5    ;
; Unconstrained Output Port Paths ; 5     ; 5    ;
+---------------------------------+-------+------+


+-------------------------------------+
; Clock Status Summary                ;
+--------+-------+------+-------------+
; Target ; Clock ; Type ; Status      ;
+--------+-------+------+-------------+
; clk    ; clk   ; Base ; Constrained ;
+--------+-------+------+-------------+


+---------------------------------------------------------------------------------------------------+
; Unconstrained Input Ports                                                                         ;
+------------+--------------------------------------------------------------------------------------+
; Input Port ; Comment                                                                              ;
+------------+--------------------------------------------------------------------------------------+
; rst_n      ; No input delay, min/max delays, false-path exceptions, or max skew assignments found ;
; uart_rx    ; No input delay, min/max delays, false-path exceptions, or max skew assignments found ;
+------------+--------------------------------------------------------------------------------------+


+-----------------------------------------------------------------------------------------------------+
; Unconstrained Output Ports                                                                          ;
+-------------+---------------------------------------------------------------------------------------+
; Output Port ; Comment                                                                               ;
+-------------+---------------------------------------------------------------------------------------+
; gpio[0]     ; No output delay, min/max delays, false-path exceptions, or max skew assignments found ;
; gpio[1]     ; No output delay, min/max delays, false-path exceptions, or max skew assignments found ;
; gpio[2]     ; No output delay, min/max delays, false-path exceptions, or max skew assignments found ;
; gpio[3]     ; No output delay, min/max delays, false-path exceptions, or max skew assignments found ;
; uart_tx     ; No output delay, min/max delays, false-path exceptions, or max skew assignments found ;
+-------------+---------------------------------------------------------------------------------------+


+---------------------------------------------------------------------------------------------------+
; Unconstrained Input Ports                                                                         ;
+------------+--------------------------------------------------------------------------------------+
; Input Port ; Comment                                                                              ;
+------------+--------------------------------------------------------------------------------------+
; rst_n      ; No input delay, min/max delays, false-path exceptions, or max skew assignments found ;
; uart_rx    ; No input delay, min/max delays, false-path exceptions, or max skew assignments found ;
+------------+--------------------------------------------------------------------------------------+


+-----------------------------------------------------------------------------------------------------+
; Unconstrained Output Ports                                                                          ;
+-------------+---------------------------------------------------------------------------------------+
; Output Port ; Comment                                                                               ;
+-------------+---------------------------------------------------------------------------------------+
; gpio[0]     ; No output delay, min/max delays, false-path exceptions, or max skew assignments found ;
; gpio[1]     ; No output delay, min/max delays, false-path exceptions, or max skew assignments found ;
; gpio[2]     ; No output delay, min/max delays, false-path exceptions, or max skew assignments found ;
; gpio[3]     ; No output delay, min/max delays, false-path exceptions, or max skew assignments found ;
; uart_tx     ; No output delay, min/max delays, false-path exceptions, or max skew assignments found ;
+-------------+---------------------------------------------------------------------------------------+


+--------------------------+
; Timing Analyzer Messages ;
+--------------------------+
Info: *******************************************************************
Info: Running Quartus Prime Timing Analyzer
    Info: Version 25.1std.0 Build 1129 10/21/2025 SC Lite Edition
    Info: Processing started: Sun Sep  6 22:21:20 2026
Info: Command: quartus_sta yscore -c yscore
Info: qsta_default_script.tcl version: #1
Warning (18236): Number of processors has not been specified which may cause overloading on shared machines.  Set the global assignment NUM_PARALLEL_PROCESSORS in your QSF to an appropriate value for best performance.
Info (20030): Parallel compilation is enabled and will use 16 of the 20 processors detected
Info (21077): Low junction temperature is 0 degrees C
Info (21077): High junction temperature is 85 degrees C
Info (332104): Reading SDC File: 'src/time.sdc'
Critical Warning (332168): The following clock transfers have no clock uncertainty assignment. For more accurate results, apply clock uncertainty assignments or use the derive_clock_uncertainty command.
    Critical Warning (332169): From clk (Rise) to clk (Rise) (setup and hold)
Info: Found TIMING_ANALYZER_REPORT_SCRIPT_INCLUDE_DEFAULT_ANALYSIS = ON
Info: Analyzing Slow 1200mV 85C Model
Info (332146): Worst-case setup slack is 1.340
    Info (332119):     Slack       End Point TNS Clock 
    Info (332119): ========= =================== =====================
    Info (332119):     1.340               0.000 clk 
Info (332146): Worst-case hold slack is 0.451
    Info (332119):     Slack       End Point TNS Clock 
    Info (332119): ========= =================== =====================
    Info (332119):     0.451               0.000 clk 
Info (332146): Worst-case recovery slack is 16.243
    Info (332119):     Slack       End Point TNS Clock 
    Info (332119): ========= =================== =====================
    Info (332119):    16.243               0.000 clk 
Info (332146): Worst-case removal slack is 3.152
    Info (332119):     Slack       End Point TNS Clock 
    Info (332119): ========= =================== =====================
    Info (332119):     3.152               0.000 clk 
Info (332146): Worst-case minimum pulse width slack is 9.657
    Info (332119):     Slack       End Point TNS Clock 
    Info (332119): ========= =================== =====================
    Info (332119):     9.657               0.000 clk 
Info: Analyzing Slow 1200mV 0C Model
Info (334003): Started post-fitting delay annotation
Info (334004): Delay annotation completed successfully
Critical Warning (332168): The following clock transfers have no clock uncertainty assignment. For more accurate results, apply clock uncertainty assignments or use the derive_clock_uncertainty command.
    Critical Warning (332169): From clk (Rise) to clk (Rise) (setup and hold)
Info (332146): Worst-case setup slack is 2.301
    Info (332119):     Slack       End Point TNS Clock 
    Info (332119): ========= =================== =====================
    Info (332119):     2.301               0.000 clk 
Info (332146): Worst-case hold slack is 0.400
    Info (332119):     Slack       End Point TNS Clock 
    Info (332119): ========= =================== =====================
    Info (332119):     0.400               0.000 clk 
Info (332146): Worst-case recovery slack is 16.543
    Info (332119):     Slack       End Point TNS Clock 
    Info (332119): ========= =================== =====================
    Info (332119):    16.543               0.000 clk 
Info (332146): Worst-case removal slack is 2.826
    Info (332119):     Slack       End Point TNS Clock 
    Info (332119): ========= =================== =====================
    Info (332119):     2.826               0.000 clk 
Info (332146): Worst-case minimum pulse width slack is 9.665
    Info (332119):     Slack       End Point TNS Clock 
    Info (332119): ========= =================== =====================
    Info (332119):     9.665               0.000 clk 
Info: Analyzing Fast 1200mV 0C Model
Critical Warning (332168): The following clock transfers have no clock uncertainty assignment. For more accurate results, apply clock uncertainty assignments or use the derive_clock_uncertainty command.
    Critical Warning (332169): From clk (Rise) to clk (Rise) (setup and hold)
Info (332146): Worst-case setup slack is 11.922
    Info (332119):     Slack       End Point TNS Clock 
    Info (332119): ========= =================== =====================
    Info (332119):    11.922               0.000 clk 
Info (332146): Worst-case hold slack is 0.159
    Info (332119):     Slack       End Point TNS Clock 
    Info (332119): ========= =================== =====================
    Info (332119):     0.159               0.000 clk 
Info (332146): Worst-case recovery slack is 18.248
    Info (332119):     Slack       End Point TNS Clock 
    Info (332119): ========= =================== =====================
    Info (332119):    18.248               0.000 clk 
Info (332146): Worst-case removal slack is 1.383
    Info (332119):     Slack       End Point TNS Clock 
    Info (332119): ========= =================== =====================
    Info (332119):     1.383               0.000 clk 
Info (332146): Worst-case minimum pulse width slack is 9.370
    Info (332119):     Slack       End Point TNS Clock 
    Info (332119): ========= =================== =====================
    Info (332119):     9.370               0.000 clk 
Info (332102): Design is not fully constrained for setup requirements
Info (332102): Design is not fully constrained for hold requirements
Info: Quartus Prime Timing Analyzer was successful. 0 errors, 7 warnings
    Info: Peak virtual memory: 5014 megabytes
    Info: Processing ended: Sun Sep  6 22:21:23 2026
    Info: Elapsed time: 00:00:03
    Info: Total CPU time (on all processors): 00:00:04


